# cloud surface generated by gen_cloud.py
mtllib cloudSea.mtl
o CloudSurface
v -1.000000 -1.000000 0.117094
v -0.958333 -1.000000 0.087722
v -0.916667 -1.000000 0.062423
v -0.875000 -1.000000 0.052258
v -0.833333 -1.000000 0.064527
v -0.791667 -1.000000 0.100708
v -0.750000 -1.000000 0.155176
v -0.708333 -1.000000 0.215206
v -0.666667 -1.000000 0.263197
v -0.625000 -1.000000 0.280957
v -0.583333 -1.000000 0.254745
v -0.541667 -1.000000 0.179681
v -0.500000 -1.000000 0.062594
v -0.458333 -1.000000 -0.076947
v -0.416667 -1.000000 -0.207280
v -0.375000 -1.000000 -0.291335
v -0.333333 -1.000000 -0.315918
v -0.291667 -1.000000 -0.313402
v -0.250000 -1.000000 -0.314704
v -0.208333 -1.000000 -0.313480
v -0.166667 -1.000000 -0.279228
v -0.125000 -1.000000 -0.201584
v -0.083333 -1.000000 -0.105360
v -0.041667 -1.000000 -0.021641
v 0.000000 -1.000000 0.028916
v 0.041667 -1.000000 0.038422
v 0.083333 -1.000000 0.010353
v 0.125000 -1.000000 -0.043437
v 0.166667 -1.000000 -0.106996
v 0.208333 -1.000000 -0.165249
v 0.250000 -1.000000 -0.208470
v 0.291667 -1.000000 -0.234112
v 0.333333 -1.000000 -0.244749
v 0.375000 -1.000000 -0.244518
v 0.416667 -1.000000 -0.237288
v 0.458333 -1.000000 -0.226306
v 0.500000 -1.000000 -0.213668
v 0.541667 -1.000000 -0.199554
v 0.583333 -1.000000 -0.182048
v 0.625000 -1.000000 -0.157864
v 0.666667 -1.000000 -0.123762
v 0.708333 -1.000000 -0.078343
v 0.750000 -1.000000 -0.023646
v 0.791667 -1.000000 0.034357
v 0.833333 -1.000000 0.086951
v 0.875000 -1.000000 0.125198
v 0.916667 -1.000000 0.142852
v 0.958333 -1.000000 0.138632
v 1.000000 -1.000000 0.117094
v -1.000000 -0.958333 0.086287
v -0.958333 -0.958333 0.063761
v -0.916667 -0.958333 0.048325
v -0.875000 -0.958333 0.048984
v -0.833333 -0.958333 0.070674
v -0.791667 -0.958333 0.112427
v -0.750000 -0.958333 0.166414
v -0.708333 -0.958333 0.218624
v -0.666667 -0.958333 0.251756
v -0.625000 -0.958333 0.249713
v -0.583333 -0.958333 0.202393
v -0.541667 -0.958333 0.109556
v -0.500000 -0.958333 -0.016888
v -0.458333 -0.958333 -0.152188
v -0.416667 -0.958333 -0.260563
v -0.375000 -0.958333 -0.311053
v -0.333333 -0.958333 -0.314694
v -0.291667 -0.958333 -0.311550
v -0.250000 -0.958333 -0.315952
v -0.208333 -0.958333 -0.304883
v -0.166667 -0.958333 -0.248920
v -0.125000 -0.958333 -0.155818
v -0.083333 -0.958333 -0.058662
v -0.041667 -0.958333 0.013761
v 0.000000 -0.958333 0.045564
v 0.041667 -0.958333 0.033873
v 0.083333 -0.958333 -0.013186
v 0.125000 -0.958333 -0.080053
v 0.166667 -0.958333 -0.148670
v 0.208333 -0.958333 -0.204212
v 0.250000 -0.958333 -0.239711
v 0.291667 -0.958333 -0.256184
v 0.333333 -0.958333 -0.258042
v 0.375000 -0.958333 -0.249346
v 0.416667 -0.958333 -0.233720
v 0.458333 -0.958333 -0.214928
v 0.500000 -0.958333 -0.195951
v 0.541667 -0.958333 -0.177622
v 0.583333 -0.958333 -0.158302
v 0.625000 -0.958333 -0.134791
v 0.666667 -0.958333 -0.103957
v 0.708333 -0.958333 -0.064478
v 0.750000 -0.958333 -0.018176
v 0.791667 -0.958333 0.029725
v 0.833333 -0.958333 0.071793
v 0.875000 -0.958333 0.100712
v 0.916667 -0.958333 0.111892
v 0.958333 -0.958333 0.105365
v 1.000000 -0.958333 0.086287
v -1.000000 -0.916667 0.065059
v -0.958333 -0.916667 0.056963
v -0.916667 -0.916667 0.056583
v -0.875000 -0.916667 0.070807
v -0.833333 -0.916667 0.102286
v -0.791667 -0.916667 0.147770
v -0.750000 -0.916667 0.197662
v -0.708333 -0.916667 0.237457
v -0.666667 -0.916667 0.251125
v -0.625000 -0.916667 0.225584
v -0.583333 -0.916667 0.155076
v -0.541667 -0.916667 0.044475
v -0.500000 -0.916667 -0.088875
v -0.458333 -0.916667 -0.214730
v -0.416667 -0.916667 -0.295450
v -0.375000 -0.916667 -0.316179
v -0.333333 -0.916667 -0.310298
v -0.291667 -0.916667 -0.311654
v -0.250000 -0.916667 -0.315699
v -0.208333 -0.916667 -0.287800
v -0.166667 -0.916667 -0.209926
v -0.125000 -0.916667 -0.106845
v -0.083333 -0.916667 -0.014135
v -0.041667 -0.916667 0.043323
v 0.000000 -0.916667 0.054576
v 0.041667 -0.916667 0.021668
v 0.083333 -0.916667 -0.042882
v 0.125000 -0.916667 -0.120223
v 0.166667 -0.916667 -0.190867
v 0.208333 -0.916667 -0.241397
v 0.250000 -0.916667 -0.268972
v 0.291667 -0.916667 -0.278522
v 0.333333 -0.916667 -0.275531
v 0.375000 -0.916667 -0.263335
v 0.416667 -0.916667 -0.245163
v 0.458333 -0.916667 -0.225153
v 0.500000 -0.916667 -0.206730
v 0.541667 -0.916667 -0.190788
v 0.583333 -0.916667 -0.175420
v 0.625000 -0.916667 -0.157042
v 0.666667 -0.916667 -0.132117
v 0.708333 -0.916667 -0.098819
v 0.750000 -0.916667 -0.058286
v 0.791667 -0.916667 -0.014896
v 0.833333 -0.916667 0.024842
v 0.875000 -0.916667 0.054500
v 0.916667 -0.916667 0.070164
v 0.958333 -0.916667 0.072105
v 1.000000 -0.916667 0.065059
v -1.000000 -0.875000 0.038715
v -0.958333 -0.875000 0.052149
v -0.916667 -0.875000 0.072344
v -0.875000 -0.875000 0.103864
v -0.833333 -0.875000 0.146973
v -0.791667 -0.875000 0.196280
v -0.750000 -0.875000 0.240915
v -0.708333 -0.875000 0.266618
v -0.666667 -0.875000 0.259379
v -0.625000 -0.875000 0.209725
v -0.583333 -0.875000 0.116616
v -0.541667 -0.875000 -0.009795
v -0.500000 -0.875000 -0.146625
v -0.458333 -0.875000 -0.258589
v -0.416667 -0.875000 -0.311569
v -0.375000 -0.875000 -0.313356
v -0.333333 -0.875000 -0.307519
v -0.291667 -0.875000 -0.313878
v -0.250000 -0.875000 -0.310907
v -0.208333 -0.875000 -0.261189
v -0.166667 -0.875000 -0.165107
v -0.125000 -0.875000 -0.058185
v -0.083333 -0.875000 0.025720
v -0.041667 -0.875000 0.066321
v 0.000000 -0.875000 0.057523
v 0.041667 -0.875000 0.005948
v 0.083333 -0.875000 -0.072087
v 0.125000 -0.875000 -0.155290
v 0.166667 -0.875000 -0.223921
v 0.208333 -0.875000 -0.267435
v 0.250000 -0.875000 -0.287816
v 0.291667 -0.875000 -0.293011
v 0.333333 -0.875000 -0.288602
v 0.375000 -0.875000 -0.277336
v 0.416667 -0.875000 -0.262486
v 0.458333 -0.875000 -0.248370
v 0.500000 -0.875000 -0.238081
v 0.541667 -0.875000 -0.231708
v 0.583333 -0.875000 -0.226522
v 0.625000 -0.875000 -0.218388
v 0.666667 -0.875000 -0.203293
v 0.708333 -0.875000 -0.178571
v 0.750000 -0.875000 -0.144042
v 0.791667 -0.875000 -0.102725
v 0.833333 -0.875000 -0.060202
v 0.875000 -0.875000 -0.022543
v 0.916667 -0.875000 0.006151
v 0.958333 -0.875000 0.025425
v 1.000000 -0.875000 0.038715
v -1.000000 -0.833333 -0.005153
v -0.958333 -0.833333 0.034683
v -0.916667 -0.833333 0.079789
v -0.875000 -0.833333 0.132062
v -0.833333 -0.833333 0.189212
v -0.791667 -0.833333 0.243853
v -0.750000 -0.833333 0.284296
v -0.708333 -0.833333 0.297067
v -0.666667 -0.833333 0.270622
v -0.625000 -0.833333 0.199330
v -0.583333 -0.833333 0.086847
v -0.541667 -0.833333 -0.051637
v -0.500000 -0.833333 -0.188175
v -0.458333 -0.833333 -0.284396
v -0.416667 -0.833333 -0.315909
v -0.375000 -0.833333 -0.310082
v -0.333333 -0.833333 -0.308592
v -0.291667 -0.833333 -0.316049
v -0.250000 -0.833333 -0.298854
v -0.208333 -0.833333 -0.227437
v -0.166667 -0.833333 -0.120051
v -0.125000 -0.833333 -0.015530
v -0.083333 -0.833333 0.056223
v -0.041667 -0.833333 0.079717
v 0.000000 -0.833333 0.053475
v 0.041667 -0.833333 -0.011900
v 0.083333 -0.833333 -0.097305
v 0.125000 -0.833333 -0.180479
v 0.166667 -0.833333 -0.243309
v 0.208333 -0.833333 -0.279377
v 0.250000 -0.833333 -0.294417
v 0.291667 -0.833333 -0.297165
v 0.333333 -0.833333 -0.292779
v 0.375000 -0.833333 -0.284509
v 0.416667 -0.833333 -0.276474
v 0.458333 -0.833333 -0.272739
v 0.500000 -0.833333 -0.274813
v 0.541667 -0.833333 -0.280824
v 0.583333 -0.833333 -0.287013
v 0.625000 -0.833333 -0.289903
v 0.666667 -0.833333 -0.286963
v 0.708333 -0.833333 -0.275655
v 0.750000 -0.833333 -0.253301
v 0.791667 -0.833333 -0.219135
v 0.833333 -0.833333 -0.176090
v 0.875000 -0.833333 -0.129647
v 0.916667 -0.833333 -0.084813
v 0.958333 -0.833333 -0.043748
v 1.000000 -0.833333 -0.005153
v -1.000000 -0.791667 -0.072942
v -0.958333 -0.791667 -0.006017
v -0.916667 -0.791667 0.065567
v -0.875000 -0.791667 0.140492
v -0.833333 -0.791667 0.213686
v -0.791667 -0.791667 0.275882
v -0.750000 -0.791667 0.314869
v -0.708333 -0.791667 0.318243
v -0.666667 -0.791667 0.277035
v -0.625000 -0.791667 0.189314
v -0.583333 -0.791667 0.063008
v -0.541667 -0.791667 -0.082378
v -0.500000 -0.791667 -0.215134
v -0.458333 -0.791667 -0.297052
v -0.416667 -0.791667 -0.316120
v -0.375000 -0.791667 -0.310048
v -0.333333 -0.791667 -0.312375
v -0.291667 -0.791667 -0.314843
v -0.250000 -0.791667 -0.279827
v -0.208333 -0.791667 -0.192694
v -0.166667 -0.791667 -0.082684
v -0.125000 -0.791667 0.013360
v -0.083333 -0.791667 0.070438
v -0.041667 -0.791667 0.077875
v 0.000000 -0.791667 0.038457
v 0.041667 -0.791667 -0.034050
v 0.083333 -0.791667 -0.119155
v 0.125000 -0.791667 -0.195699
v 0.166667 -0.791667 -0.249382
v 0.208333 -0.791667 -0.278174
v 0.250000 -0.791667 -0.289097
v 0.291667 -0.791667 -0.289736
v 0.333333 -0.791667 -0.285355
v 0.375000 -0.791667 -0.280995
v 0.416667 -0.791667 -0.281670
v 0.458333 -0.791667 -0.289594
v 0.500000 -0.791667 -0.301992
v 0.541667 -0.791667 -0.312473
v 0.583333 -0.791667 -0.316181
v 0.625000 -0.791667 -0.314354
v 0.666667 -0.791667 -0.312524
v 0.708333 -0.791667 -0.314148
v 0.750000 -0.791667 -0.316171
v 0.791667 -0.791667 -0.309853
v 0.833333 -0.791667 -0.287100
v 0.875000 -0.791667 -0.246977
v 0.916667 -0.791667 -0.194694
v 0.958333 -0.791667 -0.135814
v 1.000000 -0.791667 -0.072942
v -1.000000 -0.750000 -0.161501
v -0.958333 -0.750000 -0.073404
v -0.916667 -0.750000 0.021991
v -0.875000 -0.750000 0.118823
v -0.833333 -0.750000 0.208758
v -0.791667 -0.750000 0.280612
v -0.750000 -0.750000 0.321748
v -0.708333 -0.750000 0.320847
v -0.666667 -0.750000 0.271309
v -0.625000 -0.750000 0.174420
v -0.583333 -0.750000 0.041597
v -0.541667 -0.750000 -0.104529
v -0.500000 -0.750000 -0.230532
v -0.458333 -0.750000 -0.301631
v -0.416667 -0.750000 -0.316121
v -0.375000 -0.750000 -0.312875
v -0.333333 -0.750000 -0.315707
v -0.291667 -0.750000 -0.308285
v -0.250000 -0.750000 -0.258050
v -0.208333 -0.750000 -0.165118
v -0.166667 -0.750000 -0.061755
v -0.125000 -0.750000 0.019947
v -0.083333 -0.750000 0.060333
v -0.041667 -0.750000 0.053535
v 0.000000 -0.750000 0.006184
v 0.041667 -0.750000 -0.065760
v 0.083333 -0.750000 -0.142069
v 0.125000 -0.750000 -0.204898
v 0.166667 -0.750000 -0.245256
v 0.208333 -0.750000 -0.264493
v 0.250000 -0.750000 -0.268979
v 0.291667 -0.750000 -0.265353
v 0.333333 -0.750000 -0.260661
v 0.375000 -0.750000 -0.262437
v 0.416667 -0.750000 -0.275356
v 0.458333 -0.750000 -0.296627
v 0.500000 -0.750000 -0.314007
v 0.541667 -0.750000 -0.312092
v 0.583333 -0.750000 -0.287710
v 0.625000 -0.750000 -0.254724
v 0.666667 -0.750000 -0.230900
v 0.708333 -0.750000 -0.227163
v 0.750000 -0.750000 -0.244927
v 0.791667 -0.750000 -0.276516
v 0.833333 -0.750000 -0.306459
v 0.875000 -0.750000 -0.315527
v 0.916667 -0.750000 -0.291427
v 0.958333 -0.750000 -0.236812
v 1.000000 -0.750000 -0.161501
v -1.000000 -0.708333 -0.253650
v -0.958333 -0.708333 -0.161425
v -0.916667 -0.708333 -0.050898
v -0.875000 -0.708333 0.063557
v -0.833333 -0.708333 0.168908
v -0.791667 -0.708333 0.251647
v -0.750000 -0.708333 0.298564
v -0.708333 -0.708333 0.299182
v -0.666667 -0.708333 0.248797
v -0.625000 -0.708333 0.151156
v -0.583333 -0.708333 0.020084
v -0.541667 -0.708333 -0.120192
v -0.500000 -0.708333 -0.236935
v -0.458333 -0.708333 -0.300894
v -0.416667 -0.708333 -0.315999
v -0.375000 -0.708333 -0.315799
v -0.333333 -0.708333 -0.315459
v -0.291667 -0.708333 -0.297209
v -0.250000 -0.708333 -0.239560
v -0.208333 -0.708333 -0.152092
v -0.166667 -0.708333 -0.064511
v -0.125000 -0.708333 -0.002802
v -0.083333 -0.708333 0.019090
v -0.041667 -0.708333 0.000121
v 0.000000 -0.708333 -0.049704
v 0.041667 -0.708333 -0.113339
v 0.083333 -0.708333 -0.172626
v 0.125000 -0.708333 -0.214857
v 0.166667 -0.708333 -0.236332
v 0.208333 -0.708333 -0.239992
v 0.250000 -0.708333 -0.231477
v 0.291667 -0.708333 -0.218890
v 0.333333 -0.708333 -0.213034
v 0.375000 -0.708333 -0.223942
v 0.416667 -0.708333 -0.254721
v 0.458333 -0.708333 -0.294834
v 0.500000 -0.708333 -0.316183
v 0.541667 -0.708333 -0.290129
v 0.583333 -0.708333 -0.224048
v 0.625000 -0.708333 -0.150315
v 0.666667 -0.708333 -0.095354
v 0.708333 -0.708333 -0.073027
v 0.750000 -0.708333 -0.086645
v 0.791667 -0.708333 -0.131325
v 0.833333 -0.708333 -0.195857
v 0.875000 -0.708333 -0.263258
v 0.916667 -0.708333 -0.309578
v 0.958333 -0.708333 -0.308643
v 1.000000 -0.708333 -0.253650
v -1.000000 -0.666667 -0.312215
v -0.958333 -0.666667 -0.251755
v -0.916667 -0.666667 -0.144298
v -0.875000 -0.666667 -0.021221
v -0.833333 -0.666667 0.095609
v -0.791667 -0.666667 0.189010
v -0.750000 -0.666667 0.244653
v -0.708333 -0.666667 0.252407
v -0.666667 -0.666667 0.208772
v -0.625000 -0.666667 0.118985
v -0.583333 -0.666667 -0.001999
v -0.541667 -0.666667 -0.130081
v -0.500000 -0.666667 -0.235436
v -0.458333 -0.666667 -0.294903
v -0.416667 -0.666667 -0.313236
v -0.375000 -0.666667 -0.315125
v -0.333333 -0.666667 -0.309716
v -0.291667 -0.666667 -0.284104
v -0.250000 -0.666667 -0.228973
v -0.208333 -0.666667 -0.157604
v -0.166667 -0.666667 -0.094126
v -0.125000 -0.666667 -0.057534
v -0.083333 -0.666667 -0.055627
v -0.041667 -0.666667 -0.084585
v 0.000000 -0.666667 -0.131614
v 0.041667 -0.666667 -0.180078
v 0.083333 -0.666667 -0.216106
v 0.125000 -0.666667 -0.233164
v 0.166667 -0.666667 -0.230906
v 0.208333 -0.666667 -0.211926
v 0.250000 -0.666667 -0.182728
v 0.291667 -0.666667 -0.155749
v 0.333333 -0.666667 -0.146527
v 0.375000 -0.666667 -0.167178
v 0.416667 -0.666667 -0.219196
v 0.458333 -0.666667 -0.284664
v 0.500000 -0.666667 -0.315960
v 0.541667 -0.666667 -0.266261
v 0.583333 -0.666667 -0.160080
v 0.625000 -0.666667 -0.048485
v 0.666667 -0.666667 0.036791
v 0.708333 -0.666667 0.080690
v 0.750000 -0.666667 0.079388
v 0.791667 -0.666667 0.037007
v 0.833333 -0.666667 -0.037079
v 0.875000 -0.666667 -0.130135
v 0.916667 -0.666667 -0.225660
v 0.958333 -0.666667 -0.298448
v 1.000000 -0.666667 -0.312215
v -1.000000 -0.625000 -0.297042
v -0.958333 -0.625000 -0.310453
v -0.916667 -0.625000 -0.239405
v -0.875000 -0.625000 -0.124062
v -0.833333 -0.625000 -0.003165
v -0.791667 -0.625000 0.098738
v -0.750000 -0.625000 0.164821
v -0.708333 -0.625000 0.184459
v -0.666667 -0.625000 0.154459
v -0.625000 -0.625000 0.080438
v -0.583333 -0.625000 -0.022911
v -0.541667 -0.625000 -0.133302
v -0.500000 -0.625000 -0.225373
v -0.458333 -0.625000 -0.281295
v -0.416667 -0.625000 -0.303362
v -0.375000 -0.625000 -0.306634
v -0.333333 -0.625000 -0.297297
v -0.291667 -0.625000 -0.270690
v -0.250000 -0.625000 -0.227366
v -0.208333 -0.625000 -0.180542
v -0.166667 -0.625000 -0.147438
v -0.125000 -0.625000 -0.139306
v -0.083333 -0.625000 -0.157189
v -0.041667 -0.625000 -0.192346
v 0.000000 -0.625000 -0.230403
v 0.041667 -0.625000 -0.258350
v 0.083333 -0.625000 -0.270033
v 0.125000 -0.625000 -0.264041
v 0.166667 -0.625000 -0.238358
v 0.208333 -0.625000 -0.193227
v 0.250000 -0.625000 -0.138546
v 0.291667 -0.625000 -0.093265
v 0.333333 -0.625000 -0.077627
v 0.375000 -0.625000 -0.105222
v 0.416667 -0.625000 -0.176287
v 0.458333 -0.625000 -0.268096
v 0.500000 -0.625000 -0.316093
v 0.541667 -0.625000 -0.250733
v 0.583333 -0.625000 -0.113259
v 0.625000 -0.625000 0.028303
v 0.666667 -0.625000 0.138586
v 0.708333 -0.625000 0.202042
v 0.750000 -0.625000 0.214892
v 0.791667 -0.625000 0.181215
v 0.833333 -0.625000 0.109822
v 0.875000 -0.625000 0.011725
v 0.916667 -0.625000 -0.100944
v 0.958333 -0.625000 -0.212807
v 1.000000 -0.625000 -0.297042
v -1.000000 -0.583333 -0.221078
v -0.958333 -0.583333 -0.302971
v -0.916667 -0.583333 -0.305274
v -0.875000 -0.583333 -0.225972
v -0.833333 -0.583333 -0.114060
v -0.791667 -0.583333 -0.008554
v -0.750000 -0.583333 0.067934
v -0.708333 -0.583333 0.102762
v -0.666667 -0.583333 0.091898
v -0.625000 -0.583333 0.040126
v -0.583333 -0.583333 -0.039478
v -0.541667 -0.583333 -0.127809
v -0.500000 -0.583333 -0.204516
v -0.458333 -0.583333 -0.255711
v -0.416667 -0.583333 -0.280250
v -0.375000 -0.583333 -0.285336
v -0.333333 -0.583333 -0.276394
v -0.291667 -0.583333 -0.256397
v -0.250000 -0.583333 -0.232040
v -0.208333 -0.583333 -0.214482
v -0.166667 -0.583333 -0.213506
v -0.125000 -0.583333 -0.231616
v -0.083333 -0.583333 -0.261865
v -0.041667 -0.583333 -0.290924
v 0.000000 -0.583333 -0.308124
v 0.041667 -0.583333 -0.313596
v 0.083333 -0.583333 -0.312484
v 0.125000 -0.583333 -0.300652
v 0.166667 -0.583333 -0.263745
v 0.208333 -0.583333 -0.196958
v 0.250000 -0.583333 -0.117432
v 0.291667 -0.583333 -0.053006
v 0.333333 -0.583333 -0.028571
v 0.375000 -0.583333 -0.058627
v 0.416667 -0.583333 -0.142082
v 0.458333 -0.583333 -0.253088
v 0.500000 -0.583333 -0.316184
v 0.541667 -0.583333 -0.242521
v 0.583333 -0.583333 -0.085416
v 0.625000 -0.583333 0.074923
v 0.666667 -0.583333 0.201382
v 0.708333 -0.583333 0.278756
v 0.750000 -0.583333 0.303846
v 0.791667 -0.583333 0.281040
v 0.833333 -0.583333 0.218893
v 0.875000 -0.583333 0.127334
v 0.916667 -0.583333 0.016073
v 0.958333 -0.583333 -0.104895
v 1.000000 -0.583333 -0.221078
v -1.000000 -0.541667 -0.127170
v -0.958333 -0.541667 -0.238462
v -0.916667 -0.541667 -0.309462
v -0.875000 -0.541667 -0.298973
v -0.833333 -0.541667 -0.218851
v -0.791667 -0.541667 -0.119346
v -0.750000 -0.541667 -0.035086
v -0.708333 -0.541667 0.016219
v -0.666667 -0.541667 0.028049
v -0.625000 -0.541667 0.003067
v -0.583333 -0.541667 -0.048436
v -0.541667 -0.541667 -0.111314
v -0.500000 -0.541667 -0.169900
v -0.458333 -0.541667 -0.213107
v -0.416667 -0.541667 -0.237525
v -0.375000 -0.541667 -0.245931
v -0.333333 -0.541667 -0.243821
v -0.291667 -0.541667 -0.238317
v -0.250000 -0.541667 -0.237905
v -0.208333 -0.541667 -0.249599
v -0.166667 -0.541667 -0.274044
v -0.125000 -0.541667 -0.301760
v -0.083333 -0.541667 -0.316006
v -0.041667 -0.541667 -0.308180
v 0.000000 -0.541667 -0.290599
v 0.041667 -0.541667 -0.283975
v 0.083333 -0.541667 -0.297298
v 0.125000 -0.541667 -0.315316
v 0.166667 -0.541667 -0.299386
v 0.208333 -0.541667 -0.229064
v 0.250000 -0.541667 -0.132930
v 0.291667 -0.541667 -0.052838
v 0.333333 -0.541667 -0.019413
v 0.375000 -0.541667 -0.047819
v 0.416667 -0.541667 -0.135182
v 0.458333 -0.541667 -0.252190
v 0.500000 -0.541667 -0.316110
v 0.541667 -0.541667 -0.234038
v 0.583333 -0.541667 -0.068991
v 0.625000 -0.541667 0.096932
v 0.666667 -0.541667 0.228142
v 0.708333 -0.541667 0.311011
v 0.750000 -0.541667 0.343583
v 0.791667 -0.541667 0.330855
v 0.833333 -0.541667 0.281156
v 0.875000 -0.541667 0.203273
v 0.916667 -0.541667 0.104784
v 0.958333 -0.541667 -0.007888
v 1.000000 -0.541667 -0.127170
v -1.000000 -0.500000 -0.040529
v -0.958333 -0.500000 -0.152982
v -0.916667 -0.500000 -0.255436
v -0.875000 -0.500000 -0.313520
v -0.833333 -0.500000 -0.293837
v -0.791667 -0.500000 -0.218238
v -0.750000 -0.500000 -0.133165
v -0.708333 -0.500000 -0.066894
v -0.666667 -0.500000 -0.031205
v -0.625000 -0.500000 -0.027045
v -0.583333 -0.500000 -0.047795
v -0.541667 -0.500000 -0.082484
v -0.500000 -0.500000 -0.119548
v -0.458333 -0.500000 -0.150410
v -0.416667 -0.500000 -0.171607
v -0.375000 -0.500000 -0.184875
v -0.333333 -0.500000 -0.195876
v -0.291667 -0.500000 -0.212116
v -0.250000 -0.500000 -0.239481
v -0.208333 -0.500000 -0.276835
v -0.166667 -0.500000 -0.309694
v -0.125000 -0.500000 -0.311757
v -0.083333 -0.500000 -0.271823
v -0.041667 -0.500000 -0.213353
v 0.000000 -0.500000 -0.170005
v 0.041667 -0.500000 -0.164808
v 0.083333 -0.500000 -0.204003
v 0.125000 -0.500000 -0.270952
v 0.166667 -0.500000 -0.315655
v 0.208333 -0.500000 -0.280240
v 0.250000 -0.500000 -0.187453
v 0.291667 -0.500000 -0.101133
v 0.333333 -0.500000 -0.061921
v 0.375000 -0.500000 -0.086226
v 0.416667 -0.500000 -0.168646
v 0.458333 -0.500000 -0.273966
v 0.500000 -0.500000 -0.313035
v 0.541667 -0.500000 -0.215074
v 0.583333 -0.500000 -0.052215
v 0.625000 -0.500000 0.105764
v 0.666667 -0.500000 0.229177
v 0.708333 -0.500000 0.307566
v 0.750000 -0.500000 0.340979
v 0.791667 -0.500000 0.335327
v 0.833333 -0.500000 0.298674
v 0.875000 -0.500000 0.238409
v 0.916667 -0.500000 0.159736
v 0.958333 -0.500000 0.065796
v 1.000000 -0.500000 -0.040529
v -1.000000 -0.458333 0.030447
v -0.958333 -0.458333 -0.068684
v -0.916667 -0.458333 -0.175135
v -0.875000 -0.458333 -0.269554
v -0.833333 -0.458333 -0.315646
v -0.791667 -0.458333 -0.288421
v -0.750000 -0.458333 -0.216373
v -0.708333 -0.458333 -0.140506
v -0.666667 -0.458333 -0.082488
v -0.625000 -0.458333 -0.048982
v -0.583333 -0.458333 -0.037836
v -0.541667 -0.458333 -0.042296
v -0.500000 -0.458333 -0.054643
v -0.458333 -0.458333 -0.069235
v -0.416667 -0.458333 -0.084425
v -0.375000 -0.458333 -0.102965
v -0.333333 -0.458333 -0.130741
v -0.291667 -0.458333 -0.173664
v -0.250000 -0.458333 -0.232202
v -0.208333 -0.458333 -0.292236
v -0.166667 -0.458333 -0.315388
v -0.125000 -0.458333 -0.266702
v -0.083333 -0.458333 -0.170218
v -0.041667 -0.458333 -0.074546
v 0.000000 -0.458333 -0.015029
v 0.041667 -0.458333 -0.011280
v 0.083333 -0.458333 -0.067170
v 0.125000 -0.458333 -0.168169
v 0.166667 -0.458333 -0.274333
v 0.208333 -0.458333 -0.315609
v 0.250000 -0.458333 -0.264647
v 0.291667 -0.458333 -0.191010
v 0.333333 -0.458333 -0.153758
v 0.375000 -0.458333 -0.173226
v 0.416667 -0.458333 -0.240071
v 0.458333 -0.458333 -0.308187
v 0.500000 -0.458333 -0.292090
v 0.541667 -0.458333 -0.174394
v 0.583333 -0.458333 -0.023241
v 0.625000 -0.458333 0.114358
v 0.666667 -0.458333 0.218007
v 0.708333 -0.458333 0.281923
v 0.750000 -0.458333 0.308912
v 0.791667 -0.458333 0.306064
v 0.833333 -0.458333 0.281113
v 0.875000 -0.458333 0.239775
v 0.916667 -0.458333 0.184551
v 0.958333 -0.458333 0.115166
v 1.000000 -0.458333 0.030447
v -1.000000 -0.416667 0.086190
v -0.958333 -0.416667 0.006914
v -0.916667 -0.416667 -0.090572
v -0.875000 -0.416667 -0.195746
v -0.833333 -0.416667 -0.283899
v -0.791667 -0.416667 -0.315931
v -0.750000 -0.416667 -0.276688
v -0.708333 -0.416667 -0.201341
v -0.666667 -0.416667 -0.125275
v -0.625000 -0.416667 -0.064196
v -0.583333 -0.416667 -0.021551
v -0.541667 -0.416667 0.004967
v -0.500000 -0.416667 0.019145
v -0.458333 -0.416667 0.023227
v -0.416667 -0.416667 0.016166
v -0.375000 -0.416667 -0.006515
v -0.333333 -0.416667 -0.051007
v -0.291667 -0.416667 -0.121426
v -0.250000 -0.416667 -0.212885
v -0.208333 -0.416667 -0.296953
v -0.166667 -0.416667 -0.306237
v -0.125000 -0.416667 -0.210114
v -0.083333 -0.416667 -0.071286
v -0.041667 -0.416667 0.051800
v 0.000000 -0.416667 0.125548
v 0.041667 -0.416667 0.133077
v 0.083333 -0.416667 0.072789
v 0.125000 -0.416667 -0.041034
v 0.166667 -0.416667 -0.177139
v 0.208333 -0.416667 -0.285327
v 0.250000 -0.416667 -0.315455
v 0.291667 -0.416667 -0.287862
v 0.333333 -0.416667 -0.266509
v 0.375000 -0.416667 -0.279188
v 0.416667 -0.416667 -0.309977
v 0.458333 -0.416667 -0.305657
v 0.500000 -0.416667 -0.226973
v 0.541667 -0.416667 -0.101879
v 0.583333 -0.416667 0.026805
v 0.625000 -0.416667 0.133444
v 0.666667 -0.416667 0.207386
v 0.708333 -0.416667 0.248347
v 0.750000 -0.416667 0.262377
v 0.791667 -0.416667 0.257895
v 0.833333 -0.416667 0.242193
v 0.875000 -0.416667 0.219085
v 0.916667 -0.416667 0.188131
v 0.958333 -0.416667 0.145507
v 1.000000 -0.416667 0.086190
v -1.000000 -0.375000 0.131039
v -0.958333 -0.375000 0.073295
v -0.916667 -0.375000 -0.010499
v -0.875000 -0.375000 -0.114698
v -0.833333 -0.375000 -0.222695
v -0.791667 -0.375000 -0.301449
v -0.750000 -0.375000 -0.309373
v -0.708333 -0.375000 -0.248446
v -0.666667 -0.375000 -0.161141
v -0.625000 -0.375000 -0.076173
v -0.583333 -0.375000 -0.004342
v -0.541667 -0.375000 0.051816
v -0.500000 -0.375000 0.092115
v -0.458333 -0.375000 0.115367
v -0.416667 -0.375000 0.117805
v -0.375000 -0.375000 0.093288
v -0.333333 -0.375000 0.035354
v -0.291667 -0.375000 -0.058782
v -0.250000 -0.375000 -0.180832
v -0.208333 -0.375000 -0.292712
v -0.166667 -0.375000 -0.299966
v -0.125000 -0.375000 -0.173066
v -0.083333 -0.375000 -0.005453
v -0.041667 -0.375000 0.138185
v 0.000000 -0.375000 0.225459
v 0.041667 -0.375000 0.241756
v 0.083333 -0.375000 0.187680
v 0.125000 -0.375000 0.078238
v 0.166667 -0.375000 -0.059126
v 0.208333 -0.375000 -0.188367
v 0.250000 -0.375000 -0.274659
v 0.291667 -0.375000 -0.308450
v 0.333333 -0.375000 -0.314071
v 0.375000 -0.375000 -0.308782
v 0.416667 -0.375000 -0.279200
v 0.458333 -0.375000 -0.207938
v 0.500000 -0.375000 -0.104286
v 0.541667 -0.375000 0.006261
v 0.583333 -0.375000 0.101485
v 0.625000 -0.375000 0.168974
v 0.666667 -0.375000 0.206225
v 0.708333 -0.375000 0.218399
v 0.750000 -0.375000 0.214830
v 0.791667 -0.375000 0.205155
v 0.833333 -0.375000 0.196037
v 0.875000 -0.375000 0.189212
v 0.916667 -0.375000 0.181221
v 0.958333 -0.375000 0.164723
v 1.000000 -0.375000 0.131039
v -1.000000 -0.333333 0.169886
v -0.958333 -0.333333 0.132068
v -0.916667 -0.333333 0.062121
v -0.875000 -0.333333 -0.037231
v -0.833333 -0.333333 -0.153760
v -0.791667 -0.333333 -0.261608
v -0.750000 -0.333333 -0.315593
v -0.708333 -0.333333 -0.282122
v -0.666667 -0.333333 -0.192314
v -0.625000 -0.333333 -0.089141
v -0.583333 -0.333333 0.007210
v -0.541667 -0.333333 0.089075
v -0.500000 -0.333333 0.152579
v -0.458333 -0.333333 0.193530
v -0.416667 -0.333333 0.205899
v -0.375000 -0.333333 0.182267
v -0.333333 -0.333333 0.116045
v -0.291667 -0.333333 0.005383
v -0.250000 -0.333333 -0.139935
v -0.208333 -0.333333 -0.279489
v -0.166667 -0.333333 -0.302930
v -0.125000 -0.333333 -0.165886
v -0.083333 -0.333333 0.017049
v -0.041667 -0.333333 0.173737
v 0.000000 -0.333333 0.272330
v 0.041667 -0.333333 0.300285
v 0.083333 -0.333333 0.260215
v 0.125000 -0.333333 0.167889
v 0.166667 -0.333333 0.048781
v 0.208333 -0.333333 -0.067581
v 0.250000 -0.333333 -0.155772
v 0.291667 -0.333333 -0.203209
v 0.333333 -0.333333 -0.210508
v 0.375000 -0.333333 -0.180867
v 0.416667 -0.333333 -0.117158
v 0.458333 -0.333333 -0.029618
v 0.500000 -0.333333 0.063569
v 0.541667 -0.333333 0.143590
v 0.583333 -0.333333 0.197459
v 0.625000 -0.333333 0.220862
v 0.666667 -0.333333 0.217928
v 0.708333 -0.333333 0.198735
v 0.750000 -0.333333 0.175518
v 0.791667 -0.333333 0.158732
v 0.833333 -0.333333 0.154081
v 0.875000 -0.333333 0.161109
v 0.916667 -0.333333 0.173415
v 0.958333 -0.333333 0.180348
v 1.000000 -0.333333 0.169886
v -1.000000 -0.291667 0.205864
v -0.958333 -0.291667 0.184092
v -0.916667 -0.291667 0.125383
v -0.875000 -0.291667 0.030815
v -0.833333 -0.291667 -0.089582
v -0.791667 -0.291667 -0.214401
v -0.750000 -0.291667 -0.303196
v -0.708333 -0.291667 -0.303194
v -0.666667 -0.291667 -0.220196
v -0.625000 -0.291667 -0.106434
v -0.583333 -0.291667 0.007317
v -0.541667 -0.291667 0.108337
v -0.500000 -0.291667 0.189692
v -0.458333 -0.291667 0.244923
v -0.416667 -0.291667 0.266405
v -0.375000 -0.291667 0.245932
v -0.333333 -0.291667 0.176999
v -0.291667 -0.291667 0.058478
v -0.250000 -0.291667 -0.099397
v -0.208333 -0.291667 -0.258854
v -0.166667 -0.291667 -0.310715
v -0.125000 -0.291667 -0.184724
v -0.083333 -0.291667 -0.000746
v -0.041667 -0.291667 0.159988
v 0.000000 -0.291667 0.265558
v 0.041667 -0.291667 0.305340
v 0.083333 -0.291667 0.283672
v 0.125000 -0.291667 0.216717
v 0.166667 -0.291667 0.128187
v 0.208333 -0.291667 0.043488
v 0.250000 -0.291667 -0.016613
v 0.291667 -0.291667 -0.040249
v 0.333333 -0.291667 -0.024485
v 0.375000 -0.291667 0.026393
v 0.416667 -0.291667 0.101075
v 0.458333 -0.291667 0.182444
v 0.500000 -0.291667 0.251955
v 0.541667 -0.291667 0.294983
v 0.583333 -0.291667 0.304641
v 0.625000 -0.291667 0.283084
v 0.666667 -0.291667 0.240241
v 0.708333 -0.291667 0.190495
v 0.750000 -0.291667 0.148358
v 0.791667 -0.291667 0.124491
v 0.833333 -0.291667 0.123218
v 0.875000 -0.291667 0.141798
v 0.916667 -0.291667 0.171067
v 0.958333 -0.291667 0.197388
v 1.000000 -0.291667 0.205864
v -1.000000 -0.250000 0.239153
v -0.958333 -0.250000 0.228020
v -0.916667 -0.250000 0.176248
v -0.875000 -0.250000 0.084367
v -0.833333 -0.250000 -0.038350
v -0.791667 -0.250000 -0.172717
v -0.750000 -0.250000 -0.283348
v -0.708333 -0.250000 -0.313373
v -0.666667 -0.250000 -0.244498
v -0.625000 -0.250000 -0.128983
v -0.583333 -0.250000 -0.006950
v -0.541667 -0.250000 0.104514
v -0.500000 -0.250000 0.196303
v -0.458333 -0.250000 0.260566
v -0.416667 -0.250000 0.288822
v -0.375000 -0.250000 0.272594
v -0.333333 -0.250000 0.205682
v -0.291667 -0.250000 0.087586
v -0.250000 -0.250000 -0.071411
v -0.208333 -0.250000 -0.237613
v -0.166667 -0.250000 -0.315748
v -0.125000 -0.250000 -0.217330
v -0.083333 -0.250000 -0.046432
v -0.041667 -0.250000 0.108477
v 0.000000 -0.250000 0.214982
v 0.041667 -0.250000 0.264203
v 0.083333 -0.250000 0.261857
v 0.125000 -0.250000 0.224013
v 0.166667 -0.250000 0.172306
v 0.208333 -0.250000 0.128398
v 0.250000 -0.250000 0.108987
v 0.291667 -0.250000 0.122842
v 0.333333 -0.250000 0.169894
v 0.375000 -0.250000 0.241435
v 0.416667 -0.250000 0.321764
v 0.458333 -0.250000 0.392036
v 0.500000 -0.250000 0.435345
v 0.541667 -0.250000 0.441272
v 0.583333 -0.250000 0.408546
v 0.625000 -0.250000 0.345231
v 0.666667 -0.250000 0.266427
v 0.708333 -0.250000 0.190121
v 0.750000 -0.250000 0.132350
v 0.791667 -0.250000 0.103289
v 0.833333 -0.250000 0.105454
v 0.875000 -0.250000 0.133745
v 0.916667 -0.250000 0.176429
v 0.958333 -0.250000 0.217282
v 1.000000 -0.250000 0.239153
v -1.000000 -0.208333 0.266958
v -0.958333 -0.208333 0.260145
v -0.916667 -0.208333 0.210065
v -0.875000 -0.208333 0.117770
v -0.833333 -0.208333 -0.007089
v -0.791667 -0.208333 -0.145968
v -0.750000 -0.208333 -0.266818
v -0.708333 -0.208333 -0.316109
v -0.666667 -0.208333 -0.263468
v -0.625000 -0.208333 -0.154589
v -0.583333 -0.208333 -0.034292
v -0.541667 -0.208333 0.077653
v -0.500000 -0.208333 0.171086
v -0.458333 -0.208333 0.237683
v -0.416667 -0.208333 0.268842
v -0.375000 -0.208333 0.256307
v -0.333333 -0.208333 0.194405
v -0.291667 -0.208333 0.083231
v -0.250000 -0.208333 -0.066961
v -0.208333 -0.208333 -0.226000
v -0.166667 -0.208333 -0.315625
v -0.125000 -0.208333 -0.249270
v -0.083333 -0.208333 -0.102555
v -0.041667 -0.208333 0.037374
v 0.000000 -0.208333 0.138229
v 0.041667 -0.208333 0.192763
v 0.083333 -0.208333 0.207722
v 0.125000 -0.208333 0.198601
v 0.166667 -0.208333 0.184612
v 0.208333 -0.208333 0.183616
v 0.250000 -0.208333 0.207999
v 0.291667 -0.208333 0.262080
v 0.333333 -0.208333 0.341045
v 0.375000 -0.208333 0.431722
v 0.416667 -0.208333 0.515656
v 0.458333 -0.208333 0.573887
v 0.500000 -0.208333 0.591996
v 0.541667 -0.208333 0.563968
v 0.583333 -0.208333 0.493919
v 0.625000 -0.208333 0.395255
v 0.666667 -0.208333 0.287455
v 0.708333 -0.208333 0.191189
v 0.750000 -0.208333 0.123117
v 0.791667 -0.208333 0.092215
v 0.833333 -0.208333 0.098831
v 0.875000 -0.208333 0.135456
v 0.916667 -0.208333 0.187970
v 0.958333 -0.208333 0.238017
v 1.000000 -0.208333 0.266958
v -1.000000 -0.166667 0.284546
v -0.958333 -0.166667 0.275364
v -0.916667 -0.166667 0.221397
v -0.875000 -0.166667 0.125254
v -0.833333 -0.166667 -0.002034
v -0.791667 -0.166667 -0.141334
v -0.750000 -0.166667 -0.262026
v -0.708333 -0.166667 -0.316066
v -0.666667 -0.166667 -0.275029
v -0.625000 -0.166667 -0.178467
v -0.583333 -0.166667 -0.069156
v -0.541667 -0.166667 0.033392
v -0.500000 -0.166667 0.119369
v -0.458333 -0.166667 0.180911
v -0.416667 -0.166667 0.209966
v -0.375000 -0.166667 0.198948
v -0.333333 -0.166667 0.142919
v -0.291667 -0.166667 0.042609
v -0.250000 -0.166667 -0.091644
v -0.208333 -0.166667 -0.232009
v -0.166667 -0.166667 -0.314417
v -0.125000 -0.166667 -0.270451
v -0.083333 -0.166667 -0.152052
v -0.041667 -0.166667 -0.033265
v 0.000000 -0.166667 0.056462
v 0.041667 -0.166667 0.111775
v 0.083333 -0.166667 0.140177
v 0.125000 -0.166667 0.156238
v 0.166667 -0.166667 0.176568
v 0.208333 -0.166667 0.215243
v 0.250000 -0.166667 0.280167
v 0.291667 -0.166667 0.370716
v 0.333333 -0.166667 0.477179
v 0.375000 -0.166667 0.582625
v 0.416667 -0.166667 0.666970
v 0.458333 -0.166667 0.712101
v 0.500000 -0.166667 0.706618
v 0.541667 -0.166667 0.648982
v 0.583333 -0.166667 0.548317
v 0.625000 -0.166667 0.422615
v 0.666667 -0.166667 0.294691
v 0.708333 -0.166667 0.186733
v 0.750000 -0.166667 0.114959
v 0.791667 -0.166667 0.086438
v 0.833333 -0.166667 0.099055
v 0.875000 -0.166667 0.142877
v 0.916667 -0.166667 0.201583
v 0.958333 -0.166667 0.255220
v 1.000000 -0.166667 0.284546
v -1.000000 -0.125000 0.286923
v -0.958333 -0.125000 0.268849
v -0.916667 -0.125000 0.205649
v -0.875000 -0.125000 0.102473
v -0.833333 -0.125000 -0.027337
v -0.791667 -0.125000 -0.162866
v -0.750000 -0.125000 -0.273079
v -0.708333 -0.125000 -0.316178
v -0.666667 -0.125000 -0.277492
v -0.625000 -0.125000 -0.194902
v -0.583333 -0.125000 -0.103255
v -0.541667 -0.125000 -0.018241
v -0.500000 -0.125000 0.052290
v -0.458333 -0.125000 0.101843
v -0.416667 -0.125000 0.123515
v -0.375000 -0.125000 0.110762
v -0.333333 -0.125000 0.059597
v -0.291667 -0.125000 -0.028467
v -0.250000 -0.125000 -0.142652
v -0.208333 -0.125000 -0.256095
v -0.166667 -0.125000 -0.315580
v -0.125000 -0.125000 -0.277761
v -0.083333 -0.125000 -0.183381
v -0.041667 -0.125000 -0.086830
v 0.000000 -0.125000 -0.010843
v 0.041667 -0.125000 0.041871
v 0.083333 -0.125000 0.079508
v 0.125000 -0.125000 0.115572
v 0.166667 -0.125000 0.164125
v 0.208333 -0.125000 0.235606
v 0.250000 -0.125000 0.333467
v 0.291667 -0.125000 0.452239
v 0.333333 -0.125000 0.577898
v 0.375000 -0.125000 0.690784
v 0.416667 -0.125000 0.770284
v 0.458333 -0.125000 0.799974
v 0.500000 -0.125000 0.771896
v 0.541667 -0.125000 0.688940
v 0.583333 -0.125000 0.564716
v 0.625000 -0.125000 0.420870
v 0.666667 -0.125000 0.282330
v 0.708333 -0.125000 0.171471
v 0.750000 -0.125000 0.102908
v 0.791667 -0.125000 0.081114
v 0.833333 -0.125000 0.101302
v 0.875000 -0.125000 0.151114
v 0.916667 -0.125000 0.212273
v 0.958333 -0.125000 0.263844
v 1.000000 -0.125000 0.286923
v -1.000000 -0.083333 0.270587
v -0.958333 -0.083333 0.237831
v -0.916667 -0.083333 0.160910
v -0.875000 -0.083333 0.048435
v -0.833333 -0.083333 -0.082905
v -0.791667 -0.083333 -0.208860
v -0.750000 -0.083333 -0.296236
v -0.708333 -0.083333 -0.313360
v -0.666667 -0.083333 -0.268545
v -0.625000 -0.083333 -0.198938
v -0.583333 -0.083333 -0.128133
v -0.541667 -0.083333 -0.065558
v -0.500000 -0.083333 -0.015813
v -0.458333 -0.083333 0.016707
v -0.416667 -0.083333 0.026697
v -0.375000 -0.083333 0.008957
v -0.333333 -0.083333 -0.039317
v -0.291667 -0.083333 -0.115498
v -0.250000 -0.083333 -0.207628
v -0.208333 -0.083333 -0.288501
v -0.166667 -0.083333 -0.315360
v -0.125000 -0.083333 -0.271257
v -0.083333 -0.083333 -0.192249
v -0.041667 -0.083333 -0.113946
v 0.000000 -0.083333 -0.050477
v 0.041667 -0.083333 -0.001264
v 0.083333 -0.083333 0.042634
v 0.125000 -0.083333 0.093695
v 0.166667 -0.083333 0.163600
v 0.208333 -0.083333 0.259321
v 0.250000 -0.083333 0.380067
v 0.291667 -0.083333 0.516093
v 0.333333 -0.083333 0.650093
v 0.375000 -0.083333 0.760929
v 0.416667 -0.083333 0.828601
v 0.458333 -0.083333 0.839192
v 0.500000 -0.083333 0.788556
v 0.541667 -0.083333 0.683873
v 0.583333 -0.083333 0.542614
v 0.625000 -0.083333 0.389044
v 0.666667 -0.083333 0.248893
v 0.708333 -0.083333 0.143329
v 0.750000 -0.083333 0.084229
v 0.791667 -0.083333 0.072895
v 0.833333 -0.083333 0.101735
v 0.875000 -0.083333 0.156015
v 0.916667 -0.083333 0.215807
v 0.958333 -0.083333 0.259875
v 1.000000 -0.083333 0.270587
v -1.000000 -0.041667 0.234750
v -0.958333 -0.041667 0.182889
v -0.916667 -0.041667 0.089374
v -0.875000 -0.041667 -0.032721
v -0.833333 -0.041667 -0.161763
v -0.791667 -0.041667 -0.267469
v -0.750000 -0.041667 -0.315219
v -0.708333 -0.041667 -0.296646
v -0.666667 -0.041667 -0.244031
v -0.625000 -0.041667 -0.187038
v -0.583333 -0.041667 -0.137541
v -0.541667 -0.041667 -0.098582
v -0.500000 -0.041667 -0.071250
v -0.458333 -0.041667 -0.057645
v -0.416667 -0.041667 -0.061323
v -0.375000 -0.041667 -0.085987
v -0.333333 -0.041667 -0.132986
v -0.291667 -0.041667 -0.198009
v -0.250000 -0.041667 -0.266876
v -0.208333 -0.041667 -0.312008
v -0.166667 -0.041667 -0.304888
v -0.125000 -0.041667 -0.250625
v -0.083333 -0.041667 -0.179360
v -0.041667 -0.041667 -0.112600
v 0.000000 -0.041667 -0.057144
v 0.041667 -0.041667 -0.009432
v 0.083333 -0.041667 0.040064
v 0.125000 -0.041667 0.102764
v 0.166667 -0.041667 0.188001
v 0.208333 -0.041667 0.299382
v 0.250000 -0.041667 0.432306
v 0.291667 -0.041667 0.573680
v 0.333333 -0.041667 0.704214
v 0.375000 -0.041667 0.802641
v 0.416667 -0.041667 0.850726
v 0.458333 -0.041667 0.837834
v 0.500000 -0.041667 0.763933
v 0.541667 -0.041667 0.640283
v 0.583333 -0.041667 0.487533
v 0.625000 -0.041667 0.331501
v 0.666667 -0.041667 0.197393
v 0.708333 -0.041667 0.103833
v 0.750000 -0.041667 0.058983
v 0.791667 -0.041667 0.060627
v 0.833333 -0.041667 0.098352
v 0.875000 -0.041667 0.155141
v 0.916667 -0.041667 0.209799
v 0.958333 -0.041667 0.241497
v 1.000000 -0.041667 0.234750
v -1.000000 0.000000 0.181612
v -0.958333 0.000000 0.108299
v -0.916667 0.000000 -0.002076
v -0.875000 0.000000 -0.130396
v -0.833333 0.000000 -0.246629
v -0.791667 0.000000 -0.311267
v -0.750000 0.000000 -0.303627
v -0.708333 0.000000 -0.254162
v -0.666667 0.000000 -0.200231
v -0.625000 0.000000 -0.157516
v -0.583333 0.000000 -0.128539
v -0.541667 0.000000 -0.111478
v -0.500000 0.000000 -0.104670
v -0.458333 0.000000 -0.108408
v -0.416667 0.000000 -0.124831
v -0.375000 0.000000 -0.156280
v -0.333333 0.000000 -0.202507
v -0.291667 0.000000 -0.256958
v -0.250000 0.000000 -0.302787
v -0.208333 0.000000 -0.314854
v -0.166667 0.000000 -0.281208
v -0.125000 0.000000 -0.218247
v -0.083333 0.000000 -0.148962
v -0.041667 0.000000 -0.086239
v 0.000000 0.000000 -0.032270
v 0.041667 0.000000 0.018353
v 0.083333 0.000000 0.075189
v 0.125000 0.000000 0.148273
v 0.166667 0.000000 0.244407
v 0.208333 0.000000 0.363956
v 0.250000 0.000000 0.499147
v 0.291667 0.000000 0.634671
v 0.333333 0.000000 0.750608
v 0.375000 0.000000 0.826870
v 0.416667 0.000000 0.848051
v 0.458333 0.000000 0.807472
v 0.500000 0.000000 0.709420
v 0.541667 0.000000 0.568960
v 0.583333 0.000000 0.409210
v 0.625000 0.000000 0.256491
v 0.666667 0.000000 0.134227
v 0.708333 0.000000 0.057298
v 0.750000 0.000000 0.029509
v 0.791667 0.000000 0.045099
v 0.833333 0.000000 0.090931
v 0.875000 0.000000 0.147866
v 0.916667 0.000000 0.193902
v 0.958333 0.000000 0.209335
v 1.000000 0.000000 0.181612
v -1.000000 0.041667 0.115611
v -0.958333 0.041667 0.021309
v -0.916667 0.041667 -0.102263
v -0.875000 0.041667 -0.226488
v -0.833333 0.041667 -0.306596
v -0.791667 0.041667 -0.305323
v -0.750000 0.041667 -0.248960
v -0.708333 0.041667 -0.186131
v -0.666667 0.041667 -0.139276
v -0.625000 0.041667 -0.112368
v -0.583333 0.041667 -0.101962
v -0.541667 0.041667 -0.103135
v -0.500000 0.041667 -0.112568
v -0.458333 0.041667 -0.129643
v -0.416667 0.041667 -0.155841
v -0.375000 0.041667 -0.192741
v -0.333333 0.041667 -0.238880
v -0.291667 0.041667 -0.285697
v -0.250000 0.041667 -0.314516
v -0.208333 0.041667 -0.304352
v -0.166667 0.041667 -0.254195
v -0.125000 0.041667 -0.183318
v -0.083333 0.041667 -0.110077
v -0.041667 0.041667 -0.043279
v 0.000000 0.041667 0.016955
v 0.041667 0.041667 0.076533
v 0.083333 0.041667 0.144224
v 0.125000 0.041667 0.228155
v 0.166667 0.041667 0.332384
v 0.208333 0.041667 0.454295
v 0.250000 0.041667 0.583713
v 0.291667 0.041667 0.704228
v 0.333333 0.041667 0.796515
v 0.375000 0.041667 0.842804
v 0.416667 0.041667 0.831394
v 0.458333 0.041667 0.760064
v 0.500000 0.041667 0.637491
v 0.541667 0.041667 0.482193
v 0.583333 0.041667 0.319047
v 0.625000 0.041667 0.173879
v 0.666667 0.041667 0.067177
v 0.708333 0.041667 0.009158
v 0.750000 0.041667 -0.000906
v 0.791667 0.041667 0.027982
v 0.833333 0.041667 0.080154
v 0.875000 0.041667 0.134604
v 0.916667 0.041667 0.169085
v 0.958333 0.041667 0.165723
v 1.000000 0.041667 0.115611
v -1.000000 0.083333 0.041906
v -0.958333 0.083333 -0.069430
v -0.916667 0.083333 -0.196885
v -0.875000 0.083333 -0.295665
v -0.833333 0.083333 -0.309782
v -0.791667 0.083333 -0.247337
v -0.750000 0.083333 -0.168482
v -0.708333 0.083333 -0.107045
v -0.666667 0.083333 -0.071618
v -0.625000 0.083333 -0.059350
v -0.583333 0.083333 -0.063352
v -0.541667 0.083333 -0.077043
v -0.500000 0.083333 -0.096559
v -0.458333 0.083333 -0.121387
v -0.416667 0.083333 -0.153377
v -0.375000 0.083333 -0.194436
v -0.333333 0.083333 -0.243107
v -0.291667 0.083333 -0.290203
v -0.250000 0.083333 -0.315724
v -0.208333 0.083333 -0.298500
v -0.166667 0.083333 -0.239734
v -0.125000 0.083333 -0.159709
v -0.083333 0.083333 -0.076051
v -0.041667 0.083333 0.003155
v 0.000000 0.083333 0.077836
v 0.041667 0.083333 0.153114
v 0.083333 0.083333 0.236107
v 0.125000 0.083333 0.332525
v 0.166667 0.083333 0.443604
v 0.208333 0.083333 0.564139
v 0.250000 0.083333 0.682322
v 0.291667 0.083333 0.781612
v 0.333333 0.083333 0.844277
v 0.375000 0.083333 0.855733
v 0.416667 0.083333 0.808595
v 0.458333 0.083333 0.705372
v 0.500000 0.083333 0.559031
v 0.541667 0.083333 0.391109
v 0.583333 0.083333 0.227536
v 0.625000 0.083333 0.092720
v 0.666667 0.083333 0.003216
v 0.708333 0.083333 -0.035939
v 0.750000 0.083333 -0.029635
v 0.791667 0.083333 0.010426
v 0.833333 0.083333 0.066302
v 0.875000 0.083333 0.115543
v 0.916667 0.083333 0.136327
v 0.958333 0.083333 0.113317
v 1.000000 0.083333 0.041906
v -1.000000 0.125000 -0.035293
v -0.958333 0.125000 -0.155644
v -0.916667 0.125000 -0.270457
v -0.875000 0.125000 -0.315862
v -0.833333 0.125000 -0.262936
v -0.791667 0.125000 -0.170727
v -0.750000 0.125000 -0.089563
v -0.708333 0.125000 -0.036791
v -0.666667 0.125000 -0.013013
v -0.625000 0.125000 -0.011428
v -0.583333 0.125000 -0.023283
v -0.541667 0.125000 -0.041541
v -0.500000 0.125000 -0.062869
v -0.458333 0.125000 -0.087890
v -0.416667 0.125000 -0.119908
v -0.375000 0.125000 -0.162415
v -0.333333 0.125000 -0.215655
v -0.291667 0.125000 -0.272132
v -0.250000 0.125000 -0.311697
v -0.208333 0.125000 -0.306320
v -0.166667 0.125000 -0.248682
v -0.125000 0.125000 -0.159674
v -0.083333 0.125000 -0.060611
v -0.041667 0.125000 0.038011
v 0.000000 0.125000 0.134321
v 0.041667 0.125000 0.231469
v 0.083333 0.125000 0.334145
v 0.125000 0.125000 0.445269
v 0.166667 0.125000 0.563301
v 0.208333 0.125000 0.680875
v 0.250000 0.125000 0.785218
v 0.291667 0.125000 0.860420
v 0.333333 0.125000 0.891060
v 0.375000 0.125000 0.866293
v 0.416667 0.125000 0.783352
v 0.458333 0.125000 0.649470
v 0.500000 0.125000 0.481611
v 0.541667 0.125000 0.303810
v 0.583333 0.125000 0.142354
v 0.625000 0.125000 0.019395
v 0.666667 0.125000 -0.053204
v 0.708333 0.125000 -0.075578
v 0.750000 0.125000 -0.055961
v 0.791667 0.125000 -0.008134
v 0.833333 0.125000 0.048073
v 0.875000 0.125000 0.089411
v 0.916667 0.125000 0.095282
v 0.958333 0.125000 0.053595
v 1.000000 0.125000 -0.035293
v -1.000000 0.166667 -0.113692
v -0.958333 0.166667 -0.230433
v -0.916667 0.166667 -0.310318
v -0.875000 0.166667 -0.291854
v -0.833333 0.166667 -0.201914
v -0.791667 0.166667 -0.105533
v -0.750000 0.166667 -0.033509
v -0.708333 0.166667 0.007092
v -0.666667 0.166667 0.020723
v -0.625000 0.166667 0.016724
v -0.583333 0.166667 0.004636
v -0.541667 0.166667 -0.009041
v -0.500000 0.166667 -0.022426
v -0.458333 0.166667 -0.038149
v -0.416667 0.166667 -0.061818
v -0.375000 0.166667 -0.099440
v -0.333333 0.166667 -0.154118
v -0.291667 0.166667 -0.222083
v -0.250000 0.166667 -0.287192
v -0.208333 0.166667 -0.316154
v -0.166667 0.166667 -0.279058
v -0.125000 0.166667 -0.188094
v -0.083333 0.166667 -0.073032
v -0.041667 0.166667 0.048674
v 0.000000 0.166667 0.171106
v 0.041667 0.166667 0.294271
v 0.083333 0.166667 0.419802
v 0.125000 0.166667 0.547598
v 0.166667 0.166667 0.673473
v 0.208333 0.166667 0.788281
v 0.250000 0.166667 0.878804
v 0.291667 0.166667 0.930283
v 0.333333 0.166667 0.930022
v 0.375000 0.166667 0.871131
v 0.416667 0.166667 0.755423
v 0.458333 0.166667 0.594563
v 0.500000 0.166667 0.409014
v 0.541667 0.166667 0.224688
v 0.583333 0.166667 0.067561
v 0.625000 0.166667 -0.043181
v 0.666667 0.166667 -0.100788
v 0.708333 0.166667 -0.110046
v 0.750000 0.166667 -0.081524
v 0.791667 0.166667 -0.030468
v 0.833333 0.166667 0.022034
v 0.875000 0.166667 0.052856
v 0.916667 0.166667 0.043545
v 0.958333 0.166667 -0.014014
v 1.000000 0.166667 -0.113692
v -1.000000 0.208333 -0.192056
v -0.958333 0.208333 -0.287141
v -0.916667 0.208333 -0.313130
v -0.875000 0.208333 -0.248548
v -0.833333 0.208333 -0.151174
v -0.791667 0.208333 -0.066890
v -0.750000 0.208333 -0.011941
v -0.708333 0.208333 0.013748
v -0.666667 0.208333 0.018480
v -0.625000 0.208333 0.013298
v -0.583333 0.208333 0.007726
v -0.541667 0.208333 0.006977
v -0.500000 0.208333 0.010833
v -0.458333 0.208333 0.014076
v -0.416667 0.208333 0.008215
v -0.375000 0.208333 -0.015731
v -0.333333 0.208333 -0.063965
v -0.291667 0.208333 -0.136598
v -0.250000 0.208333 -0.223685
v -0.208333 0.208333 -0.297914
v -0.166667 0.208333 -0.310707
v -0.125000 0.208333 -0.238520
v -0.083333 0.208333 -0.114679
v -0.041667 0.208333 0.028623
v 0.000000 0.208333 0.177601
v 0.041667 0.208333 0.327697
v 0.083333 0.208333 0.476970
v 0.125000 0.208333 0.622213
v 0.166667 0.208333 0.756775
v 0.208333 0.208333 0.870059
v 0.250000 0.208333 0.948754
v 0.291667 0.208333 0.979529
v 0.333333 0.208333 0.952510
v 0.375000 0.208333 0.864645
v 0.416667 0.208333 0.721952
v 0.458333 0.208333 0.539957
v 0.500000 0.208333 0.341918
v 0.541667 0.208333 0.154923
v 0.583333 0.208333 0.003999
v 0.625000 0.208333 -0.095136
v 0.666667 0.208333 -0.140850
v 0.708333 0.208333 -0.141740
v 0.750000 0.208333 -0.109799
v 0.791667 0.208333 -0.061063
v 0.833333 0.208333 -0.016888
v 0.875000 0.208333 0.000912
v 0.916667 0.208333 -0.022923
v 0.958333 0.208333 -0.091640
v 1.000000 0.208333 -0.192056
v -1.000000 0.250000 -0.265504
v -0.958333 0.250000 -0.315355
v -0.916667 0.250000 -0.285131
v -0.875000 0.250000 -0.202384
v -0.833333 0.250000 -0.117996
v -0.791667 0.250000 -0.057487
v -0.750000 0.250000 -0.026340
v -0.708333 0.250000 -0.018559
v -0.666667 0.250000 -0.022647
v -0.625000 0.250000 -0.026558
v -0.583333 0.250000 -0.021442
v -0.541667 0.250000 -0.003784
v -0.500000 0.250000 0.023876
v -0.458333 0.250000 0.053443
v -0.416667 0.250000 0.073193
v -0.375000 0.250000 0.070941
v -0.333333 0.250000 0.037548
v -0.291667 0.250000 -0.030099
v -0.250000 0.250000 -0.126607
v -0.208333 0.250000 -0.233888
v -0.166667 0.250000 -0.309683
v -0.125000 0.250000 -0.290910
v -0.083333 0.250000 -0.177540
v -0.041667 0.250000 -0.020799
v 0.000000 0.250000 0.150282
v 0.041667 0.250000 0.324296
v 0.083333 0.250000 0.495199
v 0.125000 0.250000 0.656715
v 0.166667 0.250000 0.799965
v 0.208333 0.250000 0.913179
v 0.250000 0.250000 0.983163
v 0.291667 0.250000 0.998052
v 0.333333 0.250000 0.950622
v 0.375000 0.250000 0.841215
v 0.416667 0.250000 0.679396
v 0.458333 0.250000 0.483713
v 0.500000 0.250000 0.279355
v 0.541667 0.250000 0.093804
v 0.583333 0.250000 -0.049426
v 0.625000 0.250000 -0.138304
v 0.666667 0.250000 -0.175903
v 0.708333 0.250000 -0.173766
v 0.750000 0.250000 -0.144649
v 0.791667 0.250000 -0.104520
v 0.833333 0.250000 -0.073644
v 0.875000 0.250000 -0.071061
v 0.916667 0.250000 -0.107525
v 0.958333 0.250000 -0.179933
v 1.000000 0.250000 -0.265504
v -1.000000 0.291667 -0.313345
v -0.958333 0.291667 -0.298814
v -0.916667 0.291667 -0.232224
v -0.875000 0.291667 -0.155732
v -0.833333 0.291667 -0.098517
v -0.791667 0.291667 -0.070618
v -0.750000 0.291667 -0.068725
v -0.708333 0.291667 -0.081601
v -0.666667 0.291667 -0.095349
v -0.625000 0.291667 -0.097911
v -0.583333 0.291667 -0.081689
v -0.541667 0.291667 -0.044652
v -0.500000 0.291667 0.008793
v -0.458333 0.291667 0.067750
v -0.416667 0.291667 0.117055
v -0.375000 0.291667 0.141230
v -0.333333 0.291667 0.128457
v -0.291667 0.291667 0.073432
v -0.250000 0.291667 -0.021037
v -0.208333 0.291667 -0.142401
v -0.166667 0.291667 -0.261837
v -0.125000 0.291667 -0.316024
v -0.083333 0.291667 -0.244837
v -0.041667 0.291667 -0.090701
v 0.000000 0.291667 0.093017
v 0.041667 0.291667 0.283956
v 0.083333 0.291667 0.471206
v 0.125000 0.291667 0.645524
v 0.166667 0.291667 0.796093
v 0.208333 0.291667 0.910220
v 0.250000 0.291667 0.974916
v 0.291667 0.291667 0.979641
v 0.333333 0.291667 0.919401
v 0.375000 0.291667 0.797251
v 0.416667 0.291667 0.625396
v 0.458333 0.291667 0.424387
v 0.500000 0.291667 0.220332
v 0.541667 0.291667 0.040289
v 0.583333 0.291667 -0.094196
v 0.625000 0.291667 -0.174639
v 0.666667 0.291667 -0.208027
v 0.708333 0.291667 -0.208142
v 0.750000 0.291667 -0.188116
v 0.791667 0.291667 -0.162835
v 0.833333 0.291667 -0.149745
v 0.875000 0.291667 -0.163194
v 0.916667 0.291667 -0.207232
v 0.958333 0.291667 -0.269044
v 1.000000 0.291667 -0.313345
v -1.000000 0.333333 -0.290575
v -0.958333 0.333333 -0.225781
v -0.916667 0.333333 -0.154300
v -0.875000 0.333333 -0.102689
v -0.833333 0.333333 -0.082882
v -0.791667 0.333333 -0.093669
v -0.750000 0.333333 -0.124085
v -0.708333 0.333333 -0.158393
v -0.666667 0.333333 -0.181933
v -0.625000 0.333333 -0.184837
v -0.583333 0.333333 -0.161489
v -0.541667 0.333333 -0.109800
v -0.500000 0.333333 -0.034329
v -0.458333 0.333333 0.051672
v -0.416667 0.333333 0.129440
v -0.375000 0.333333 0.180216
v -0.333333 0.333333 0.189846
v -0.291667 0.333333 0.151490
v -0.250000 0.333333 0.066604
v -0.208333 0.333333 -0.054866
v -0.166667 0.333333 -0.192108
v -0.125000 0.333333 -0.299858
v -0.083333 0.333333 -0.295329
v -0.041667 0.333333 -0.166830
v 0.000000 0.333333 0.015581
v 0.041667 0.333333 0.213044
v 0.083333 0.333333 0.408576
v 0.125000 0.333333 0.590070
v 0.166667 0.333333 0.745091
v 0.208333 0.333333 0.860254
v 0.250000 0.333333 0.922779
v 0.291667 0.333333 0.923175
v 0.333333 0.333333 0.858096
v 0.375000 0.333333 0.732451
v 0.416667 0.333333 0.560029
v 0.458333 0.333333 0.362239
v 0.500000 0.333333 0.165032
v 0.541667 0.333333 -0.005802
v 0.583333 0.333333 -0.131003
v 0.625000 0.333333 -0.205058
v 0.666667 0.333333 -0.237645
v 0.708333 0.333333 -0.244124
v 0.750000 0.333333 -0.237794
v 0.791667 0.333333 -0.231362
v 0.833333 0.333333 -0.237168
v 0.875000 0.333333 -0.261513
v 0.916667 0.333333 -0.296722
v 0.958333 0.333333 -0.316184
v 1.000000 0.333333 -0.290575
v -1.000000 0.375000 -0.174761
v -0.958333 0.375000 -0.099376
v -0.916667 0.375000 -0.048304
v -0.875000 0.375000 -0.034595
v -0.833333 0.375000 -0.059366
v -0.791667 0.375000 -0.112342
v -0.750000 0.375000 -0.175058
v -0.708333 0.375000 -0.227580
v -0.666667 0.375000 -0.257432
v -0.625000 0.375000 -0.262119
v -0.583333 0.375000 -0.239781
v -0.541667 0.375000 -0.184431
v -0.500000 0.375000 -0.096778
v -0.458333 0.375000 0.008373
v -0.416667 0.375000 0.108287
v -0.375000 0.375000 0.180969
v -0.333333 0.375000 0.210399
v -0.291667 0.375000 0.188848
v -0.250000 0.375000 0.117230
v -0.208333 0.375000 0.004386
v -0.166667 0.375000 -0.132747
v -0.125000 0.375000 -0.262191
v -0.083333 0.375000 -0.315499
v -0.041667 0.375000 -0.233566
v 0.000000 0.375000 -0.069135
v 0.041667 0.375000 0.122178
v 0.083333 0.375000 0.316008
v 0.125000 0.375000 0.497464
v 0.166667 0.375000 0.652829
v 0.208333 0.375000 0.768231
v 0.250000 0.375000 0.831054
v 0.291667 0.375000 0.832494
v 0.333333 0.375000 0.770184
v 0.375000 0.375000 0.649950
v 0.416667 0.375000 0.486043
v 0.458333 0.375000 0.299553
v 0.500000 0.375000 0.115175
v 0.541667 0.375000 -0.043394
v 0.583333 0.375000 -0.159359
v 0.625000 0.375000 -0.229161
v 0.666667 0.375000 -0.263314
v 0.708333 0.375000 -0.277511
v 0.750000 0.375000 -0.284484
v 0.791667 0.375000 -0.292985
v 0.833333 0.375000 -0.306196
v 0.875000 0.375000 -0.316104
v 0.916667 0.375000 -0.302445
v 0.958333 0.375000 -0.251283
v 1.000000 0.375000 -0.174761
v -1.000000 0.416667 0.006644
v -0.958333 0.416667 0.068358
v -0.916667 0.416667 0.086408
v -0.875000 0.416667 0.055479
v -0.833333 0.416667 -0.017628
v -0.791667 0.416667 -0.114388
v -0.750000 0.416667 -0.207942
v -0.708333 0.416667 -0.272659
v -0.666667 0.416667 -0.301084
v -0.625000 0.416667 -0.305945
v -0.583333 0.416667 -0.293107
v -0.541667 0.416667 -0.248752
v -0.500000 0.416667 -0.163316
v -0.458333 0.416667 -0.051339
v -0.416667 0.416667 0.060013
v -0.375000 0.416667 0.145608
v -0.333333 0.416667 0.188190
v -0.291667 0.416667 0.179880
v -0.250000 0.416667 0.121729
v -0.208333 0.416667 0.022267
v -0.166667 0.416667 -0.103540
v -0.125000 0.416667 -0.231219
v -0.083333 0.416667 -0.312124
v -0.041667 0.416667 -0.279734
v 0.000000 0.416667 -0.148515
v 0.041667 0.416667 0.023353
v 0.083333 0.416667 0.204738
v 0.125000 0.416667 0.378207
v 0.166667 0.416667 0.529092
v 0.208333 0.416667 0.643218
v 0.250000 0.416667 0.708054
v 0.291667 0.416667 0.715095
v 0.333333 0.416667 0.662266
v 0.375000 0.416667 0.555380
v 0.416667 0.416667 0.408064
v 0.458333 0.416667 0.239961
v 0.500000 0.416667 0.073460
v 0.541667 0.416667 -0.070613
v 0.583333 0.416667 -0.178011
v 0.625000 0.416667 -0.245830
v 0.666667 0.416667 -0.282829
v 0.708333 0.416667 -0.302168
v 0.750000 0.416667 -0.312936
v 0.791667 0.416667 -0.315809
v 0.833333 0.416667 -0.301442
v 0.875000 0.416667 -0.256390
v 0.916667 0.416667 -0.178569
v 0.958333 0.416667 -0.083105
v 1.000000 0.416667 0.006644
v -1.000000 0.458333 0.220648
v -0.958333 0.458333 0.261826
v -0.916667 0.458333 0.244503
v -0.875000 0.458333 0.169025
v -0.833333 0.458333 0.048584
v -0.791667 0.458333 -0.091347
v -0.750000 0.458333 -0.215805
v -0.708333 0.458333 -0.291251
v -0.666667 0.458333 -0.314362
v -0.625000 0.458333 -0.316154
v -0.583333 0.458333 -0.313439
v -0.541667 0.458333 -0.287995
v -0.500000 0.458333 -0.217510
v -0.458333 0.458333 -0.112254
v -0.416667 0.458333 -0.002580
v -0.375000 0.458333 0.084075
v -0.333333 0.458333 0.130203
v -0.291667 0.458333 0.128658
v -0.250000 0.458333 0.081307
v -0.208333 0.458333 -0.003115
v -0.166667 0.458333 -0.110818
v -0.125000 0.458333 -0.222042
v -0.083333 0.458333 -0.303154
v -0.041667 0.458333 -0.303919
v 0.000000 0.458333 -0.213445
v 0.041667 0.458333 -0.072726
v 0.083333 0.458333 0.085972
v 0.125000 0.458333 0.243673
v 0.166667 0.458333 0.385154
v 0.208333 0.458333 0.496099
v 0.250000 0.458333 0.563952
v 0.291667 0.458333 0.580135
v 0.333333 0.458333 0.542228
v 0.375000 0.458333 0.455192
v 0.416667 0.458333 0.331066
v 0.458333 0.458333 0.187054
v 0.500000 0.458333 0.042331
v 0.541667 0.458333 -0.085804
v 0.583333 0.458333 -0.185720
v 0.625000 0.458333 -0.254073
v 0.666667 0.458333 -0.294991
v 0.708333 0.458333 -0.314255
v 0.750000 0.458333 -0.311756
v 0.791667 0.458333 -0.279360
v 0.833333 0.458333 -0.209396
v 0.875000 0.458333 -0.105757
v 0.916667 0.458333 0.015529
v 0.958333 0.458333 0.132089
v 1.000000 0.458333 0.220648
v -1.000000 0.500000 0.439975
v -0.958333 0.500000 0.462137
v -0.916667 0.500000 0.413800
v -0.875000 0.500000 0.300018
v -0.833333 0.500000 0.138968
v -0.791667 0.500000 -0.039262
v -0.750000 0.500000 -0.195161
v -0.708333 0.500000 -0.289079
v -0.666667 0.500000 -0.315455
v -0.625000 0.500000 -0.315502
v -0.583333 0.500000 -0.316100
v -0.541667 0.500000 -0.302612
v -0.500000 0.500000 -0.248948
v -0.458333 0.500000 -0.159816
v -0.416667 0.500000 -0.064189
v -0.375000 0.500000 0.011079
v -0.333333 0.500000 0.049961
v -0.291667 0.500000 0.047201
v -0.250000 0.500000 0.006211
v -0.208333 0.500000 -0.063671
v -0.166667 0.500000 -0.149588
v -0.125000 0.500000 -0.235679
v -0.083333 0.500000 -0.300003
v -0.041667 0.500000 -0.313210
v 0.000000 0.500000 -0.260357
v 0.041667 0.500000 -0.158342
v 0.083333 0.500000 -0.030881
v 0.125000 0.500000 0.104174
v 0.166667 0.500000 0.231725
v 0.208333 0.500000 0.337457
v 0.250000 0.500000 0.408680
v 0.291667 0.500000 0.436395
v 0.333333 0.500000 0.417304
v 0.375000 0.500000 0.354827
v 0.416667 0.500000 0.258658
v 0.458333 0.500000 0.142807
v 0.500000 0.500000 0.022592
v 0.541667 0.500000 -0.088637
v 0.583333 0.500000 -0.181984
v 0.625000 0.500000 -0.253363
v 0.666667 0.500000 -0.300357
v 0.708333 0.500000 -0.315965
v 0.750000 0.500000 -0.286804
v 0.791667 0.500000 -0.205398
v 0.833333 0.500000 -0.080045
v 0.875000 0.500000 0.070747
v 0.916667 0.500000 0.223963
v 0.958333 0.500000 0.354789
v 1.000000 0.500000 0.439975
v -1.000000 0.541667 0.639575
v -0.958333 0.541667 0.647810
v -0.916667 0.541667 0.576711
v -0.875000 0.541667 0.435303
v -0.833333 0.541667 0.245435
v -0.791667 0.541667 0.039485
v -0.750000 0.541667 -0.143094
v -0.708333 0.541667 -0.263331
v -0.666667 0.541667 -0.309274
v -0.625000 0.541667 -0.315890
v -0.583333 0.541667 -0.314780
v -0.541667 0.541667 -0.300424
v -0.500000 0.541667 -0.255465
v -0.458333 0.541667 -0.184713
v -0.416667 0.541667 -0.111655
v -0.375000 0.541667 -0.058162
v -0.333333 0.541667 -0.036202
v -0.291667 0.541667 -0.047684
v -0.250000 0.541667 -0.086870
v -0.208333 0.541667 -0.143571
v -0.166667 0.541667 -0.206137
v -0.125000 0.541667 -0.263212
v -0.083333 0.541667 -0.303629
v -0.041667 0.541667 -0.315780
v 0.000000 0.541667 -0.290835
v 0.041667 0.541667 -0.228891
v 0.083333 0.541667 -0.138464
v 0.125000 0.541667 -0.031677
v 0.166667 0.541667 0.077932
v 0.208333 0.541667 0.176319
v 0.250000 0.541667 0.250528
v 0.291667 0.541667 0.290833
v 0.333333 0.541667 0.292638
v 0.375000 0.541667 0.257345
v 0.416667 0.541667 0.191806
v 0.458333 0.541667 0.106415
v 0.500000 0.541667 0.012359
v 0.541667 0.541667 -0.081053
v 0.583333 0.541667 -0.167798
v 0.625000 0.541667 -0.243699
v 0.666667 0.541667 -0.300102
v 0.708333 0.541667 -0.313726
v 0.750000 0.541667 -0.255872
v 0.791667 0.541667 -0.128201
v 0.833333 0.541667 0.044031
v 0.875000 0.541667 0.233495
v 0.916667 0.541667 0.413092
v 0.958333 0.541667 0.556175
v 1.000000 0.541667 0.639575
v -1.000000 0.583333 0.796965
v -0.958333 0.583333 0.797317
v -0.916667 0.583333 0.713311
v -0.875000 0.583333 0.557225
v -0.833333 0.583333 0.353389
v -0.791667 0.583333 0.134765
v -0.750000 0.583333 -0.061920
v -0.708333 0.583333 -0.203570
v -0.666667 0.583333 -0.276390
v -0.625000 0.583333 -0.299189
v -0.583333 0.583333 -0.297707
v -0.541667 0.583333 -0.277195
v -0.500000 0.583333 -0.235865
v -0.458333 0.583333 -0.183402
v -0.416667 0.583333 -0.137418
v -0.375000 0.583333 -0.112212
v -0.333333 0.583333 -0.113499
v -0.291667 0.583333 -0.138457
v -0.250000 0.583333 -0.178396
v -0.208333 0.583333 -0.222552
v -0.166667 0.583333 -0.261844
v -0.125000 0.583333 -0.291246
v -0.083333 0.583333 -0.309484
v -0.041667 0.583333 -0.316180
v 0.000000 0.583333 -0.308622
v 0.041667 0.583333 -0.281259
v 0.083333 0.583333 -0.229659
v 0.125000 0.583333 -0.155627
v 0.166667 0.583333 -0.068025
v 0.208333 0.583333 0.020254
v 0.250000 0.583333 0.095914
v 0.291667 0.583333 0.148190
v 0.333333 0.583333 0.170855
v 0.375000 0.583333 0.163010
v 0.416667 0.583333 0.128475
v 0.458333 0.583333 0.073968
v 0.500000 0.583333 0.006663
v 0.541667 0.583333 -0.067954
v 0.583333 0.583333 -0.146755
v 0.625000 0.583333 -0.226508
v 0.666667 0.583333 -0.294804
v 0.708333 0.583333 -0.312713
v 0.750000 0.583333 -0.233493
v 0.791667 0.583333 -0.069351
v 0.833333 0.583333 0.139542
v 0.875000 0.583333 0.359381
v 0.916667 0.583333 0.559955
v 0.958333 0.583333 0.713368
v 1.000000 0.583333 0.796965
v -1.000000 0.625000 0.894962
v -0.958333 0.625000 0.892676
v -0.916667 0.625000 0.805283
v -0.875000 0.625000 0.647582
v -0.833333 0.625000 0.445259
v -0.791667 0.625000 0.230583
v -0.750000 0.625000 0.036612
v -0.708333 0.625000 -0.110002
v -0.666667 0.625000 -0.197850
v -0.625000 0.625000 -0.234934
v -0.583333 0.625000 -0.237460
v -0.541667 0.625000 -0.217435
v -0.500000 0.625000 -0.185535
v -0.458333 0.625000 -0.155374
v -0.416667 0.625000 -0.139902
v -0.375000 0.625000 -0.146076
v -0.333333 0.625000 -0.172638
v -0.291667 0.625000 -0.211322
v -0.250000 0.625000 -0.250664
v -0.208333 0.625000 -0.281269
v -0.166667 0.625000 -0.299932
v -0.125000 0.625000 -0.309239
v -0.083333 0.625000 -0.313505
v -0.041667 0.625000 -0.315634
v 0.000000 0.625000 -0.315996
v 0.041667 0.625000 -0.311283
v 0.083333 0.625000 -0.293887
v 0.125000 0.625000 -0.255731
v 0.166667 0.625000 -0.195835
v 0.208333 0.625000 -0.122685
v 0.250000 0.625000 -0.049383
v 0.291667 0.625000 0.011864
v 0.333333 0.625000 0.052799
v 0.375000 0.625000 0.070032
v 0.416667 0.625000 0.064389
v 0.458333 0.625000 0.039159
v 0.500000 0.625000 -0.002085
v 0.541667 0.625000 -0.057229
v 0.583333 0.625000 -0.125849
v 0.625000 0.625000 -0.206323
v 0.666667 0.625000 -0.285439
v 0.708333 0.625000 -0.313875
v 0.750000 0.625000 -0.225115
v 0.791667 0.625000 -0.037476
v 0.833333 0.625000 0.195937
v 0.875000 0.625000 0.436000
v 0.916667 0.625000 0.650279
v 0.958333 0.625000 0.810447
v 1.000000 0.625000 0.894962
v -1.000000 0.666667 0.924592
v -0.958333 0.666667 0.922965
v -0.916667 0.666667 0.839855
v -0.875000 0.666667 0.691848
v -0.833333 0.666667 0.504926
v -0.791667 0.666667 0.309561
v -0.750000 0.666667 0.134660
v -0.708333 0.666667 0.001223
v -0.666667 0.666667 -0.082603
v -0.625000 0.666667 -0.121696
v -0.583333 0.666667 -0.128433
v -0.541667 0.666667 -0.117592
v -0.500000 0.666667 -0.104606
v -0.458333 0.666667 -0.103283
v -0.416667 0.666667 -0.122021
v -0.375000 0.666667 -0.160947
v -0.333333 0.666667 -0.211661
v -0.291667 0.666667 -0.260259
v -0.250000 0.666667 -0.294196
v -0.208333 0.666667 -0.310290
v -0.166667 0.666667 -0.314980
v -0.125000 0.666667 -0.315619
v -0.083333 0.666667 -0.314918
v -0.041667 0.666667 -0.313125
v 0.000000 0.666667 -0.311813
v 0.041667 0.666667 -0.313313
v 0.083333 0.666667 -0.316107
v 0.125000 0.666667 -0.311391
v 0.166667 0.666667 -0.287156
v 0.208333 0.666667 -0.239568
v 0.250000 0.666667 -0.177297
v 0.291667 0.666667 -0.113934
v 0.333333 0.666667 -0.060610
v 0.375000 0.666667 -0.023653
v 0.416667 0.666667 -0.005200
v 0.458333 0.666667 -0.005012
v 0.500000 0.666667 -0.022566
v 0.541667 0.666667 -0.058539
v 0.583333 0.666667 -0.114780
v 0.625000 0.666667 -0.191281
v 0.666667 0.666667 -0.275723
v 0.708333 0.666667 -0.315385
v 0.750000 0.666667 -0.228220
v 0.791667 0.666667 -0.031375
v 0.833333 0.666667 0.212667
v 0.875000 0.666667 0.460750
v 0.916667 0.666667 0.679291
v 0.958333 0.666667 0.840492
v 1.000000 0.666667 0.924592
v -1.000000 0.708333 0.886853
v -0.958333 0.708333 0.886729
v -0.916667 0.708333 0.812780
v -0.875000 0.708333 0.682693
v -0.833333 0.708333 0.521763
v -0.791667 0.708333 0.357697
v -0.750000 0.708333 0.214755
v -0.708333 0.708333 0.108597
v -0.666667 0.708333 0.043610
v -0.625000 0.708333 0.013870
v -0.583333 0.708333 0.006553
v -0.541667 0.708333 0.005547
v -0.500000 0.708333 -0.004862
v -0.458333 0.708333 -0.035878
v -0.416667 0.708333 -0.090586
v -0.375000 0.708333 -0.162120
v -0.333333 0.708333 -0.234472
v -0.291667 0.708333 -0.287979
v -0.250000 0.708333 -0.312291
v -0.208333 0.708333 -0.316136
v -0.166667 0.708333 -0.315313
v -0.125000 0.708333 -0.316108
v -0.083333 0.708333 -0.314384
v -0.041667 0.708333 -0.305419
v 0.000000 0.708333 -0.292506
v 0.041667 0.708333 -0.284950
v 0.083333 0.708333 -0.289518
v 0.125000 0.708333 -0.304014
v 0.166667 0.708333 -0.315749
v 0.208333 0.708333 -0.307681
v 0.250000 0.708333 -0.272986
v 0.291667 0.708333 -0.220862
v 0.333333 0.708333 -0.165651
v 0.375000 0.708333 -0.117847
v 0.416667 0.708333 -0.082997
v 0.458333 0.708333 -0.063724
v 0.500000 0.708333 -0.062020
v 0.541667 0.708333 -0.080721
v 0.583333 0.708333 -0.123342
v 0.625000 0.708333 -0.190989
v 0.666667 0.708333 -0.272304
v 0.708333 0.708333 -0.315963
v 0.750000 0.708333 -0.235669
v 0.791667 0.708333 -0.042899
v 0.833333 0.708333 0.197323
v 0.875000 0.708333 0.440069
v 0.916667 0.708333 0.651920
v 0.958333 0.708333 0.806619
v 1.000000 0.708333 0.886853
v -1.000000 0.750000 0.792615
v -0.958333 0.750000 0.792571
v -0.916667 0.750000 0.729635
v -0.875000 0.750000 0.621964
v -0.833333 0.750000 0.493333
v -0.791667 0.750000 0.367889
v -0.750000 0.750000 0.264811
v -0.708333 0.750000 0.194404
v -0.666667 0.750000 0.156788
v -0.625000 0.750000 0.143232
v -0.583333 0.750000 0.139067
v -0.541667 0.750000 0.127562
v -0.500000 0.750000 0.094468
v -0.458333 0.750000 0.032388
v -0.416667 0.750000 -0.056107
v -0.375000 0.750000 -0.157250
v -0.333333 0.750000 -0.247451
v -0.291667 0.750000 -0.301891
v -0.250000 0.750000 -0.316166
v -0.208333 0.750000 -0.312865
v -0.166667 0.750000 -0.312598
v -0.125000 0.750000 -0.316086
v -0.083333 0.750000 -0.310538
v -0.041667 0.750000 -0.287707
v 0.000000 0.750000 -0.255893
v 0.041667 0.750000 -0.231843
v 0.083333 0.750000 -0.227844
v 0.125000 0.750000 -0.246208
v 0.166667 0.750000 -0.278625
v 0.208333 0.750000 -0.307961
v 0.250000 0.750000 -0.315219
v 0.291667 0.750000 -0.293504
v 0.333333 0.750000 -0.252704
v 0.375000 0.750000 -0.207137
v 0.416667 0.750000 -0.166751
v 0.458333 0.750000 -0.137308
v 0.500000 0.750000 -0.123008
v 0.541667 0.750000 -0.128256
v 0.583333 0.750000 -0.157534
v 0.625000 0.750000 -0.212251
v 0.666667 0.750000 -0.281017
v 0.708333 0.750000 -0.315635
v 0.750000 0.750000 -0.239418
v 0.791667 0.750000 -0.060396
v 0.833333 0.750000 0.162882
v 0.875000 0.750000 0.387361
v 0.916667 0.750000 0.581374
v 0.958333 0.750000 0.721217
v 1.000000 0.750000 0.792615
v -1.000000 0.791667 0.660519
v -0.958333 0.791667 0.657670
v -0.916667 0.791667 0.605027
v -0.875000 0.791667 0.520658
v -0.833333 0.791667 0.426154
v -0.791667 0.791667 0.341551
v -0.750000 0.791667 0.280749
v -0.708333 0.791667 0.248748
v -0.666667 0.791667 0.241230
v -0.625000 0.791667 0.246167
v -0.583333 0.791667 0.246997
v -0.541667 0.791667 0.227036
v -0.500000 0.791667 0.174321
v -0.458333 0.791667 0.085692
v -0.416667 0.791667 -0.030749
v -0.375000 0.791667 -0.154976
v -0.333333 0.791667 -0.256884
v -0.291667 0.791667 -0.308781
v -0.250000 0.791667 -0.315305
v -0.208333 0.791667 -0.310022
v -0.166667 0.791667 -0.312685
v -0.125000 0.791667 -0.315858
v -0.083333 0.791667 -0.299235
v -0.041667 0.791667 -0.256563
v 0.000000 0.791667 -0.204597
v 0.041667 0.791667 -0.165334
v 0.083333 0.791667 -0.152650
v 0.125000 0.791667 -0.169620
v 0.166667 0.791667 -0.209701
v 0.208333 0.791667 -0.258982
v 0.250000 0.791667 -0.299520
v 0.291667 0.791667 -0.316090
v 0.333333 0.791667 -0.305790
v 0.375000 0.791667 -0.278428
v 0.416667 0.791667 -0.246205
v 0.458333 0.791667 -0.217911
v 0.500000 0.791667 -0.199751
v 0.541667 0.791667 -0.197184
v 0.583333 0.791667 -0.214911
v 0.625000 0.791667 -0.253609
v 0.666667 0.791667 -0.300484
v 0.708333 0.791667 -0.311917
v 0.750000 0.791667 -0.232793
v 0.791667 0.791667 -0.072480
v 0.833333 0.791667 0.123987
v 0.875000 0.791667 0.319545
v 0.916667 0.791667 0.486054
v 0.958333 0.791667 0.603301
v 1.000000 0.791667 0.660519
v -1.000000 0.833333 0.513207
v -0.958333 0.833333 0.504438
v -0.916667 0.833333 0.459809
v -0.875000 0.833333 0.396799
v -0.833333 0.833333 0.334329
v -0.791667 0.833333 0.288078
v -0.750000 0.833333 0.266800
v -0.708333 0.833333 0.270521
v -0.666667 0.833333 0.290716
v -0.625000 0.833333 0.312299
v -0.583333 0.833333 0.317341
v -0.541667 0.833333 0.289919
v -0.500000 0.833333 0.220915
v -0.458333 0.833333 0.111564
v -0.416667 0.833333 -0.024826
v -0.375000 0.833333 -0.162804
v -0.333333 0.833333 -0.267554
v -0.291667 0.833333 -0.312658
v -0.250000 0.833333 -0.314022
v -0.208333 0.833333 -0.310314
v -0.166667 0.833333 -0.315065
v -0.125000 0.833333 -0.311470
v -0.083333 0.833333 -0.276534
v -0.041667 0.833333 -0.213049
v 0.000000 0.833333 -0.145661
v 0.041667 0.833333 -0.097541
v 0.083333 0.833333 -0.081180
v 0.125000 0.833333 -0.098213
v 0.166667 0.833333 -0.141605
v 0.208333 0.833333 -0.198634
v 0.250000 0.833333 -0.254276
v 0.291667 0.833333 -0.295166
v 0.333333 0.833333 -0.314348
v 0.375000 0.833333 -0.313958
v 0.416667 0.833333 -0.301893
v 0.458333 0.833333 -0.286364
v 0.500000 0.833333 -0.273985
v 0.541667 0.833333 -0.270219
v 0.583333 0.833333 -0.278939
v 0.625000 0.833333 -0.298926
v 0.666667 0.833333 -0.315821
v 0.708333 0.833333 -0.295888
v 0.750000 0.833333 -0.210794
v 0.791667 0.833333 -0.071113
v 0.833333 0.833333 0.093009
v 0.875000 0.833333 0.252888
v 0.916667 0.833333 0.385367
v 0.958333 0.833333 0.474466
v 1.000000 0.833333 0.513207
v -1.000000 0.875000 0.372663
v -0.958333 0.875000 0.355970
v -0.916667 0.875000 0.316810
v -0.875000 0.875000 0.271608
v -0.833333 0.875000 0.236313
v -0.791667 0.875000 0.222331
v -0.750000 0.875000 0.233756
v -0.708333 0.875000 0.266257
v -0.666667 0.875000 0.307679
v -0.625000 0.875000 0.340556
v -0.583333 0.875000 0.346419
v -0.541667 0.875000 0.310883
v -0.500000 0.875000 0.228149
v -0.458333 0.875000 0.103901
v -0.416667 0.875000 -0.043694
v -0.375000 0.875000 -0.184563
v -0.333333 0.875000 -0.281497
v -0.291667 0.875000 -0.315104
v -0.250000 0.875000 -0.313333
v -0.208333 0.875000 -0.312713
v -0.166667 0.875000 -0.316081
v -0.125000 0.875000 -0.298440
v -0.083333 0.875000 -0.242160
v -0.041667 0.875000 -0.162387
v 0.000000 0.875000 -0.087487
v 0.041667 0.875000 -0.038558
v 0.083333 0.875000 -0.025054
v 0.125000 0.875000 -0.045987
v 0.166667 0.875000 -0.092652
v 0.208333 0.875000 -0.152123
v 0.250000 0.875000 -0.211014
v 0.291667 0.875000 -0.258980
v 0.333333 0.875000 -0.291197
v 0.375000 0.875000 -0.308567
v 0.416667 0.875000 -0.315293
v 0.458333 0.875000 -0.316011
v 0.500000 0.875000 -0.314573
v 0.541667 0.875000 -0.313961
v 0.583333 0.875000 -0.315423
v 0.625000 0.875000 -0.315490
v 0.666667 0.875000 -0.302048
v 0.708333 0.875000 -0.256989
v 0.750000 0.875000 -0.171163
v 0.791667 0.875000 -0.053413
v 0.833333 0.875000 0.076975
v 0.875000 0.875000 0.199134
v 0.916667 0.875000 0.295384
v 0.958333 0.875000 0.354291
v 1.000000 0.875000 0.372663
v -1.000000 0.916667 0.255691
v -0.958333 0.916667 0.231241
v -0.916667 0.916667 0.195948
v -0.875000 0.916667 0.164745
v -0.833333 0.916667 0.150513
v -0.791667 0.916667 0.160784
v -0.750000 0.916667 0.195721
v -0.708333 0.916667 0.247422
v -0.666667 0.916667 0.300914
v -0.625000 0.916667 0.337317
v -0.583333 0.916667 0.338635
v -0.541667 0.916667 0.292838
v -0.500000 0.916667 0.197892
v -0.458333 0.916667 0.063975
v -0.416667 0.916667 -0.086176
v -0.375000 0.916667 -0.218608
v -0.333333 0.916667 -0.297119
v -0.291667 0.916667 -0.316171
v -0.250000 0.916667 -0.313214
v -0.208333 0.916667 -0.315259
v -0.166667 0.916667 -0.311933
v -0.125000 0.916667 -0.274927
v -0.083333 0.916667 -0.199502
v -0.041667 0.916667 -0.110886
v 0.000000 0.916667 -0.036978
v 0.041667 0.916667 0.004894
v 0.083333 0.916667 0.009180
v 0.125000 0.916667 -0.019814
v 0.166667 0.916667 -0.071105
v 0.208333 0.916667 -0.130982
v 0.250000 0.916667 -0.187046
v 0.291667 0.916667 -0.231437
v 0.333333 0.916667 -0.262057
v 0.375000 0.916667 -0.281115
v 0.416667 0.916667 -0.292269
v 0.458333 0.916667 -0.298474
v 0.500000 0.916667 -0.301261
v 0.541667 0.916667 -0.300721
v 0.583333 0.916667 -0.295245
v 0.625000 0.916667 -0.280644
v 0.666667 0.916667 -0.249872
v 0.708333 0.916667 -0.195989
v 0.750000 0.916667 -0.117801
v 0.791667 0.916667 -0.022636
v 0.833333 0.916667 0.076027
v 0.875000 0.916667 0.162989
v 0.916667 0.916667 0.225471
v 0.958333 0.916667 0.256299
v 1.000000 0.916667 0.255691
v -1.000000 0.958333 0.170749
v -0.958333 0.958333 0.141298
v -0.916667 0.958333 0.109980
v -0.875000 0.958333 0.089884
v -0.833333 0.958333 0.090949
v -0.791667 0.958333 0.117416
v -0.750000 0.958333 0.166274
v -0.708333 0.958333 0.226836
v -0.666667 0.958333 0.282282
v -0.625000 0.958333 0.313466
v -0.583333 0.958333 0.303972
v -0.541667 0.958333 0.244950
v -0.500000 0.958333 0.138579
v -0.458333 0.958333 -0.000380
v -0.416667 0.958333 -0.144739
v -0.375000 0.958333 -0.257701
v -0.333333 0.958333 -0.309979
v -0.291667 0.958333 -0.315472
v -0.250000 0.958333 -0.313651
v -0.208333 0.958333 -0.316140
v -0.166667 0.958333 -0.300086
v -0.125000 0.958333 -0.241946
v -0.083333 0.958333 -0.152868
v -0.041667 0.958333 -0.063251
v 0.000000 0.958333 0.002013
v 0.041667 0.958333 0.030137
v 0.083333 0.958333 0.019962
v 0.125000 0.958333 -0.020496
v 0.166667 0.958333 -0.077738
v 0.208333 0.958333 -0.137196
v 0.250000 0.958333 -0.187502
v 0.291667 0.958333 -0.223236
v 0.333333 0.958333 -0.244747
v 0.375000 0.958333 -0.255482
v 0.416667 0.958333 -0.259255
v 0.458333 0.958333 -0.258881
v 0.500000 0.958333 -0.255661
v 0.541667 0.958333 -0.249112
v 0.583333 0.958333 -0.236940
v 0.625000 0.958333 -0.215389
v 0.666667 0.958333 -0.180250
v 0.708333 0.958333 -0.128894
v 0.750000 0.958333 -0.062759
v 0.791667 0.958333 0.011528
v 0.833333 0.958333 0.083428
v 0.875000 0.958333 0.141497
v 0.916667 0.958333 0.176780
v 0.958333 0.958333 0.185569
v 1.000000 0.958333 0.170749
v -1.000000 1.000000 0.117094
v -0.958333 1.000000 0.087722
v -0.916667 1.000000 0.062423
v -0.875000 1.000000 0.052258
v -0.833333 1.000000 0.064527
v -0.791667 1.000000 0.100708
v -0.750000 1.000000 0.155176
v -0.708333 1.000000 0.215206
v -0.666667 1.000000 0.263197
v -0.625000 1.000000 0.280957
v -0.583333 1.000000 0.254745
v -0.541667 1.000000 0.179681
v -0.500000 1.000000 0.062594
v -0.458333 1.000000 -0.076947
v -0.416667 1.000000 -0.207280
v -0.375000 1.000000 -0.291335
v -0.333333 1.000000 -0.315918
v -0.291667 1.000000 -0.313402
v -0.250000 1.000000 -0.314704
v -0.208333 1.000000 -0.313480
v -0.166667 1.000000 -0.279228
v -0.125000 1.000000 -0.201584
v -0.083333 1.000000 -0.105360
v -0.041667 1.000000 -0.021641
v 0.000000 1.000000 0.028916
v 0.041667 1.000000 0.038422
v 0.083333 1.000000 0.010353
v 0.125000 1.000000 -0.043437
v 0.166667 1.000000 -0.106996
v 0.208333 1.000000 -0.165249
v 0.250000 1.000000 -0.208470
v 0.291667 1.000000 -0.234112
v 0.333333 1.000000 -0.244749
v 0.375000 1.000000 -0.244518
v 0.416667 1.000000 -0.237288
v 0.458333 1.000000 -0.226306
v 0.500000 1.000000 -0.213668
v 0.541667 1.000000 -0.199554
v 0.583333 1.000000 -0.182048
v 0.625000 1.000000 -0.157864
v 0.666667 1.000000 -0.123762
v 0.708333 1.000000 -0.078343
v 0.750000 1.000000 -0.023646
v 0.791667 1.000000 0.034357
v 0.833333 1.000000 0.086951
v 0.875000 1.000000 0.125198
v 0.916667 1.000000 0.142852
v 0.958333 1.000000 0.138632
v 1.000000 1.000000 0.117094
vt 0.000000 0.000000
vt 0.020833 0.000000
vt 0.041667 0.000000
vt 0.062500 0.000000
vt 0.083333 0.000000
vt 0.104167 0.000000
vt 0.125000 0.000000
vt 0.145833 0.000000
vt 0.166667 0.000000
vt 0.187500 0.000000
vt 0.208333 0.000000
vt 0.229167 0.000000
vt 0.250000 0.000000
vt 0.270833 0.000000
vt 0.291667 0.000000
vt 0.312500 0.000000
vt 0.333333 0.000000
vt 0.354167 0.000000
vt 0.375000 0.000000
vt 0.395833 0.000000
vt 0.416667 0.000000
vt 0.437500 0.000000
vt 0.458333 0.000000
vt 0.479167 0.000000
vt 0.500000 0.000000
vt 0.520833 0.000000
vt 0.541667 0.000000
vt 0.562500 0.000000
vt 0.583333 0.000000
vt 0.604167 0.000000
vt 0.625000 0.000000
vt 0.645833 0.000000
vt 0.666667 0.000000
vt 0.687500 0.000000
vt 0.708333 0.000000
vt 0.729167 0.000000
vt 0.750000 0.000000
vt 0.770833 0.000000
vt 0.791667 0.000000
vt 0.812500 0.000000
vt 0.833333 0.000000
vt 0.854167 0.000000
vt 0.875000 0.000000
vt 0.895833 0.000000
vt 0.916667 0.000000
vt 0.937500 0.000000
vt 0.958333 0.000000
vt 0.979167 0.000000
vt 1.000000 0.000000
vt 0.000000 0.020833
vt 0.020833 0.020833
vt 0.041667 0.020833
vt 0.062500 0.020833
vt 0.083333 0.020833
vt 0.104167 0.020833
vt 0.125000 0.020833
vt 0.145833 0.020833
vt 0.166667 0.020833
vt 0.187500 0.020833
vt 0.208333 0.020833
vt 0.229167 0.020833
vt 0.250000 0.020833
vt 0.270833 0.020833
vt 0.291667 0.020833
vt 0.312500 0.020833
vt 0.333333 0.020833
vt 0.354167 0.020833
vt 0.375000 0.020833
vt 0.395833 0.020833
vt 0.416667 0.020833
vt 0.437500 0.020833
vt 0.458333 0.020833
vt 0.479167 0.020833
vt 0.500000 0.020833
vt 0.520833 0.020833
vt 0.541667 0.020833
vt 0.562500 0.020833
vt 0.583333 0.020833
vt 0.604167 0.020833
vt 0.625000 0.020833
vt 0.645833 0.020833
vt 0.666667 0.020833
vt 0.687500 0.020833
vt 0.708333 0.020833
vt 0.729167 0.020833
vt 0.750000 0.020833
vt 0.770833 0.020833
vt 0.791667 0.020833
vt 0.812500 0.020833
vt 0.833333 0.020833
vt 0.854167 0.020833
vt 0.875000 0.020833
vt 0.895833 0.020833
vt 0.916667 0.020833
vt 0.937500 0.020833
vt 0.958333 0.020833
vt 0.979167 0.020833
vt 1.000000 0.020833
vt 0.000000 0.041667
vt 0.020833 0.041667
vt 0.041667 0.041667
vt 0.062500 0.041667
vt 0.083333 0.041667
vt 0.104167 0.041667
vt 0.125000 0.041667
vt 0.145833 0.041667
vt 0.166667 0.041667
vt 0.187500 0.041667
vt 0.208333 0.041667
vt 0.229167 0.041667
vt 0.250000 0.041667
vt 0.270833 0.041667
vt 0.291667 0.041667
vt 0.312500 0.041667
vt 0.333333 0.041667
vt 0.354167 0.041667
vt 0.375000 0.041667
vt 0.395833 0.041667
vt 0.416667 0.041667
vt 0.437500 0.041667
vt 0.458333 0.041667
vt 0.479167 0.041667
vt 0.500000 0.041667
vt 0.520833 0.041667
vt 0.541667 0.041667
vt 0.562500 0.041667
vt 0.583333 0.041667
vt 0.604167 0.041667
vt 0.625000 0.041667
vt 0.645833 0.041667
vt 0.666667 0.041667
vt 0.687500 0.041667
vt 0.708333 0.041667
vt 0.729167 0.041667
vt 0.750000 0.041667
vt 0.770833 0.041667
vt 0.791667 0.041667
vt 0.812500 0.041667
vt 0.833333 0.041667
vt 0.854167 0.041667
vt 0.875000 0.041667
vt 0.895833 0.041667
vt 0.916667 0.041667
vt 0.937500 0.041667
vt 0.958333 0.041667
vt 0.979167 0.041667
vt 1.000000 0.041667
vt 0.000000 0.062500
vt 0.020833 0.062500
vt 0.041667 0.062500
vt 0.062500 0.062500
vt 0.083333 0.062500
vt 0.104167 0.062500
vt 0.125000 0.062500
vt 0.145833 0.062500
vt 0.166667 0.062500
vt 0.187500 0.062500
vt 0.208333 0.062500
vt 0.229167 0.062500
vt 0.250000 0.062500
vt 0.270833 0.062500
vt 0.291667 0.062500
vt 0.312500 0.062500
vt 0.333333 0.062500
vt 0.354167 0.062500
vt 0.375000 0.062500
vt 0.395833 0.062500
vt 0.416667 0.062500
vt 0.437500 0.062500
vt 0.458333 0.062500
vt 0.479167 0.062500
vt 0.500000 0.062500
vt 0.520833 0.062500
vt 0.541667 0.062500
vt 0.562500 0.062500
vt 0.583333 0.062500
vt 0.604167 0.062500
vt 0.625000 0.062500
vt 0.645833 0.062500
vt 0.666667 0.062500
vt 0.687500 0.062500
vt 0.708333 0.062500
vt 0.729167 0.062500
vt 0.750000 0.062500
vt 0.770833 0.062500
vt 0.791667 0.062500
vt 0.812500 0.062500
vt 0.833333 0.062500
vt 0.854167 0.062500
vt 0.875000 0.062500
vt 0.895833 0.062500
vt 0.916667 0.062500
vt 0.937500 0.062500
vt 0.958333 0.062500
vt 0.979167 0.062500
vt 1.000000 0.062500
vt 0.000000 0.083333
vt 0.020833 0.083333
vt 0.041667 0.083333
vt 0.062500 0.083333
vt 0.083333 0.083333
vt 0.104167 0.083333
vt 0.125000 0.083333
vt 0.145833 0.083333
vt 0.166667 0.083333
vt 0.187500 0.083333
vt 0.208333 0.083333
vt 0.229167 0.083333
vt 0.250000 0.083333
vt 0.270833 0.083333
vt 0.291667 0.083333
vt 0.312500 0.083333
vt 0.333333 0.083333
vt 0.354167 0.083333
vt 0.375000 0.083333
vt 0.395833 0.083333
vt 0.416667 0.083333
vt 0.437500 0.083333
vt 0.458333 0.083333
vt 0.479167 0.083333
vt 0.500000 0.083333
vt 0.520833 0.083333
vt 0.541667 0.083333
vt 0.562500 0.083333
vt 0.583333 0.083333
vt 0.604167 0.083333
vt 0.625000 0.083333
vt 0.645833 0.083333
vt 0.666667 0.083333
vt 0.687500 0.083333
vt 0.708333 0.083333
vt 0.729167 0.083333
vt 0.750000 0.083333
vt 0.770833 0.083333
vt 0.791667 0.083333
vt 0.812500 0.083333
vt 0.833333 0.083333
vt 0.854167 0.083333
vt 0.875000 0.083333
vt 0.895833 0.083333
vt 0.916667 0.083333
vt 0.937500 0.083333
vt 0.958333 0.083333
vt 0.979167 0.083333
vt 1.000000 0.083333
vt 0.000000 0.104167
vt 0.020833 0.104167
vt 0.041667 0.104167
vt 0.062500 0.104167
vt 0.083333 0.104167
vt 0.104167 0.104167
vt 0.125000 0.104167
vt 0.145833 0.104167
vt 0.166667 0.104167
vt 0.187500 0.104167
vt 0.208333 0.104167
vt 0.229167 0.104167
vt 0.250000 0.104167
vt 0.270833 0.104167
vt 0.291667 0.104167
vt 0.312500 0.104167
vt 0.333333 0.104167
vt 0.354167 0.104167
vt 0.375000 0.104167
vt 0.395833 0.104167
vt 0.416667 0.104167
vt 0.437500 0.104167
vt 0.458333 0.104167
vt 0.479167 0.104167
vt 0.500000 0.104167
vt 0.520833 0.104167
vt 0.541667 0.104167
vt 0.562500 0.104167
vt 0.583333 0.104167
vt 0.604167 0.104167
vt 0.625000 0.104167
vt 0.645833 0.104167
vt 0.666667 0.104167
vt 0.687500 0.104167
vt 0.708333 0.104167
vt 0.729167 0.104167
vt 0.750000 0.104167
vt 0.770833 0.104167
vt 0.791667 0.104167
vt 0.812500 0.104167
vt 0.833333 0.104167
vt 0.854167 0.104167
vt 0.875000 0.104167
vt 0.895833 0.104167
vt 0.916667 0.104167
vt 0.937500 0.104167
vt 0.958333 0.104167
vt 0.979167 0.104167
vt 1.000000 0.104167
vt 0.000000 0.125000
vt 0.020833 0.125000
vt 0.041667 0.125000
vt 0.062500 0.125000
vt 0.083333 0.125000
vt 0.104167 0.125000
vt 0.125000 0.125000
vt 0.145833 0.125000
vt 0.166667 0.125000
vt 0.187500 0.125000
vt 0.208333 0.125000
vt 0.229167 0.125000
vt 0.250000 0.125000
vt 0.270833 0.125000
vt 0.291667 0.125000
vt 0.312500 0.125000
vt 0.333333 0.125000
vt 0.354167 0.125000
vt 0.375000 0.125000
vt 0.395833 0.125000
vt 0.416667 0.125000
vt 0.437500 0.125000
vt 0.458333 0.125000
vt 0.479167 0.125000
vt 0.500000 0.125000
vt 0.520833 0.125000
vt 0.541667 0.125000
vt 0.562500 0.125000
vt 0.583333 0.125000
vt 0.604167 0.125000
vt 0.625000 0.125000
vt 0.645833 0.125000
vt 0.666667 0.125000
vt 0.687500 0.125000
vt 0.708333 0.125000
vt 0.729167 0.125000
vt 0.750000 0.125000
vt 0.770833 0.125000
vt 0.791667 0.125000
vt 0.812500 0.125000
vt 0.833333 0.125000
vt 0.854167 0.125000
vt 0.875000 0.125000
vt 0.895833 0.125000
vt 0.916667 0.125000
vt 0.937500 0.125000
vt 0.958333 0.125000
vt 0.979167 0.125000
vt 1.000000 0.125000
vt 0.000000 0.145833
vt 0.020833 0.145833
vt 0.041667 0.145833
vt 0.062500 0.145833
vt 0.083333 0.145833
vt 0.104167 0.145833
vt 0.125000 0.145833
vt 0.145833 0.145833
vt 0.166667 0.145833
vt 0.187500 0.145833
vt 0.208333 0.145833
vt 0.229167 0.145833
vt 0.250000 0.145833
vt 0.270833 0.145833
vt 0.291667 0.145833
vt 0.312500 0.145833
vt 0.333333 0.145833
vt 0.354167 0.145833
vt 0.375000 0.145833
vt 0.395833 0.145833
vt 0.416667 0.145833
vt 0.437500 0.145833
vt 0.458333 0.145833
vt 0.479167 0.145833
vt 0.500000 0.145833
vt 0.520833 0.145833
vt 0.541667 0.145833
vt 0.562500 0.145833
vt 0.583333 0.145833
vt 0.604167 0.145833
vt 0.625000 0.145833
vt 0.645833 0.145833
vt 0.666667 0.145833
vt 0.687500 0.145833
vt 0.708333 0.145833
vt 0.729167 0.145833
vt 0.750000 0.145833
vt 0.770833 0.145833
vt 0.791667 0.145833
vt 0.812500 0.145833
vt 0.833333 0.145833
vt 0.854167 0.145833
vt 0.875000 0.145833
vt 0.895833 0.145833
vt 0.916667 0.145833
vt 0.937500 0.145833
vt 0.958333 0.145833
vt 0.979167 0.145833
vt 1.000000 0.145833
vt 0.000000 0.166667
vt 0.020833 0.166667
vt 0.041667 0.166667
vt 0.062500 0.166667
vt 0.083333 0.166667
vt 0.104167 0.166667
vt 0.125000 0.166667
vt 0.145833 0.166667
vt 0.166667 0.166667
vt 0.187500 0.166667
vt 0.208333 0.166667
vt 0.229167 0.166667
vt 0.250000 0.166667
vt 0.270833 0.166667
vt 0.291667 0.166667
vt 0.312500 0.166667
vt 0.333333 0.166667
vt 0.354167 0.166667
vt 0.375000 0.166667
vt 0.395833 0.166667
vt 0.416667 0.166667
vt 0.437500 0.166667
vt 0.458333 0.166667
vt 0.479167 0.166667
vt 0.500000 0.166667
vt 0.520833 0.166667
vt 0.541667 0.166667
vt 0.562500 0.166667
vt 0.583333 0.166667
vt 0.604167 0.166667
vt 0.625000 0.166667
vt 0.645833 0.166667
vt 0.666667 0.166667
vt 0.687500 0.166667
vt 0.708333 0.166667
vt 0.729167 0.166667
vt 0.750000 0.166667
vt 0.770833 0.166667
vt 0.791667 0.166667
vt 0.812500 0.166667
vt 0.833333 0.166667
vt 0.854167 0.166667
vt 0.875000 0.166667
vt 0.895833 0.166667
vt 0.916667 0.166667
vt 0.937500 0.166667
vt 0.958333 0.166667
vt 0.979167 0.166667
vt 1.000000 0.166667
vt 0.000000 0.187500
vt 0.020833 0.187500
vt 0.041667 0.187500
vt 0.062500 0.187500
vt 0.083333 0.187500
vt 0.104167 0.187500
vt 0.125000 0.187500
vt 0.145833 0.187500
vt 0.166667 0.187500
vt 0.187500 0.187500
vt 0.208333 0.187500
vt 0.229167 0.187500
vt 0.250000 0.187500
vt 0.270833 0.187500
vt 0.291667 0.187500
vt 0.312500 0.187500
vt 0.333333 0.187500
vt 0.354167 0.187500
vt 0.375000 0.187500
vt 0.395833 0.187500
vt 0.416667 0.187500
vt 0.437500 0.187500
vt 0.458333 0.187500
vt 0.479167 0.187500
vt 0.500000 0.187500
vt 0.520833 0.187500
vt 0.541667 0.187500
vt 0.562500 0.187500
vt 0.583333 0.187500
vt 0.604167 0.187500
vt 0.625000 0.187500
vt 0.645833 0.187500
vt 0.666667 0.187500
vt 0.687500 0.187500
vt 0.708333 0.187500
vt 0.729167 0.187500
vt 0.750000 0.187500
vt 0.770833 0.187500
vt 0.791667 0.187500
vt 0.812500 0.187500
vt 0.833333 0.187500
vt 0.854167 0.187500
vt 0.875000 0.187500
vt 0.895833 0.187500
vt 0.916667 0.187500
vt 0.937500 0.187500
vt 0.958333 0.187500
vt 0.979167 0.187500
vt 1.000000 0.187500
vt 0.000000 0.208333
vt 0.020833 0.208333
vt 0.041667 0.208333
vt 0.062500 0.208333
vt 0.083333 0.208333
vt 0.104167 0.208333
vt 0.125000 0.208333
vt 0.145833 0.208333
vt 0.166667 0.208333
vt 0.187500 0.208333
vt 0.208333 0.208333
vt 0.229167 0.208333
vt 0.250000 0.208333
vt 0.270833 0.208333
vt 0.291667 0.208333
vt 0.312500 0.208333
vt 0.333333 0.208333
vt 0.354167 0.208333
vt 0.375000 0.208333
vt 0.395833 0.208333
vt 0.416667 0.208333
vt 0.437500 0.208333
vt 0.458333 0.208333
vt 0.479167 0.208333
vt 0.500000 0.208333
vt 0.520833 0.208333
vt 0.541667 0.208333
vt 0.562500 0.208333
vt 0.583333 0.208333
vt 0.604167 0.208333
vt 0.625000 0.208333
vt 0.645833 0.208333
vt 0.666667 0.208333
vt 0.687500 0.208333
vt 0.708333 0.208333
vt 0.729167 0.208333
vt 0.750000 0.208333
vt 0.770833 0.208333
vt 0.791667 0.208333
vt 0.812500 0.208333
vt 0.833333 0.208333
vt 0.854167 0.208333
vt 0.875000 0.208333
vt 0.895833 0.208333
vt 0.916667 0.208333
vt 0.937500 0.208333
vt 0.958333 0.208333
vt 0.979167 0.208333
vt 1.000000 0.208333
vt 0.000000 0.229167
vt 0.020833 0.229167
vt 0.041667 0.229167
vt 0.062500 0.229167
vt 0.083333 0.229167
vt 0.104167 0.229167
vt 0.125000 0.229167
vt 0.145833 0.229167
vt 0.166667 0.229167
vt 0.187500 0.229167
vt 0.208333 0.229167
vt 0.229167 0.229167
vt 0.250000 0.229167
vt 0.270833 0.229167
vt 0.291667 0.229167
vt 0.312500 0.229167
vt 0.333333 0.229167
vt 0.354167 0.229167
vt 0.375000 0.229167
vt 0.395833 0.229167
vt 0.416667 0.229167
vt 0.437500 0.229167
vt 0.458333 0.229167
vt 0.479167 0.229167
vt 0.500000 0.229167
vt 0.520833 0.229167
vt 0.541667 0.229167
vt 0.562500 0.229167
vt 0.583333 0.229167
vt 0.604167 0.229167
vt 0.625000 0.229167
vt 0.645833 0.229167
vt 0.666667 0.229167
vt 0.687500 0.229167
vt 0.708333 0.229167
vt 0.729167 0.229167
vt 0.750000 0.229167
vt 0.770833 0.229167
vt 0.791667 0.229167
vt 0.812500 0.229167
vt 0.833333 0.229167
vt 0.854167 0.229167
vt 0.875000 0.229167
vt 0.895833 0.229167
vt 0.916667 0.229167
vt 0.937500 0.229167
vt 0.958333 0.229167
vt 0.979167 0.229167
vt 1.000000 0.229167
vt 0.000000 0.250000
vt 0.020833 0.250000
vt 0.041667 0.250000
vt 0.062500 0.250000
vt 0.083333 0.250000
vt 0.104167 0.250000
vt 0.125000 0.250000
vt 0.145833 0.250000
vt 0.166667 0.250000
vt 0.187500 0.250000
vt 0.208333 0.250000
vt 0.229167 0.250000
vt 0.250000 0.250000
vt 0.270833 0.250000
vt 0.291667 0.250000
vt 0.312500 0.250000
vt 0.333333 0.250000
vt 0.354167 0.250000
vt 0.375000 0.250000
vt 0.395833 0.250000
vt 0.416667 0.250000
vt 0.437500 0.250000
vt 0.458333 0.250000
vt 0.479167 0.250000
vt 0.500000 0.250000
vt 0.520833 0.250000
vt 0.541667 0.250000
vt 0.562500 0.250000
vt 0.583333 0.250000
vt 0.604167 0.250000
vt 0.625000 0.250000
vt 0.645833 0.250000
vt 0.666667 0.250000
vt 0.687500 0.250000
vt 0.708333 0.250000
vt 0.729167 0.250000
vt 0.750000 0.250000
vt 0.770833 0.250000
vt 0.791667 0.250000
vt 0.812500 0.250000
vt 0.833333 0.250000
vt 0.854167 0.250000
vt 0.875000 0.250000
vt 0.895833 0.250000
vt 0.916667 0.250000
vt 0.937500 0.250000
vt 0.958333 0.250000
vt 0.979167 0.250000
vt 1.000000 0.250000
vt 0.000000 0.270833
vt 0.020833 0.270833
vt 0.041667 0.270833
vt 0.062500 0.270833
vt 0.083333 0.270833
vt 0.104167 0.270833
vt 0.125000 0.270833
vt 0.145833 0.270833
vt 0.166667 0.270833
vt 0.187500 0.270833
vt 0.208333 0.270833
vt 0.229167 0.270833
vt 0.250000 0.270833
vt 0.270833 0.270833
vt 0.291667 0.270833
vt 0.312500 0.270833
vt 0.333333 0.270833
vt 0.354167 0.270833
vt 0.375000 0.270833
vt 0.395833 0.270833
vt 0.416667 0.270833
vt 0.437500 0.270833
vt 0.458333 0.270833
vt 0.479167 0.270833
vt 0.500000 0.270833
vt 0.520833 0.270833
vt 0.541667 0.270833
vt 0.562500 0.270833
vt 0.583333 0.270833
vt 0.604167 0.270833
vt 0.625000 0.270833
vt 0.645833 0.270833
vt 0.666667 0.270833
vt 0.687500 0.270833
vt 0.708333 0.270833
vt 0.729167 0.270833
vt 0.750000 0.270833
vt 0.770833 0.270833
vt 0.791667 0.270833
vt 0.812500 0.270833
vt 0.833333 0.270833
vt 0.854167 0.270833
vt 0.875000 0.270833
vt 0.895833 0.270833
vt 0.916667 0.270833
vt 0.937500 0.270833
vt 0.958333 0.270833
vt 0.979167 0.270833
vt 1.000000 0.270833
vt 0.000000 0.291667
vt 0.020833 0.291667
vt 0.041667 0.291667
vt 0.062500 0.291667
vt 0.083333 0.291667
vt 0.104167 0.291667
vt 0.125000 0.291667
vt 0.145833 0.291667
vt 0.166667 0.291667
vt 0.187500 0.291667
vt 0.208333 0.291667
vt 0.229167 0.291667
vt 0.250000 0.291667
vt 0.270833 0.291667
vt 0.291667 0.291667
vt 0.312500 0.291667
vt 0.333333 0.291667
vt 0.354167 0.291667
vt 0.375000 0.291667
vt 0.395833 0.291667
vt 0.416667 0.291667
vt 0.437500 0.291667
vt 0.458333 0.291667
vt 0.479167 0.291667
vt 0.500000 0.291667
vt 0.520833 0.291667
vt 0.541667 0.291667
vt 0.562500 0.291667
vt 0.583333 0.291667
vt 0.604167 0.291667
vt 0.625000 0.291667
vt 0.645833 0.291667
vt 0.666667 0.291667
vt 0.687500 0.291667
vt 0.708333 0.291667
vt 0.729167 0.291667
vt 0.750000 0.291667
vt 0.770833 0.291667
vt 0.791667 0.291667
vt 0.812500 0.291667
vt 0.833333 0.291667
vt 0.854167 0.291667
vt 0.875000 0.291667
vt 0.895833 0.291667
vt 0.916667 0.291667
vt 0.937500 0.291667
vt 0.958333 0.291667
vt 0.979167 0.291667
vt 1.000000 0.291667
vt 0.000000 0.312500
vt 0.020833 0.312500
vt 0.041667 0.312500
vt 0.062500 0.312500
vt 0.083333 0.312500
vt 0.104167 0.312500
vt 0.125000 0.312500
vt 0.145833 0.312500
vt 0.166667 0.312500
vt 0.187500 0.312500
vt 0.208333 0.312500
vt 0.229167 0.312500
vt 0.250000 0.312500
vt 0.270833 0.312500
vt 0.291667 0.312500
vt 0.312500 0.312500
vt 0.333333 0.312500
vt 0.354167 0.312500
vt 0.375000 0.312500
vt 0.395833 0.312500
vt 0.416667 0.312500
vt 0.437500 0.312500
vt 0.458333 0.312500
vt 0.479167 0.312500
vt 0.500000 0.312500
vt 0.520833 0.312500
vt 0.541667 0.312500
vt 0.562500 0.312500
vt 0.583333 0.312500
vt 0.604167 0.312500
vt 0.625000 0.312500
vt 0.645833 0.312500
vt 0.666667 0.312500
vt 0.687500 0.312500
vt 0.708333 0.312500
vt 0.729167 0.312500
vt 0.750000 0.312500
vt 0.770833 0.312500
vt 0.791667 0.312500
vt 0.812500 0.312500
vt 0.833333 0.312500
vt 0.854167 0.312500
vt 0.875000 0.312500
vt 0.895833 0.312500
vt 0.916667 0.312500
vt 0.937500 0.312500
vt 0.958333 0.312500
vt 0.979167 0.312500
vt 1.000000 0.312500
vt 0.000000 0.333333
vt 0.020833 0.333333
vt 0.041667 0.333333
vt 0.062500 0.333333
vt 0.083333 0.333333
vt 0.104167 0.333333
vt 0.125000 0.333333
vt 0.145833 0.333333
vt 0.166667 0.333333
vt 0.187500 0.333333
vt 0.208333 0.333333
vt 0.229167 0.333333
vt 0.250000 0.333333
vt 0.270833 0.333333
vt 0.291667 0.333333
vt 0.312500 0.333333
vt 0.333333 0.333333
vt 0.354167 0.333333
vt 0.375000 0.333333
vt 0.395833 0.333333
vt 0.416667 0.333333
vt 0.437500 0.333333
vt 0.458333 0.333333
vt 0.479167 0.333333
vt 0.500000 0.333333
vt 0.520833 0.333333
vt 0.541667 0.333333
vt 0.562500 0.333333
vt 0.583333 0.333333
vt 0.604167 0.333333
vt 0.625000 0.333333
vt 0.645833 0.333333
vt 0.666667 0.333333
vt 0.687500 0.333333
vt 0.708333 0.333333
vt 0.729167 0.333333
vt 0.750000 0.333333
vt 0.770833 0.333333
vt 0.791667 0.333333
vt 0.812500 0.333333
vt 0.833333 0.333333
vt 0.854167 0.333333
vt 0.875000 0.333333
vt 0.895833 0.333333
vt 0.916667 0.333333
vt 0.937500 0.333333
vt 0.958333 0.333333
vt 0.979167 0.333333
vt 1.000000 0.333333
vt 0.000000 0.354167
vt 0.020833 0.354167
vt 0.041667 0.354167
vt 0.062500 0.354167
vt 0.083333 0.354167
vt 0.104167 0.354167
vt 0.125000 0.354167
vt 0.145833 0.354167
vt 0.166667 0.354167
vt 0.187500 0.354167
vt 0.208333 0.354167
vt 0.229167 0.354167
vt 0.250000 0.354167
vt 0.270833 0.354167
vt 0.291667 0.354167
vt 0.312500 0.354167
vt 0.333333 0.354167
vt 0.354167 0.354167
vt 0.375000 0.354167
vt 0.395833 0.354167
vt 0.416667 0.354167
vt 0.437500 0.354167
vt 0.458333 0.354167
vt 0.479167 0.354167
vt 0.500000 0.354167
vt 0.520833 0.354167
vt 0.541667 0.354167
vt 0.562500 0.354167
vt 0.583333 0.354167
vt 0.604167 0.354167
vt 0.625000 0.354167
vt 0.645833 0.354167
vt 0.666667 0.354167
vt 0.687500 0.354167
vt 0.708333 0.354167
vt 0.729167 0.354167
vt 0.750000 0.354167
vt 0.770833 0.354167
vt 0.791667 0.354167
vt 0.812500 0.354167
vt 0.833333 0.354167
vt 0.854167 0.354167
vt 0.875000 0.354167
vt 0.895833 0.354167
vt 0.916667 0.354167
vt 0.937500 0.354167
vt 0.958333 0.354167
vt 0.979167 0.354167
vt 1.000000 0.354167
vt 0.000000 0.375000
vt 0.020833 0.375000
vt 0.041667 0.375000
vt 0.062500 0.375000
vt 0.083333 0.375000
vt 0.104167 0.375000
vt 0.125000 0.375000
vt 0.145833 0.375000
vt 0.166667 0.375000
vt 0.187500 0.375000
vt 0.208333 0.375000
vt 0.229167 0.375000
vt 0.250000 0.375000
vt 0.270833 0.375000
vt 0.291667 0.375000
vt 0.312500 0.375000
vt 0.333333 0.375000
vt 0.354167 0.375000
vt 0.375000 0.375000
vt 0.395833 0.375000
vt 0.416667 0.375000
vt 0.437500 0.375000
vt 0.458333 0.375000
vt 0.479167 0.375000
vt 0.500000 0.375000
vt 0.520833 0.375000
vt 0.541667 0.375000
vt 0.562500 0.375000
vt 0.583333 0.375000
vt 0.604167 0.375000
vt 0.625000 0.375000
vt 0.645833 0.375000
vt 0.666667 0.375000
vt 0.687500 0.375000
vt 0.708333 0.375000
vt 0.729167 0.375000
vt 0.750000 0.375000
vt 0.770833 0.375000
vt 0.791667 0.375000
vt 0.812500 0.375000
vt 0.833333 0.375000
vt 0.854167 0.375000
vt 0.875000 0.375000
vt 0.895833 0.375000
vt 0.916667 0.375000
vt 0.937500 0.375000
vt 0.958333 0.375000
vt 0.979167 0.375000
vt 1.000000 0.375000
vt 0.000000 0.395833
vt 0.020833 0.395833
vt 0.041667 0.395833
vt 0.062500 0.395833
vt 0.083333 0.395833
vt 0.104167 0.395833
vt 0.125000 0.395833
vt 0.145833 0.395833
vt 0.166667 0.395833
vt 0.187500 0.395833
vt 0.208333 0.395833
vt 0.229167 0.395833
vt 0.250000 0.395833
vt 0.270833 0.395833
vt 0.291667 0.395833
vt 0.312500 0.395833
vt 0.333333 0.395833
vt 0.354167 0.395833
vt 0.375000 0.395833
vt 0.395833 0.395833
vt 0.416667 0.395833
vt 0.437500 0.395833
vt 0.458333 0.395833
vt 0.479167 0.395833
vt 0.500000 0.395833
vt 0.520833 0.395833
vt 0.541667 0.395833
vt 0.562500 0.395833
vt 0.583333 0.395833
vt 0.604167 0.395833
vt 0.625000 0.395833
vt 0.645833 0.395833
vt 0.666667 0.395833
vt 0.687500 0.395833
vt 0.708333 0.395833
vt 0.729167 0.395833
vt 0.750000 0.395833
vt 0.770833 0.395833
vt 0.791667 0.395833
vt 0.812500 0.395833
vt 0.833333 0.395833
vt 0.854167 0.395833
vt 0.875000 0.395833
vt 0.895833 0.395833
vt 0.916667 0.395833
vt 0.937500 0.395833
vt 0.958333 0.395833
vt 0.979167 0.395833
vt 1.000000 0.395833
vt 0.000000 0.416667
vt 0.020833 0.416667
vt 0.041667 0.416667
vt 0.062500 0.416667
vt 0.083333 0.416667
vt 0.104167 0.416667
vt 0.125000 0.416667
vt 0.145833 0.416667
vt 0.166667 0.416667
vt 0.187500 0.416667
vt 0.208333 0.416667
vt 0.229167 0.416667
vt 0.250000 0.416667
vt 0.270833 0.416667
vt 0.291667 0.416667
vt 0.312500 0.416667
vt 0.333333 0.416667
vt 0.354167 0.416667
vt 0.375000 0.416667
vt 0.395833 0.416667
vt 0.416667 0.416667
vt 0.437500 0.416667
vt 0.458333 0.416667
vt 0.479167 0.416667
vt 0.500000 0.416667
vt 0.520833 0.416667
vt 0.541667 0.416667
vt 0.562500 0.416667
vt 0.583333 0.416667
vt 0.604167 0.416667
vt 0.625000 0.416667
vt 0.645833 0.416667
vt 0.666667 0.416667
vt 0.687500 0.416667
vt 0.708333 0.416667
vt 0.729167 0.416667
vt 0.750000 0.416667
vt 0.770833 0.416667
vt 0.791667 0.416667
vt 0.812500 0.416667
vt 0.833333 0.416667
vt 0.854167 0.416667
vt 0.875000 0.416667
vt 0.895833 0.416667
vt 0.916667 0.416667
vt 0.937500 0.416667
vt 0.958333 0.416667
vt 0.979167 0.416667
vt 1.000000 0.416667
vt 0.000000 0.437500
vt 0.020833 0.437500
vt 0.041667 0.437500
vt 0.062500 0.437500
vt 0.083333 0.437500
vt 0.104167 0.437500
vt 0.125000 0.437500
vt 0.145833 0.437500
vt 0.166667 0.437500
vt 0.187500 0.437500
vt 0.208333 0.437500
vt 0.229167 0.437500
vt 0.250000 0.437500
vt 0.270833 0.437500
vt 0.291667 0.437500
vt 0.312500 0.437500
vt 0.333333 0.437500
vt 0.354167 0.437500
vt 0.375000 0.437500
vt 0.395833 0.437500
vt 0.416667 0.437500
vt 0.437500 0.437500
vt 0.458333 0.437500
vt 0.479167 0.437500
vt 0.500000 0.437500
vt 0.520833 0.437500
vt 0.541667 0.437500
vt 0.562500 0.437500
vt 0.583333 0.437500
vt 0.604167 0.437500
vt 0.625000 0.437500
vt 0.645833 0.437500
vt 0.666667 0.437500
vt 0.687500 0.437500
vt 0.708333 0.437500
vt 0.729167 0.437500
vt 0.750000 0.437500
vt 0.770833 0.437500
vt 0.791667 0.437500
vt 0.812500 0.437500
vt 0.833333 0.437500
vt 0.854167 0.437500
vt 0.875000 0.437500
vt 0.895833 0.437500
vt 0.916667 0.437500
vt 0.937500 0.437500
vt 0.958333 0.437500
vt 0.979167 0.437500
vt 1.000000 0.437500
vt 0.000000 0.458333
vt 0.020833 0.458333
vt 0.041667 0.458333
vt 0.062500 0.458333
vt 0.083333 0.458333
vt 0.104167 0.458333
vt 0.125000 0.458333
vt 0.145833 0.458333
vt 0.166667 0.458333
vt 0.187500 0.458333
vt 0.208333 0.458333
vt 0.229167 0.458333
vt 0.250000 0.458333
vt 0.270833 0.458333
vt 0.291667 0.458333
vt 0.312500 0.458333
vt 0.333333 0.458333
vt 0.354167 0.458333
vt 0.375000 0.458333
vt 0.395833 0.458333
vt 0.416667 0.458333
vt 0.437500 0.458333
vt 0.458333 0.458333
vt 0.479167 0.458333
vt 0.500000 0.458333
vt 0.520833 0.458333
vt 0.541667 0.458333
vt 0.562500 0.458333
vt 0.583333 0.458333
vt 0.604167 0.458333
vt 0.625000 0.458333
vt 0.645833 0.458333
vt 0.666667 0.458333
vt 0.687500 0.458333
vt 0.708333 0.458333
vt 0.729167 0.458333
vt 0.750000 0.458333
vt 0.770833 0.458333
vt 0.791667 0.458333
vt 0.812500 0.458333
vt 0.833333 0.458333
vt 0.854167 0.458333
vt 0.875000 0.458333
vt 0.895833 0.458333
vt 0.916667 0.458333
vt 0.937500 0.458333
vt 0.958333 0.458333
vt 0.979167 0.458333
vt 1.000000 0.458333
vt 0.000000 0.479167
vt 0.020833 0.479167
vt 0.041667 0.479167
vt 0.062500 0.479167
vt 0.083333 0.479167
vt 0.104167 0.479167
vt 0.125000 0.479167
vt 0.145833 0.479167
vt 0.166667 0.479167
vt 0.187500 0.479167
vt 0.208333 0.479167
vt 0.229167 0.479167
vt 0.250000 0.479167
vt 0.270833 0.479167
vt 0.291667 0.479167
vt 0.312500 0.479167
vt 0.333333 0.479167
vt 0.354167 0.479167
vt 0.375000 0.479167
vt 0.395833 0.479167
vt 0.416667 0.479167
vt 0.437500 0.479167
vt 0.458333 0.479167
vt 0.479167 0.479167
vt 0.500000 0.479167
vt 0.520833 0.479167
vt 0.541667 0.479167
vt 0.562500 0.479167
vt 0.583333 0.479167
vt 0.604167 0.479167
vt 0.625000 0.479167
vt 0.645833 0.479167
vt 0.666667 0.479167
vt 0.687500 0.479167
vt 0.708333 0.479167
vt 0.729167 0.479167
vt 0.750000 0.479167
vt 0.770833 0.479167
vt 0.791667 0.479167
vt 0.812500 0.479167
vt 0.833333 0.479167
vt 0.854167 0.479167
vt 0.875000 0.479167
vt 0.895833 0.479167
vt 0.916667 0.479167
vt 0.937500 0.479167
vt 0.958333 0.479167
vt 0.979167 0.479167
vt 1.000000 0.479167
vt 0.000000 0.500000
vt 0.020833 0.500000
vt 0.041667 0.500000
vt 0.062500 0.500000
vt 0.083333 0.500000
vt 0.104167 0.500000
vt 0.125000 0.500000
vt 0.145833 0.500000
vt 0.166667 0.500000
vt 0.187500 0.500000
vt 0.208333 0.500000
vt 0.229167 0.500000
vt 0.250000 0.500000
vt 0.270833 0.500000
vt 0.291667 0.500000
vt 0.312500 0.500000
vt 0.333333 0.500000
vt 0.354167 0.500000
vt 0.375000 0.500000
vt 0.395833 0.500000
vt 0.416667 0.500000
vt 0.437500 0.500000
vt 0.458333 0.500000
vt 0.479167 0.500000
vt 0.500000 0.500000
vt 0.520833 0.500000
vt 0.541667 0.500000
vt 0.562500 0.500000
vt 0.583333 0.500000
vt 0.604167 0.500000
vt 0.625000 0.500000
vt 0.645833 0.500000
vt 0.666667 0.500000
vt 0.687500 0.500000
vt 0.708333 0.500000
vt 0.729167 0.500000
vt 0.750000 0.500000
vt 0.770833 0.500000
vt 0.791667 0.500000
vt 0.812500 0.500000
vt 0.833333 0.500000
vt 0.854167 0.500000
vt 0.875000 0.500000
vt 0.895833 0.500000
vt 0.916667 0.500000
vt 0.937500 0.500000
vt 0.958333 0.500000
vt 0.979167 0.500000
vt 1.000000 0.500000
vt 0.000000 0.520833
vt 0.020833 0.520833
vt 0.041667 0.520833
vt 0.062500 0.520833
vt 0.083333 0.520833
vt 0.104167 0.520833
vt 0.125000 0.520833
vt 0.145833 0.520833
vt 0.166667 0.520833
vt 0.187500 0.520833
vt 0.208333 0.520833
vt 0.229167 0.520833
vt 0.250000 0.520833
vt 0.270833 0.520833
vt 0.291667 0.520833
vt 0.312500 0.520833
vt 0.333333 0.520833
vt 0.354167 0.520833
vt 0.375000 0.520833
vt 0.395833 0.520833
vt 0.416667 0.520833
vt 0.437500 0.520833
vt 0.458333 0.520833
vt 0.479167 0.520833
vt 0.500000 0.520833
vt 0.520833 0.520833
vt 0.541667 0.520833
vt 0.562500 0.520833
vt 0.583333 0.520833
vt 0.604167 0.520833
vt 0.625000 0.520833
vt 0.645833 0.520833
vt 0.666667 0.520833
vt 0.687500 0.520833
vt 0.708333 0.520833
vt 0.729167 0.520833
vt 0.750000 0.520833
vt 0.770833 0.520833
vt 0.791667 0.520833
vt 0.812500 0.520833
vt 0.833333 0.520833
vt 0.854167 0.520833
vt 0.875000 0.520833
vt 0.895833 0.520833
vt 0.916667 0.520833
vt 0.937500 0.520833
vt 0.958333 0.520833
vt 0.979167 0.520833
vt 1.000000 0.520833
vt 0.000000 0.541667
vt 0.020833 0.541667
vt 0.041667 0.541667
vt 0.062500 0.541667
vt 0.083333 0.541667
vt 0.104167 0.541667
vt 0.125000 0.541667
vt 0.145833 0.541667
vt 0.166667 0.541667
vt 0.187500 0.541667
vt 0.208333 0.541667
vt 0.229167 0.541667
vt 0.250000 0.541667
vt 0.270833 0.541667
vt 0.291667 0.541667
vt 0.312500 0.541667
vt 0.333333 0.541667
vt 0.354167 0.541667
vt 0.375000 0.541667
vt 0.395833 0.541667
vt 0.416667 0.541667
vt 0.437500 0.541667
vt 0.458333 0.541667
vt 0.479167 0.541667
vt 0.500000 0.541667
vt 0.520833 0.541667
vt 0.541667 0.541667
vt 0.562500 0.541667
vt 0.583333 0.541667
vt 0.604167 0.541667
vt 0.625000 0.541667
vt 0.645833 0.541667
vt 0.666667 0.541667
vt 0.687500 0.541667
vt 0.708333 0.541667
vt 0.729167 0.541667
vt 0.750000 0.541667
vt 0.770833 0.541667
vt 0.791667 0.541667
vt 0.812500 0.541667
vt 0.833333 0.541667
vt 0.854167 0.541667
vt 0.875000 0.541667
vt 0.895833 0.541667
vt 0.916667 0.541667
vt 0.937500 0.541667
vt 0.958333 0.541667
vt 0.979167 0.541667
vt 1.000000 0.541667
vt 0.000000 0.562500
vt 0.020833 0.562500
vt 0.041667 0.562500
vt 0.062500 0.562500
vt 0.083333 0.562500
vt 0.104167 0.562500
vt 0.125000 0.562500
vt 0.145833 0.562500
vt 0.166667 0.562500
vt 0.187500 0.562500
vt 0.208333 0.562500
vt 0.229167 0.562500
vt 0.250000 0.562500
vt 0.270833 0.562500
vt 0.291667 0.562500
vt 0.312500 0.562500
vt 0.333333 0.562500
vt 0.354167 0.562500
vt 0.375000 0.562500
vt 0.395833 0.562500
vt 0.416667 0.562500
vt 0.437500 0.562500
vt 0.458333 0.562500
vt 0.479167 0.562500
vt 0.500000 0.562500
vt 0.520833 0.562500
vt 0.541667 0.562500
vt 0.562500 0.562500
vt 0.583333 0.562500
vt 0.604167 0.562500
vt 0.625000 0.562500
vt 0.645833 0.562500
vt 0.666667 0.562500
vt 0.687500 0.562500
vt 0.708333 0.562500
vt 0.729167 0.562500
vt 0.750000 0.562500
vt 0.770833 0.562500
vt 0.791667 0.562500
vt 0.812500 0.562500
vt 0.833333 0.562500
vt 0.854167 0.562500
vt 0.875000 0.562500
vt 0.895833 0.562500
vt 0.916667 0.562500
vt 0.937500 0.562500
vt 0.958333 0.562500
vt 0.979167 0.562500
vt 1.000000 0.562500
vt 0.000000 0.583333
vt 0.020833 0.583333
vt 0.041667 0.583333
vt 0.062500 0.583333
vt 0.083333 0.583333
vt 0.104167 0.583333
vt 0.125000 0.583333
vt 0.145833 0.583333
vt 0.166667 0.583333
vt 0.187500 0.583333
vt 0.208333 0.583333
vt 0.229167 0.583333
vt 0.250000 0.583333
vt 0.270833 0.583333
vt 0.291667 0.583333
vt 0.312500 0.583333
vt 0.333333 0.583333
vt 0.354167 0.583333
vt 0.375000 0.583333
vt 0.395833 0.583333
vt 0.416667 0.583333
vt 0.437500 0.583333
vt 0.458333 0.583333
vt 0.479167 0.583333
vt 0.500000 0.583333
vt 0.520833 0.583333
vt 0.541667 0.583333
vt 0.562500 0.583333
vt 0.583333 0.583333
vt 0.604167 0.583333
vt 0.625000 0.583333
vt 0.645833 0.583333
vt 0.666667 0.583333
vt 0.687500 0.583333
vt 0.708333 0.583333
vt 0.729167 0.583333
vt 0.750000 0.583333
vt 0.770833 0.583333
vt 0.791667 0.583333
vt 0.812500 0.583333
vt 0.833333 0.583333
vt 0.854167 0.583333
vt 0.875000 0.583333
vt 0.895833 0.583333
vt 0.916667 0.583333
vt 0.937500 0.583333
vt 0.958333 0.583333
vt 0.979167 0.583333
vt 1.000000 0.583333
vt 0.000000 0.604167
vt 0.020833 0.604167
vt 0.041667 0.604167
vt 0.062500 0.604167
vt 0.083333 0.604167
vt 0.104167 0.604167
vt 0.125000 0.604167
vt 0.145833 0.604167
vt 0.166667 0.604167
vt 0.187500 0.604167
vt 0.208333 0.604167
vt 0.229167 0.604167
vt 0.250000 0.604167
vt 0.270833 0.604167
vt 0.291667 0.604167
vt 0.312500 0.604167
vt 0.333333 0.604167
vt 0.354167 0.604167
vt 0.375000 0.604167
vt 0.395833 0.604167
vt 0.416667 0.604167
vt 0.437500 0.604167
vt 0.458333 0.604167
vt 0.479167 0.604167
vt 0.500000 0.604167
vt 0.520833 0.604167
vt 0.541667 0.604167
vt 0.562500 0.604167
vt 0.583333 0.604167
vt 0.604167 0.604167
vt 0.625000 0.604167
vt 0.645833 0.604167
vt 0.666667 0.604167
vt 0.687500 0.604167
vt 0.708333 0.604167
vt 0.729167 0.604167
vt 0.750000 0.604167
vt 0.770833 0.604167
vt 0.791667 0.604167
vt 0.812500 0.604167
vt 0.833333 0.604167
vt 0.854167 0.604167
vt 0.875000 0.604167
vt 0.895833 0.604167
vt 0.916667 0.604167
vt 0.937500 0.604167
vt 0.958333 0.604167
vt 0.979167 0.604167
vt 1.000000 0.604167
vt 0.000000 0.625000
vt 0.020833 0.625000
vt 0.041667 0.625000
vt 0.062500 0.625000
vt 0.083333 0.625000
vt 0.104167 0.625000
vt 0.125000 0.625000
vt 0.145833 0.625000
vt 0.166667 0.625000
vt 0.187500 0.625000
vt 0.208333 0.625000
vt 0.229167 0.625000
vt 0.250000 0.625000
vt 0.270833 0.625000
vt 0.291667 0.625000
vt 0.312500 0.625000
vt 0.333333 0.625000
vt 0.354167 0.625000
vt 0.375000 0.625000
vt 0.395833 0.625000
vt 0.416667 0.625000
vt 0.437500 0.625000
vt 0.458333 0.625000
vt 0.479167 0.625000
vt 0.500000 0.625000
vt 0.520833 0.625000
vt 0.541667 0.625000
vt 0.562500 0.625000
vt 0.583333 0.625000
vt 0.604167 0.625000
vt 0.625000 0.625000
vt 0.645833 0.625000
vt 0.666667 0.625000
vt 0.687500 0.625000
vt 0.708333 0.625000
vt 0.729167 0.625000
vt 0.750000 0.625000
vt 0.770833 0.625000
vt 0.791667 0.625000
vt 0.812500 0.625000
vt 0.833333 0.625000
vt 0.854167 0.625000
vt 0.875000 0.625000
vt 0.895833 0.625000
vt 0.916667 0.625000
vt 0.937500 0.625000
vt 0.958333 0.625000
vt 0.979167 0.625000
vt 1.000000 0.625000
vt 0.000000 0.645833
vt 0.020833 0.645833
vt 0.041667 0.645833
vt 0.062500 0.645833
vt 0.083333 0.645833
vt 0.104167 0.645833
vt 0.125000 0.645833
vt 0.145833 0.645833
vt 0.166667 0.645833
vt 0.187500 0.645833
vt 0.208333 0.645833
vt 0.229167 0.645833
vt 0.250000 0.645833
vt 0.270833 0.645833
vt 0.291667 0.645833
vt 0.312500 0.645833
vt 0.333333 0.645833
vt 0.354167 0.645833
vt 0.375000 0.645833
vt 0.395833 0.645833
vt 0.416667 0.645833
vt 0.437500 0.645833
vt 0.458333 0.645833
vt 0.479167 0.645833
vt 0.500000 0.645833
vt 0.520833 0.645833
vt 0.541667 0.645833
vt 0.562500 0.645833
vt 0.583333 0.645833
vt 0.604167 0.645833
vt 0.625000 0.645833
vt 0.645833 0.645833
vt 0.666667 0.645833
vt 0.687500 0.645833
vt 0.708333 0.645833
vt 0.729167 0.645833
vt 0.750000 0.645833
vt 0.770833 0.645833
vt 0.791667 0.645833
vt 0.812500 0.645833
vt 0.833333 0.645833
vt 0.854167 0.645833
vt 0.875000 0.645833
vt 0.895833 0.645833
vt 0.916667 0.645833
vt 0.937500 0.645833
vt 0.958333 0.645833
vt 0.979167 0.645833
vt 1.000000 0.645833
vt 0.000000 0.666667
vt 0.020833 0.666667
vt 0.041667 0.666667
vt 0.062500 0.666667
vt 0.083333 0.666667
vt 0.104167 0.666667
vt 0.125000 0.666667
vt 0.145833 0.666667
vt 0.166667 0.666667
vt 0.187500 0.666667
vt 0.208333 0.666667
vt 0.229167 0.666667
vt 0.250000 0.666667
vt 0.270833 0.666667
vt 0.291667 0.666667
vt 0.312500 0.666667
vt 0.333333 0.666667
vt 0.354167 0.666667
vt 0.375000 0.666667
vt 0.395833 0.666667
vt 0.416667 0.666667
vt 0.437500 0.666667
vt 0.458333 0.666667
vt 0.479167 0.666667
vt 0.500000 0.666667
vt 0.520833 0.666667
vt 0.541667 0.666667
vt 0.562500 0.666667
vt 0.583333 0.666667
vt 0.604167 0.666667
vt 0.625000 0.666667
vt 0.645833 0.666667
vt 0.666667 0.666667
vt 0.687500 0.666667
vt 0.708333 0.666667
vt 0.729167 0.666667
vt 0.750000 0.666667
vt 0.770833 0.666667
vt 0.791667 0.666667
vt 0.812500 0.666667
vt 0.833333 0.666667
vt 0.854167 0.666667
vt 0.875000 0.666667
vt 0.895833 0.666667
vt 0.916667 0.666667
vt 0.937500 0.666667
vt 0.958333 0.666667
vt 0.979167 0.666667
vt 1.000000 0.666667
vt 0.000000 0.687500
vt 0.020833 0.687500
vt 0.041667 0.687500
vt 0.062500 0.687500
vt 0.083333 0.687500
vt 0.104167 0.687500
vt 0.125000 0.687500
vt 0.145833 0.687500
vt 0.166667 0.687500
vt 0.187500 0.687500
vt 0.208333 0.687500
vt 0.229167 0.687500
vt 0.250000 0.687500
vt 0.270833 0.687500
vt 0.291667 0.687500
vt 0.312500 0.687500
vt 0.333333 0.687500
vt 0.354167 0.687500
vt 0.375000 0.687500
vt 0.395833 0.687500
vt 0.416667 0.687500
vt 0.437500 0.687500
vt 0.458333 0.687500
vt 0.479167 0.687500
vt 0.500000 0.687500
vt 0.520833 0.687500
vt 0.541667 0.687500
vt 0.562500 0.687500
vt 0.583333 0.687500
vt 0.604167 0.687500
vt 0.625000 0.687500
vt 0.645833 0.687500
vt 0.666667 0.687500
vt 0.687500 0.687500
vt 0.708333 0.687500
vt 0.729167 0.687500
vt 0.750000 0.687500
vt 0.770833 0.687500
vt 0.791667 0.687500
vt 0.812500 0.687500
vt 0.833333 0.687500
vt 0.854167 0.687500
vt 0.875000 0.687500
vt 0.895833 0.687500
vt 0.916667 0.687500
vt 0.937500 0.687500
vt 0.958333 0.687500
vt 0.979167 0.687500
vt 1.000000 0.687500
vt 0.000000 0.708333
vt 0.020833 0.708333
vt 0.041667 0.708333
vt 0.062500 0.708333
vt 0.083333 0.708333
vt 0.104167 0.708333
vt 0.125000 0.708333
vt 0.145833 0.708333
vt 0.166667 0.708333
vt 0.187500 0.708333
vt 0.208333 0.708333
vt 0.229167 0.708333
vt 0.250000 0.708333
vt 0.270833 0.708333
vt 0.291667 0.708333
vt 0.312500 0.708333
vt 0.333333 0.708333
vt 0.354167 0.708333
vt 0.375000 0.708333
vt 0.395833 0.708333
vt 0.416667 0.708333
vt 0.437500 0.708333
vt 0.458333 0.708333
vt 0.479167 0.708333
vt 0.500000 0.708333
vt 0.520833 0.708333
vt 0.541667 0.708333
vt 0.562500 0.708333
vt 0.583333 0.708333
vt 0.604167 0.708333
vt 0.625000 0.708333
vt 0.645833 0.708333
vt 0.666667 0.708333
vt 0.687500 0.708333
vt 0.708333 0.708333
vt 0.729167 0.708333
vt 0.750000 0.708333
vt 0.770833 0.708333
vt 0.791667 0.708333
vt 0.812500 0.708333
vt 0.833333 0.708333
vt 0.854167 0.708333
vt 0.875000 0.708333
vt 0.895833 0.708333
vt 0.916667 0.708333
vt 0.937500 0.708333
vt 0.958333 0.708333
vt 0.979167 0.708333
vt 1.000000 0.708333
vt 0.000000 0.729167
vt 0.020833 0.729167
vt 0.041667 0.729167
vt 0.062500 0.729167
vt 0.083333 0.729167
vt 0.104167 0.729167
vt 0.125000 0.729167
vt 0.145833 0.729167
vt 0.166667 0.729167
vt 0.187500 0.729167
vt 0.208333 0.729167
vt 0.229167 0.729167
vt 0.250000 0.729167
vt 0.270833 0.729167
vt 0.291667 0.729167
vt 0.312500 0.729167
vt 0.333333 0.729167
vt 0.354167 0.729167
vt 0.375000 0.729167
vt 0.395833 0.729167
vt 0.416667 0.729167
vt 0.437500 0.729167
vt 0.458333 0.729167
vt 0.479167 0.729167
vt 0.500000 0.729167
vt 0.520833 0.729167
vt 0.541667 0.729167
vt 0.562500 0.729167
vt 0.583333 0.729167
vt 0.604167 0.729167
vt 0.625000 0.729167
vt 0.645833 0.729167
vt 0.666667 0.729167
vt 0.687500 0.729167
vt 0.708333 0.729167
vt 0.729167 0.729167
vt 0.750000 0.729167
vt 0.770833 0.729167
vt 0.791667 0.729167
vt 0.812500 0.729167
vt 0.833333 0.729167
vt 0.854167 0.729167
vt 0.875000 0.729167
vt 0.895833 0.729167
vt 0.916667 0.729167
vt 0.937500 0.729167
vt 0.958333 0.729167
vt 0.979167 0.729167
vt 1.000000 0.729167
vt 0.000000 0.750000
vt 0.020833 0.750000
vt 0.041667 0.750000
vt 0.062500 0.750000
vt 0.083333 0.750000
vt 0.104167 0.750000
vt 0.125000 0.750000
vt 0.145833 0.750000
vt 0.166667 0.750000
vt 0.187500 0.750000
vt 0.208333 0.750000
vt 0.229167 0.750000
vt 0.250000 0.750000
vt 0.270833 0.750000
vt 0.291667 0.750000
vt 0.312500 0.750000
vt 0.333333 0.750000
vt 0.354167 0.750000
vt 0.375000 0.750000
vt 0.395833 0.750000
vt 0.416667 0.750000
vt 0.437500 0.750000
vt 0.458333 0.750000
vt 0.479167 0.750000
vt 0.500000 0.750000
vt 0.520833 0.750000
vt 0.541667 0.750000
vt 0.562500 0.750000
vt 0.583333 0.750000
vt 0.604167 0.750000
vt 0.625000 0.750000
vt 0.645833 0.750000
vt 0.666667 0.750000
vt 0.687500 0.750000
vt 0.708333 0.750000
vt 0.729167 0.750000
vt 0.750000 0.750000
vt 0.770833 0.750000
vt 0.791667 0.750000
vt 0.812500 0.750000
vt 0.833333 0.750000
vt 0.854167 0.750000
vt 0.875000 0.750000
vt 0.895833 0.750000
vt 0.916667 0.750000
vt 0.937500 0.750000
vt 0.958333 0.750000
vt 0.979167 0.750000
vt 1.000000 0.750000
vt 0.000000 0.770833
vt 0.020833 0.770833
vt 0.041667 0.770833
vt 0.062500 0.770833
vt 0.083333 0.770833
vt 0.104167 0.770833
vt 0.125000 0.770833
vt 0.145833 0.770833
vt 0.166667 0.770833
vt 0.187500 0.770833
vt 0.208333 0.770833
vt 0.229167 0.770833
vt 0.250000 0.770833
vt 0.270833 0.770833
vt 0.291667 0.770833
vt 0.312500 0.770833
vt 0.333333 0.770833
vt 0.354167 0.770833
vt 0.375000 0.770833
vt 0.395833 0.770833
vt 0.416667 0.770833
vt 0.437500 0.770833
vt 0.458333 0.770833
vt 0.479167 0.770833
vt 0.500000 0.770833
vt 0.520833 0.770833
vt 0.541667 0.770833
vt 0.562500 0.770833
vt 0.583333 0.770833
vt 0.604167 0.770833
vt 0.625000 0.770833
vt 0.645833 0.770833
vt 0.666667 0.770833
vt 0.687500 0.770833
vt 0.708333 0.770833
vt 0.729167 0.770833
vt 0.750000 0.770833
vt 0.770833 0.770833
vt 0.791667 0.770833
vt 0.812500 0.770833
vt 0.833333 0.770833
vt 0.854167 0.770833
vt 0.875000 0.770833
vt 0.895833 0.770833
vt 0.916667 0.770833
vt 0.937500 0.770833
vt 0.958333 0.770833
vt 0.979167 0.770833
vt 1.000000 0.770833
vt 0.000000 0.791667
vt 0.020833 0.791667
vt 0.041667 0.791667
vt 0.062500 0.791667
vt 0.083333 0.791667
vt 0.104167 0.791667
vt 0.125000 0.791667
vt 0.145833 0.791667
vt 0.166667 0.791667
vt 0.187500 0.791667
vt 0.208333 0.791667
vt 0.229167 0.791667
vt 0.250000 0.791667
vt 0.270833 0.791667
vt 0.291667 0.791667
vt 0.312500 0.791667
vt 0.333333 0.791667
vt 0.354167 0.791667
vt 0.375000 0.791667
vt 0.395833 0.791667
vt 0.416667 0.791667
vt 0.437500 0.791667
vt 0.458333 0.791667
vt 0.479167 0.791667
vt 0.500000 0.791667
vt 0.520833 0.791667
vt 0.541667 0.791667
vt 0.562500 0.791667
vt 0.583333 0.791667
vt 0.604167 0.791667
vt 0.625000 0.791667
vt 0.645833 0.791667
vt 0.666667 0.791667
vt 0.687500 0.791667
vt 0.708333 0.791667
vt 0.729167 0.791667
vt 0.750000 0.791667
vt 0.770833 0.791667
vt 0.791667 0.791667
vt 0.812500 0.791667
vt 0.833333 0.791667
vt 0.854167 0.791667
vt 0.875000 0.791667
vt 0.895833 0.791667
vt 0.916667 0.791667
vt 0.937500 0.791667
vt 0.958333 0.791667
vt 0.979167 0.791667
vt 1.000000 0.791667
vt 0.000000 0.812500
vt 0.020833 0.812500
vt 0.041667 0.812500
vt 0.062500 0.812500
vt 0.083333 0.812500
vt 0.104167 0.812500
vt 0.125000 0.812500
vt 0.145833 0.812500
vt 0.166667 0.812500
vt 0.187500 0.812500
vt 0.208333 0.812500
vt 0.229167 0.812500
vt 0.250000 0.812500
vt 0.270833 0.812500
vt 0.291667 0.812500
vt 0.312500 0.812500
vt 0.333333 0.812500
vt 0.354167 0.812500
vt 0.375000 0.812500
vt 0.395833 0.812500
vt 0.416667 0.812500
vt 0.437500 0.812500
vt 0.458333 0.812500
vt 0.479167 0.812500
vt 0.500000 0.812500
vt 0.520833 0.812500
vt 0.541667 0.812500
vt 0.562500 0.812500
vt 0.583333 0.812500
vt 0.604167 0.812500
vt 0.625000 0.812500
vt 0.645833 0.812500
vt 0.666667 0.812500
vt 0.687500 0.812500
vt 0.708333 0.812500
vt 0.729167 0.812500
vt 0.750000 0.812500
vt 0.770833 0.812500
vt 0.791667 0.812500
vt 0.812500 0.812500
vt 0.833333 0.812500
vt 0.854167 0.812500
vt 0.875000 0.812500
vt 0.895833 0.812500
vt 0.916667 0.812500
vt 0.937500 0.812500
vt 0.958333 0.812500
vt 0.979167 0.812500
vt 1.000000 0.812500
vt 0.000000 0.833333
vt 0.020833 0.833333
vt 0.041667 0.833333
vt 0.062500 0.833333
vt 0.083333 0.833333
vt 0.104167 0.833333
vt 0.125000 0.833333
vt 0.145833 0.833333
vt 0.166667 0.833333
vt 0.187500 0.833333
vt 0.208333 0.833333
vt 0.229167 0.833333
vt 0.250000 0.833333
vt 0.270833 0.833333
vt 0.291667 0.833333
vt 0.312500 0.833333
vt 0.333333 0.833333
vt 0.354167 0.833333
vt 0.375000 0.833333
vt 0.395833 0.833333
vt 0.416667 0.833333
vt 0.437500 0.833333
vt 0.458333 0.833333
vt 0.479167 0.833333
vt 0.500000 0.833333
vt 0.520833 0.833333
vt 0.541667 0.833333
vt 0.562500 0.833333
vt 0.583333 0.833333
vt 0.604167 0.833333
vt 0.625000 0.833333
vt 0.645833 0.833333
vt 0.666667 0.833333
vt 0.687500 0.833333
vt 0.708333 0.833333
vt 0.729167 0.833333
vt 0.750000 0.833333
vt 0.770833 0.833333
vt 0.791667 0.833333
vt 0.812500 0.833333
vt 0.833333 0.833333
vt 0.854167 0.833333
vt 0.875000 0.833333
vt 0.895833 0.833333
vt 0.916667 0.833333
vt 0.937500 0.833333
vt 0.958333 0.833333
vt 0.979167 0.833333
vt 1.000000 0.833333
vt 0.000000 0.854167
vt 0.020833 0.854167
vt 0.041667 0.854167
vt 0.062500 0.854167
vt 0.083333 0.854167
vt 0.104167 0.854167
vt 0.125000 0.854167
vt 0.145833 0.854167
vt 0.166667 0.854167
vt 0.187500 0.854167
vt 0.208333 0.854167
vt 0.229167 0.854167
vt 0.250000 0.854167
vt 0.270833 0.854167
vt 0.291667 0.854167
vt 0.312500 0.854167
vt 0.333333 0.854167
vt 0.354167 0.854167
vt 0.375000 0.854167
vt 0.395833 0.854167
vt 0.416667 0.854167
vt 0.437500 0.854167
vt 0.458333 0.854167
vt 0.479167 0.854167
vt 0.500000 0.854167
vt 0.520833 0.854167
vt 0.541667 0.854167
vt 0.562500 0.854167
vt 0.583333 0.854167
vt 0.604167 0.854167
vt 0.625000 0.854167
vt 0.645833 0.854167
vt 0.666667 0.854167
vt 0.687500 0.854167
vt 0.708333 0.854167
vt 0.729167 0.854167
vt 0.750000 0.854167
vt 0.770833 0.854167
vt 0.791667 0.854167
vt 0.812500 0.854167
vt 0.833333 0.854167
vt 0.854167 0.854167
vt 0.875000 0.854167
vt 0.895833 0.854167
vt 0.916667 0.854167
vt 0.937500 0.854167
vt 0.958333 0.854167
vt 0.979167 0.854167
vt 1.000000 0.854167
vt 0.000000 0.875000
vt 0.020833 0.875000
vt 0.041667 0.875000
vt 0.062500 0.875000
vt 0.083333 0.875000
vt 0.104167 0.875000
vt 0.125000 0.875000
vt 0.145833 0.875000
vt 0.166667 0.875000
vt 0.187500 0.875000
vt 0.208333 0.875000
vt 0.229167 0.875000
vt 0.250000 0.875000
vt 0.270833 0.875000
vt 0.291667 0.875000
vt 0.312500 0.875000
vt 0.333333 0.875000
vt 0.354167 0.875000
vt 0.375000 0.875000
vt 0.395833 0.875000
vt 0.416667 0.875000
vt 0.437500 0.875000
vt 0.458333 0.875000
vt 0.479167 0.875000
vt 0.500000 0.875000
vt 0.520833 0.875000
vt 0.541667 0.875000
vt 0.562500 0.875000
vt 0.583333 0.875000
vt 0.604167 0.875000
vt 0.625000 0.875000
vt 0.645833 0.875000
vt 0.666667 0.875000
vt 0.687500 0.875000
vt 0.708333 0.875000
vt 0.729167 0.875000
vt 0.750000 0.875000
vt 0.770833 0.875000
vt 0.791667 0.875000
vt 0.812500 0.875000
vt 0.833333 0.875000
vt 0.854167 0.875000
vt 0.875000 0.875000
vt 0.895833 0.875000
vt 0.916667 0.875000
vt 0.937500 0.875000
vt 0.958333 0.875000
vt 0.979167 0.875000
vt 1.000000 0.875000
vt 0.000000 0.895833
vt 0.020833 0.895833
vt 0.041667 0.895833
vt 0.062500 0.895833
vt 0.083333 0.895833
vt 0.104167 0.895833
vt 0.125000 0.895833
vt 0.145833 0.895833
vt 0.166667 0.895833
vt 0.187500 0.895833
vt 0.208333 0.895833
vt 0.229167 0.895833
vt 0.250000 0.895833
vt 0.270833 0.895833
vt 0.291667 0.895833
vt 0.312500 0.895833
vt 0.333333 0.895833
vt 0.354167 0.895833
vt 0.375000 0.895833
vt 0.395833 0.895833
vt 0.416667 0.895833
vt 0.437500 0.895833
vt 0.458333 0.895833
vt 0.479167 0.895833
vt 0.500000 0.895833
vt 0.520833 0.895833
vt 0.541667 0.895833
vt 0.562500 0.895833
vt 0.583333 0.895833
vt 0.604167 0.895833
vt 0.625000 0.895833
vt 0.645833 0.895833
vt 0.666667 0.895833
vt 0.687500 0.895833
vt 0.708333 0.895833
vt 0.729167 0.895833
vt 0.750000 0.895833
vt 0.770833 0.895833
vt 0.791667 0.895833
vt 0.812500 0.895833
vt 0.833333 0.895833
vt 0.854167 0.895833
vt 0.875000 0.895833
vt 0.895833 0.895833
vt 0.916667 0.895833
vt 0.937500 0.895833
vt 0.958333 0.895833
vt 0.979167 0.895833
vt 1.000000 0.895833
vt 0.000000 0.916667
vt 0.020833 0.916667
vt 0.041667 0.916667
vt 0.062500 0.916667
vt 0.083333 0.916667
vt 0.104167 0.916667
vt 0.125000 0.916667
vt 0.145833 0.916667
vt 0.166667 0.916667
vt 0.187500 0.916667
vt 0.208333 0.916667
vt 0.229167 0.916667
vt 0.250000 0.916667
vt 0.270833 0.916667
vt 0.291667 0.916667
vt 0.312500 0.916667
vt 0.333333 0.916667
vt 0.354167 0.916667
vt 0.375000 0.916667
vt 0.395833 0.916667
vt 0.416667 0.916667
vt 0.437500 0.916667
vt 0.458333 0.916667
vt 0.479167 0.916667
vt 0.500000 0.916667
vt 0.520833 0.916667
vt 0.541667 0.916667
vt 0.562500 0.916667
vt 0.583333 0.916667
vt 0.604167 0.916667
vt 0.625000 0.916667
vt 0.645833 0.916667
vt 0.666667 0.916667
vt 0.687500 0.916667
vt 0.708333 0.916667
vt 0.729167 0.916667
vt 0.750000 0.916667
vt 0.770833 0.916667
vt 0.791667 0.916667
vt 0.812500 0.916667
vt 0.833333 0.916667
vt 0.854167 0.916667
vt 0.875000 0.916667
vt 0.895833 0.916667
vt 0.916667 0.916667
vt 0.937500 0.916667
vt 0.958333 0.916667
vt 0.979167 0.916667
vt 1.000000 0.916667
vt 0.000000 0.937500
vt 0.020833 0.937500
vt 0.041667 0.937500
vt 0.062500 0.937500
vt 0.083333 0.937500
vt 0.104167 0.937500
vt 0.125000 0.937500
vt 0.145833 0.937500
vt 0.166667 0.937500
vt 0.187500 0.937500
vt 0.208333 0.937500
vt 0.229167 0.937500
vt 0.250000 0.937500
vt 0.270833 0.937500
vt 0.291667 0.937500
vt 0.312500 0.937500
vt 0.333333 0.937500
vt 0.354167 0.937500
vt 0.375000 0.937500
vt 0.395833 0.937500
vt 0.416667 0.937500
vt 0.437500 0.937500
vt 0.458333 0.937500
vt 0.479167 0.937500
vt 0.500000 0.937500
vt 0.520833 0.937500
vt 0.541667 0.937500
vt 0.562500 0.937500
vt 0.583333 0.937500
vt 0.604167 0.937500
vt 0.625000 0.937500
vt 0.645833 0.937500
vt 0.666667 0.937500
vt 0.687500 0.937500
vt 0.708333 0.937500
vt 0.729167 0.937500
vt 0.750000 0.937500
vt 0.770833 0.937500
vt 0.791667 0.937500
vt 0.812500 0.937500
vt 0.833333 0.937500
vt 0.854167 0.937500
vt 0.875000 0.937500
vt 0.895833 0.937500
vt 0.916667 0.937500
vt 0.937500 0.937500
vt 0.958333 0.937500
vt 0.979167 0.937500
vt 1.000000 0.937500
vt 0.000000 0.958333
vt 0.020833 0.958333
vt 0.041667 0.958333
vt 0.062500 0.958333
vt 0.083333 0.958333
vt 0.104167 0.958333
vt 0.125000 0.958333
vt 0.145833 0.958333
vt 0.166667 0.958333
vt 0.187500 0.958333
vt 0.208333 0.958333
vt 0.229167 0.958333
vt 0.250000 0.958333
vt 0.270833 0.958333
vt 0.291667 0.958333
vt 0.312500 0.958333
vt 0.333333 0.958333
vt 0.354167 0.958333
vt 0.375000 0.958333
vt 0.395833 0.958333
vt 0.416667 0.958333
vt 0.437500 0.958333
vt 0.458333 0.958333
vt 0.479167 0.958333
vt 0.500000 0.958333
vt 0.520833 0.958333
vt 0.541667 0.958333
vt 0.562500 0.958333
vt 0.583333 0.958333
vt 0.604167 0.958333
vt 0.625000 0.958333
vt 0.645833 0.958333
vt 0.666667 0.958333
vt 0.687500 0.958333
vt 0.708333 0.958333
vt 0.729167 0.958333
vt 0.750000 0.958333
vt 0.770833 0.958333
vt 0.791667 0.958333
vt 0.812500 0.958333
vt 0.833333 0.958333
vt 0.854167 0.958333
vt 0.875000 0.958333
vt 0.895833 0.958333
vt 0.916667 0.958333
vt 0.937500 0.958333
vt 0.958333 0.958333
vt 0.979167 0.958333
vt 1.000000 0.958333
vt 0.000000 0.979167
vt 0.020833 0.979167
vt 0.041667 0.979167
vt 0.062500 0.979167
vt 0.083333 0.979167
vt 0.104167 0.979167
vt 0.125000 0.979167
vt 0.145833 0.979167
vt 0.166667 0.979167
vt 0.187500 0.979167
vt 0.208333 0.979167
vt 0.229167 0.979167
vt 0.250000 0.979167
vt 0.270833 0.979167
vt 0.291667 0.979167
vt 0.312500 0.979167
vt 0.333333 0.979167
vt 0.354167 0.979167
vt 0.375000 0.979167
vt 0.395833 0.979167
vt 0.416667 0.979167
vt 0.437500 0.979167
vt 0.458333 0.979167
vt 0.479167 0.979167
vt 0.500000 0.979167
vt 0.520833 0.979167
vt 0.541667 0.979167
vt 0.562500 0.979167
vt 0.583333 0.979167
vt 0.604167 0.979167
vt 0.625000 0.979167
vt 0.645833 0.979167
vt 0.666667 0.979167
vt 0.687500 0.979167
vt 0.708333 0.979167
vt 0.729167 0.979167
vt 0.750000 0.979167
vt 0.770833 0.979167
vt 0.791667 0.979167
vt 0.812500 0.979167
vt 0.833333 0.979167
vt 0.854167 0.979167
vt 0.875000 0.979167
vt 0.895833 0.979167
vt 0.916667 0.979167
vt 0.937500 0.979167
vt 0.958333 0.979167
vt 0.979167 0.979167
vt 1.000000 0.979167
vt 0.000000 1.000000
vt 0.020833 1.000000
vt 0.041667 1.000000
vt 0.062500 1.000000
vt 0.083333 1.000000
vt 0.104167 1.000000
vt 0.125000 1.000000
vt 0.145833 1.000000
vt 0.166667 1.000000
vt 0.187500 1.000000
vt 0.208333 1.000000
vt 0.229167 1.000000
vt 0.250000 1.000000
vt 0.270833 1.000000
vt 0.291667 1.000000
vt 0.312500 1.000000
vt 0.333333 1.000000
vt 0.354167 1.000000
vt 0.375000 1.000000
vt 0.395833 1.000000
vt 0.416667 1.000000
vt 0.437500 1.000000
vt 0.458333 1.000000
vt 0.479167 1.000000
vt 0.500000 1.000000
vt 0.520833 1.000000
vt 0.541667 1.000000
vt 0.562500 1.000000
vt 0.583333 1.000000
vt 0.604167 1.000000
vt 0.625000 1.000000
vt 0.645833 1.000000
vt 0.666667 1.000000
vt 0.687500 1.000000
vt 0.708333 1.000000
vt 0.729167 1.000000
vt 0.750000 1.000000
vt 0.770833 1.000000
vt 0.791667 1.000000
vt 0.812500 1.000000
vt 0.833333 1.000000
vt 0.854167 1.000000
vt 0.875000 1.000000
vt 0.895833 1.000000
vt 0.916667 1.000000
vt 0.937500 1.000000
vt 0.958333 1.000000
vt 0.979167 1.000000
vt 1.000000 1.000000
vn 0.426538 0.628923 0.650016
vn 0.465833 0.588179 0.661094
vn 0.354662 0.539148 0.763894
vn -0.005768 0.421683 0.906725
vn -0.498057 0.192006 0.845620
vn -0.747023 0.035435 0.663854
vn -0.820886 0.000907 0.571091
vn -0.806343 0.065691 0.587788
vn -0.623950 0.283644 0.728171
vn 0.047772 0.622866 0.780869
vn 0.603635 0.624406 0.495724
vn 0.771061 0.546423 0.326936
vn 0.827324 0.497985 0.259897
vn 0.847116 0.468855 0.250139
vn 0.839646 0.446054 0.309886
vn 0.722736 0.381388 0.576365
vn 0.085274 0.047129 0.995242
vn -0.068834 -0.054878 0.996118
vn 0.100522 0.031117 0.994448
vn -0.289026 -0.118140 0.950004
vn -0.763887 -0.337688 0.549949
vn -0.838505 -0.392981 0.377459
vn -0.831825 -0.416516 0.366853
vn -0.774933 -0.428539 0.464579
vn -0.543652 -0.382640 0.747014
vn 0.248287 -0.023786 0.968394
vn 0.691650 0.284278 0.663932
vn 0.762073 0.389951 0.516898
vn 0.747851 0.443645 0.493860
vn 0.686445 0.472613 0.552658
vn 0.563509 0.462599 0.684441
vn 0.358739 0.374113 0.855187
vn 0.105835 0.185532 0.976922
vn -0.103217 -0.058408 0.992943
vn -0.214427 -0.289855 0.932741
vn -0.244777 -0.469247 0.848464
vn -0.244634 -0.588075 0.770923
vn -0.261374 -0.653870 0.710026
vn -0.322519 -0.674818 0.663779
vn -0.430335 -0.651414 0.624878
vn -0.561814 -0.581329 0.588576
vn -0.681854 -0.470646 0.559971
vn -0.764733 -0.331062 0.552794
vn -0.795829 -0.163255 0.583099
vn -0.745676 0.053121 0.664187
vn -0.533549 0.335519 0.776371
vn -0.124273 0.582159 0.803522
vn 0.242714 0.653726 0.716751
vn 0.426538 0.628923 0.650016
vn 0.425959 0.445430 0.787497
vn 0.428674 0.268624 0.862600
vn 0.202619 0.015916 0.979128
vn -0.242621 -0.253107 0.936521
vn -0.572513 -0.362711 0.735303
vn -0.715946 -0.357585 0.599628
vn -0.763817 -0.302893 0.569946
vn -0.725796 -0.183754 0.662914
vn -0.390785 0.133791 0.910707
vn 0.426106 0.507886 0.748656
vn 0.733806 0.525452 0.430614
vn 0.813557 0.497642 0.300795
vn 0.840296 0.477158 0.257337
vn 0.843299 0.462558 0.273655
vn 0.801985 0.438174 0.405984
vn 0.431750 0.244989 0.868085
vn -0.130792 -0.087334 0.987556
vn 0.040985 -0.026009 0.998821
vn 0.066466 0.021876 0.997549
vn -0.579263 -0.233670 0.780931
vn -0.824697 -0.363289 0.433468
vn -0.846559 -0.401276 0.349737
vn -0.819303 -0.424479 0.385435
vn -0.712518 -0.431207 0.553514
vn -0.214002 -0.279074 0.936120
vn 0.593792 0.173863 0.785610
vn 0.767039 0.356974 0.533124
vn 0.774101 0.438745 0.456366
vn 0.726698 0.498074 0.473109
vn 0.621895 0.542924 0.564341
vn 0.433847 0.550608 0.713168
vn 0.172204 0.491444 0.853715
vn -0.088970 0.377349 0.921787
vn -0.284491 0.242881 0.927402
vn -0.390763 0.113233 0.913500
vn -0.419159 0.006040 0.907893
vn -0.406246 -0.066043 0.911374
vn -0.401697 -0.094117 0.910923
vn -0.445835 -0.075833 0.891897
vn -0.540102 -0.017860 0.841410
vn -0.643679 0.063695 0.762640
vn -0.713649 0.152531 0.683695
vn -0.733606 0.244925 0.633904
vn -0.696922 0.347844 0.627140
vn -0.583370 0.466711 0.664726
vn -0.358348 0.582841 0.729303
vn -0.034944 0.632868 0.773470
vn 0.261620 0.574593 0.775499
vn 0.425959 0.445430 0.787497
vn 0.189762 0.448576 0.873367
vn 0.133524 0.075992 0.988128
vn -0.135860 -0.329078 0.934478
vn -0.406625 -0.534241 0.741109
vn -0.562487 -0.576802 0.592374
vn -0.634476 -0.561609 0.531070
vn -0.639988 -0.524994 0.561068
vn -0.515583 -0.443975 0.732844
vn 0.100500 -0.107272 0.989137
vn 0.719980 0.298027 0.626744
vn 0.838644 0.391866 0.378308
vn 0.864390 0.413599 0.285948
vn 0.867765 0.419472 0.266510
vn 0.849359 0.416809 0.323821
vn 0.709497 0.360060 0.605782
vn -0.011421 -0.006322 0.999915
vn -0.119421 -0.100689 0.987725
vn 0.162619 0.031615 0.986182
vn -0.129896 -0.046462 0.990438
vn -0.753773 -0.305844 0.581624
vn -0.851448 -0.374933 0.366690
vn -0.847019 -0.406901 0.342037
vn -0.794304 -0.435150 0.423942
vn -0.578439 -0.438531 0.687822
vn 0.277440 -0.134452 0.951289
vn 0.759565 0.213359 0.614442
vn 0.821825 0.335438 0.460527
vn 0.803934 0.405270 0.435255
vn 0.736298 0.461515 0.494843
vn 0.589573 0.498264 0.635717
vn 0.338900 0.482369 0.807754
vn 0.056016 0.419186 0.906171
vn -0.177034 0.360644 0.915749
vn -0.335379 0.327491 0.883329
vn -0.405217 0.329494 0.852780
vn -0.394819 0.375218 0.838648
vn -0.337185 0.457716 0.822680
vn -0.284752 0.552392 0.783441
vn -0.280551 0.633962 0.720682
vn -0.328050 0.689070 0.646193
vn -0.398778 0.716423 0.572463
vn -0.459411 0.725813 0.511994
vn -0.488904 0.731978 0.474533
vn -0.477033 0.745677 0.465193
vn -0.416070 0.768250 0.486496
vn -0.298096 0.787088 0.540030
vn -0.125517 0.770438 0.625036
vn 0.065047 0.671990 0.737698
vn 0.189762 0.448576 0.873367
vn -0.222959 0.609923 0.760449
vn -0.347651 0.196359 0.916833
vn -0.499764 -0.278579 0.820140
vn -0.577209 -0.510140 0.637642
vn -0.607850 -0.589416 0.532079
vn -0.600258 -0.617178 0.508707
vn -0.521114 -0.629378 0.576475
vn -0.211945 -0.589724 0.779298
vn 0.537403 -0.214716 0.815533
vn 0.856281 0.147350 0.495046
vn 0.902553 0.271318 0.334343
vn 0.906533 0.318854 0.276639
vn 0.896513 0.339253 0.284906
vn 0.847818 0.336652 0.409719
vn 0.442770 0.184818 0.877381
vn -0.205205 -0.094722 0.974125
vn 0.013440 -0.022235 0.999662
vn 0.193830 0.064120 0.978938
vn -0.455732 -0.170609 0.873614
vn -0.830619 -0.331842 0.447161
vn -0.866932 -0.369758 0.334226
vn -0.847397 -0.396569 0.353061
vn -0.759543 -0.426365 0.491230
vn -0.326041 -0.391027 0.860694
vn 0.611793 0.002671 0.791013
vn 0.834969 0.205001 0.510687
vn 0.860500 0.280358 0.425370
vn 0.835968 0.324347 0.442670
vn 0.754315 0.352336 0.553956
vn 0.557656 0.344111 0.755385
vn 0.255368 0.279766 0.925483
vn -0.004374 0.219617 0.975576
vn -0.189951 0.208046 0.959497
vn -0.303179 0.251493 0.919148
vn -0.319949 0.356754 0.877701
vn -0.247295 0.508698 0.824665
vn -0.143644 0.655754 0.741184
vn -0.079716 0.760213 0.644765
vn -0.079668 0.825236 0.559141
vn -0.129134 0.863085 0.488270
vn -0.202167 0.880372 0.429038
vn -0.273859 0.882566 0.382202
vn -0.326492 0.877365 0.351617
vn -0.351170 0.872215 0.340471
vn -0.345578 0.870244 0.351072
vn -0.312149 0.867550 0.387196
vn -0.260181 0.850519 0.457081
vn -0.213439 0.788639 0.576622
vn -0.222959 0.609923 0.760449
vn -0.485263 0.698967 0.525324
vn -0.641486 0.426029 0.637962
vn -0.759412 0.024093 0.650163
vn -0.766976 -0.283463 0.575671
vn -0.723690 -0.449074 0.524029
vn -0.643126 -0.544283 0.538651
vn -0.450596 -0.610559 0.651292
vn 0.105057 -0.548600 0.829458
vn 0.749842 -0.156884 0.642748
vn 0.909520 0.090289 0.405736
vn 0.934327 0.189821 0.301663
vn 0.933546 0.234020 0.271525
vn 0.916740 0.251635 0.310270
vn 0.815706 0.232332 0.529760
vn 0.106124 0.029905 0.993903
vn -0.193146 -0.044362 0.980167
vn 0.141488 0.067686 0.987623
vn 0.063644 0.024182 0.997680
vn -0.695294 -0.256814 0.671277
vn -0.868083 -0.322076 0.377754
vn -0.882807 -0.336077 0.328184
vn -0.854650 -0.345748 0.387339
vn -0.714942 -0.345306 0.607965
vn 0.052621 -0.163297 0.985173
vn 0.751243 0.133857 0.646310
vn 0.864603 0.211544 0.455752
vn 0.879280 0.230801 0.416650
vn 0.852447 0.224836 0.471999
vn 0.750174 0.188337 0.633851
vn 0.495926 0.106631 0.861793
vn 0.181322 0.018471 0.983250
vn -0.033139 -0.027675 0.999068
vn -0.163508 -0.024147 0.986246
vn -0.209033 0.055870 0.976311
vn -0.148065 0.234180 0.960852
vn -0.016704 0.458900 0.888331
vn 0.085112 0.629177 0.772588
vn 0.110228 0.725697 0.679127
vn 0.074972 0.779635 0.621731
vn 0.004933 0.817908 0.575328
vn -0.081812 0.854865 0.512360
vn -0.170889 0.885139 0.432811
vn -0.246970 0.898850 0.362043
vn -0.300627 0.899182 0.317955
vn -0.331752 0.893611 0.302323
vn -0.347167 0.884202 0.312510
vn -0.360413 0.864983 0.349151
vn -0.394964 0.818014 0.418159
vn -0.485263 0.698967 0.525324
vn -0.584412 0.719076 0.376021
vn -0.711622 0.556949 0.428256
vn -0.826016 0.316040 0.466708
vn -0.873157 0.062859 0.483369
vn -0.849702 -0.137543 0.509008
vn -0.752311 -0.284547 0.594189
vn -0.446125 -0.390860 0.805109
vn 0.378926 -0.279546 0.882196
vn 0.841321 -0.018154 0.540230
vn 0.929743 0.099306 0.354564
vn 0.947773 0.149302 0.281844
vn 0.947354 0.169580 0.271592
vn 0.925056 0.168757 0.340283
vn 0.747241 0.124193 0.652845
vn -0.043046 -0.004479 0.999063
vn -0.100589 0.041069 0.994080
vn 0.172515 0.097531 0.980166
vn -0.227075 -0.088001 0.969893
vn -0.803504 -0.271642 0.529709
vn -0.893594 -0.276343 0.353730
vn -0.902638 -0.254583 0.347032
vn -0.866358 -0.208341 0.453891
vn -0.617993 -0.063686 0.783600
vn 0.374261 0.253457 0.892014
vn 0.779847 0.297332 0.550847
vn 0.859605 0.269520 0.434095
vn 0.873520 0.222273 0.433078
vn 0.838979 0.142075 0.525290
vn 0.697336 0.005008 0.716727
vn 0.398580 -0.162016 0.902710
vn 0.108988 -0.274490 0.955394
vn -0.059995 -0.331691 0.941478
vn -0.118358 -0.332764 0.935553
vn -0.059500 -0.235661 0.970012
vn 0.103095 -0.003455 0.994665
vn 0.247042 0.265456 0.931935
vn 0.264086 0.407914 0.873994
vn 0.165024 0.353085 0.920922
vn 0.004604 0.015088 0.999876
vn -0.061215 -0.405738 0.911937
vn -0.004056 -0.581912 0.813241
vn 0.060831 -0.500635 0.863519
vn -0.011101 0.048251 0.998774
vn -0.222076 0.701265 0.677429
vn -0.324789 0.845797 0.423250
vn -0.380052 0.862207 0.334901
vn -0.427378 0.846940 0.316293
vn -0.489373 0.805545 0.334082
vn -0.584412 0.719076 0.376021
vn -0.624540 0.714863 0.314518
vn -0.717628 0.617036 0.322918
vn -0.802980 0.486691 0.344028
vn -0.858596 0.347978 0.376462
vn -0.869422 0.231083 0.436700
vn -0.804621 0.158965 0.572114
vn -0.456497 0.158656 0.875465
vn 0.501161 0.182044 0.845989
vn 0.860980 0.158335 0.483367
vn 0.932228 0.148302 0.330088
vn 0.951266 0.139788 0.274867
vn 0.952260 0.124737 0.278644
vn 0.923045 0.094645 0.372867
vn 0.676811 0.029894 0.735550
vn -0.034923 0.004281 0.999381
vn -0.017911 0.082414 0.996437
vn 0.079758 0.047172 0.995697
vn -0.502039 -0.185922 0.844624
vn -0.850472 -0.237833 0.469184
vn -0.912303 -0.186579 0.364544
vn -0.914632 -0.094699 0.393041
vn -0.830990 0.094371 0.548224
vn -0.324927 0.483533 0.812785
vn 0.458514 0.598809 0.656653
vn 0.723359 0.496861 0.479459
vn 0.806505 0.402168 0.433372
vn 0.827178 0.294128 0.478817
vn 0.775261 0.123230 0.619503
vn 0.563699 -0.149429 0.812351
vn 0.226430 -0.416533 0.880471
vn -0.012975 -0.569620 0.821806
vn -0.099097 -0.641817 0.760428
vn -0.047951 -0.650143 0.758297
vn 0.139136 -0.551799 0.822289
vn 0.387906 -0.274425 0.879898
vn 0.467030 0.051928 0.882715
vn 0.227533 0.131179 0.964894
vn -0.308124 -0.314513 0.897854
vn -0.428310 -0.708928 0.560332
vn -0.293520 -0.870648 0.394737
vn -0.114925 -0.939327 0.323197
vn 0.053303 -0.954463 0.293528
vn 0.189490 -0.936167 0.296115
vn 0.285836 -0.891498 0.351467
vn 0.313489 -0.753445 0.577966
vn -0.151553 0.303801 0.940604
vn -0.448911 0.767311 0.457944
vn -0.539031 0.771780 0.337344
vn -0.624540 0.714863 0.314518
vn -0.637905 0.688814 0.344402
vn -0.713074 0.640327 0.285493
vn -0.770031 0.573373 0.279813
vn -0.805036 0.512236 0.299218
vn -0.805281 0.479797 0.348307
vn -0.731717 0.506855 0.455728
vn -0.403350 0.624651 0.668670
vn 0.415730 0.580063 0.700496
vn 0.822188 0.343245 0.454081
vn 0.919792 0.218327 0.326060
vn 0.948217 0.147861 0.281107
vn 0.951231 0.090567 0.294886
vn 0.913254 0.023570 0.406707
vn 0.641514 -0.058061 0.764911
vn 0.048147 -0.020433 0.998631
vn 0.007242 0.042673 0.999063
vn -0.106377 -0.066156 0.992123
vn -0.642193 -0.220561 0.734126
vn -0.866417 -0.169654 0.469615
vn -0.911326 -0.039658 0.409771
vn -0.867913 0.179214 0.463260
vn -0.602812 0.543890 0.583782
vn -0.008616 0.812869 0.582383
vn 0.414433 0.779938 0.468979
vn 0.595930 0.687720 0.414618
vn 0.672292 0.598214 0.436077
vn 0.685458 0.479766 0.547696
vn 0.588372 0.240153 0.772105
vn 0.266525 -0.198567 0.943152
vn -0.069976 -0.557527 0.827204
vn -0.194415 -0.720587 0.665550
vn -0.156056 -0.796805 0.583737
vn 0.016740 -0.816275 0.577421
vn 0.314048 -0.722356 0.616097
vn 0.608090 -0.448170 0.655263
vn 0.656902 -0.107615 0.746256
vn 0.007037 0.001329 0.999974
vn -0.719953 -0.364357 0.590687
vn -0.685462 -0.621706 0.378978
vn -0.502286 -0.807490 0.309305
vn -0.263400 -0.924828 0.274433
vn -0.024868 -0.968016 0.249651
vn 0.170702 -0.957403 0.232895
vn 0.312278 -0.922096 0.228519
vn 0.409020 -0.878788 0.245833
vn 0.469985 -0.823183 0.318567
vn 0.417867 -0.622989 0.661266
vn -0.464693 0.593477 0.657149
vn -0.637905 0.688814 0.344402
vn -0.458400 0.464285 0.757831
vn -0.701479 0.634494 0.324569
vn -0.745765 0.613418 0.259910
vn -0.760920 0.595510 0.257620
vn -0.742420 0.605304 0.287087
vn -0.655277 0.666094 0.356275
vn -0.381283 0.788478 0.482623
vn 0.243819 0.789330 0.563480
vn 0.732482 0.514087 0.446301
vn 0.892044 0.295485 0.341972
vn 0.939550 0.159570 0.302956
vn 0.944839 0.052940 0.323229
vn 0.895491 -0.058510 0.441216
vn 0.636985 -0.166527 0.752675
vn 0.149172 -0.127530 0.980553
vn -0.022855 -0.091341 0.995557
vn -0.282332 -0.199913 0.938256
vn -0.680660 -0.223982 0.697520
vn -0.847026 -0.074997 0.526234
vn -0.849918 0.177182 0.496232
vn -0.659911 0.537185 0.525309
vn -0.233497 0.835176 0.497956
vn 0.149561 0.897771 0.414293
vn 0.354152 0.861879 0.362961
vn 0.442675 0.818959 0.365164
vn 0.455310 0.779051 0.431014
vn 0.382007 0.711377 0.589926
vn 0.146443 0.501149 0.852880
vn -0.261006 -0.009802 0.965287
vn -0.463949 -0.466185 0.753274
vn -0.427151 -0.692370 0.581521
vn -0.254776 -0.818947 0.514213
vn 0.052495 -0.861955 0.504259
vn 0.445561 -0.744556 0.497104
vn 0.736794 -0.476020 0.480145
vn 0.801026 -0.191926 0.567029
vn -0.150152 -0.002089 0.988661
vn -0.883094 -0.205806 0.421650
vn -0.854723 -0.418486 0.307112
vn -0.713051 -0.637861 0.291016
vn -0.462247 -0.837408 0.291677
vn -0.142705 -0.949110 0.280759
vn 0.142301 -0.955812 0.257243
vn 0.339566 -0.910661 0.235356
vn 0.463026 -0.857440 0.224507
vn 0.540397 -0.809105 0.230914
vn 0.588964 -0.760211 0.274228
vn 0.576523 -0.657112 0.485619
vn -0.458400 0.464285 0.757831
vn 0.641669 -0.602387 0.474753
vn -0.541252 0.480214 0.690246
vn -0.724743 0.620974 0.298560
vn -0.733416 0.632845 0.248208
vn -0.705449 0.660823 0.256232
vn -0.620347 0.724889 0.299509
vn -0.405807 0.829515 0.383700
vn 0.061443 0.875889 0.478584
vn 0.594211 0.659160 0.460892
vn 0.845691 0.370993 0.383629
vn 0.924099 0.160788 0.346681
vn 0.929852 -0.006525 0.367876
vn 0.862772 -0.171107 0.475759
vn 0.627200 -0.319528 0.710297
vn 0.226818 -0.337094 0.913740
vn -0.062540 -0.317788 0.946097
vn -0.356227 -0.339451 0.870561
vn -0.637127 -0.238280 0.733002
vn -0.754878 0.035339 0.654912
vn -0.638750 0.448552 0.625140
vn -0.278350 0.797949 0.534601
vn 0.055821 0.907813 0.415643
vn 0.238109 0.907379 0.346362
vn 0.311979 0.890175 0.332051
vn 0.308851 0.875758 0.371025
vn 0.227620 0.853450 0.468841
vn 0.044318 0.792111 0.608766
vn -0.268569 0.633077 0.726006
vn -0.627726 0.283712 0.724891
vn -0.775896 -0.137600 0.615672
vn -0.699071 -0.464050 0.544020
vn -0.437367 -0.716239 0.543793
vn 0.061031 -0.831454 0.552231
vn 0.579585 -0.661603 0.475775
vn 0.830606 -0.393967 0.393553
vn 0.882727 -0.183568 0.432546
vn -0.115103 0.004928 0.993341
vn -0.936821 -0.089156 0.338256
vn -0.936158 -0.232256 0.263940
vn -0.867864 -0.411285 0.278669
vn -0.690468 -0.645873 0.325733
vn -0.331394 -0.870786 0.363194
vn 0.095288 -0.934603 0.342692
vn 0.383159 -0.875559 0.294255
vn 0.534395 -0.805247 0.256904
vn 0.612711 -0.753800 0.237425
vn 0.655945 -0.716677 0.236877
vn 0.678754 -0.682286 0.271623
vn 0.641669 -0.602387 0.474753
vn 0.726760 -0.624573 0.285881
vn 0.638503 -0.545493 0.542910
vn -0.620391 0.534054 0.574370
vn -0.714373 0.638478 0.286387
vn -0.690708 0.677243 0.253503
vn -0.619151 0.735563 0.274952
vn -0.460291 0.821660 0.336166
vn -0.124257 0.892203 0.434204
vn 0.393891 0.771496 0.499644
vn 0.766450 0.441676 0.466345
vn 0.894481 0.135416 0.426107
vn 0.893711 -0.111084 0.434674
vn 0.795183 -0.331908 0.507465
vn 0.569860 -0.513137 0.641833
vn 0.249124 -0.589559 0.768348
vn -0.047669 -0.577461 0.815025
vn -0.293491 -0.507528 0.810110
vn -0.471767 -0.308137 0.826128
vn -0.478266 0.129537 0.868609
vn -0.185655 0.645173 0.741137
vn 0.112834 0.843102 0.525783
vn 0.258379 0.873368 0.412878
vn 0.304589 0.866198 0.396141
vn 0.277572 0.832462 0.479543
vn 0.172466 0.703089 0.689871
vn 0.035723 0.471254 0.881274
vn -0.096136 0.465327 0.879903
vn -0.384207 0.565084 0.730113
vn -0.704246 0.443866 0.554094
vn -0.863047 0.199305 0.464141
vn -0.877633 -0.049581 0.476762
vn -0.710845 -0.334986 0.618453
vn 0.028832 -0.608101 0.793336
vn 0.745225 -0.404017 0.530481
vn 0.909287 -0.204210 0.362624
vn 0.926379 -0.088638 0.366012
vn -0.001339 0.000020 0.999999
vn -0.953126 -0.048574 0.298648
vn -0.963816 -0.117064 0.239489
vn -0.940914 -0.209261 0.266254
vn -0.863702 -0.364115 0.348483
vn -0.600623 -0.631322 0.490595
vn 0.000564 -0.837592 0.546296
vn 0.457879 -0.776628 0.432661
vn 0.634389 -0.695852 0.336661
vn 0.698871 -0.656990 0.282741
vn 0.722838 -0.642090 0.255394
vn 0.730740 -0.635214 0.250043
vn 0.726760 -0.624573 0.285881
vn 0.759687 -0.593180 0.266484
vn 0.736543 -0.600416 0.311455
vn 0.564508 -0.477795 0.673085
vn -0.645247 0.574176 0.503962
vn -0.686945 0.664696 0.293744
vn -0.639569 0.716820 0.277708
vn -0.533544 0.783326 0.318954
vn -0.316008 0.853939 0.413434
vn 0.102419 0.827081 0.552673
vn 0.601317 0.505325 0.618922
vn 0.819608 0.059166 0.569862
vn 0.799684 -0.286158 0.527844
vn 0.659604 -0.535771 0.527135
vn 0.449811 -0.699369 0.555475
vn 0.223080 -0.772440 0.594619
vn 0.032384 -0.767369 0.640387
vn -0.089062 -0.687102 0.721081
vn -0.093489 -0.454316 0.885922
vn 0.114501 0.108554 0.987474
vn 0.334662 0.578079 0.744195
vn 0.398804 0.708666 0.582021
vn 0.363126 0.681306 0.635580
vn 0.069445 0.148456 0.986478
vn -0.254616 -0.712699 0.653629
vn -0.166821 -0.872143 0.459933
vn 0.038593 -0.891160 0.452044
vn 0.281456 -0.773361 0.568064
vn 0.187120 -0.236259 0.953503
vn -0.640751 0.475847 0.602502
vn -0.828082 0.411184 0.381063
vn -0.864244 0.328063 0.381387
vn -0.784412 0.306767 0.539066
vn -0.081869 0.350826 0.932855
vn 0.810105 0.167983 0.561705
vn 0.930558 0.101227 0.351873
vn 0.932495 0.083914 0.351299
vn -0.119707 -0.010212 0.992757
vn -0.956607 -0.080077 0.280163
vn -0.969402 -0.080750 0.231816
vn -0.961096 -0.083709 0.263223
vn -0.928361 -0.101054 0.357677
vn -0.796825 -0.172542 0.579050
vn -0.190130 -0.367025 0.910573
vn 0.555798 -0.436046 0.707780
vn 0.753155 -0.448315 0.481427
vn 0.791597 -0.486834 0.369278
vn 0.788912 -0.531579 0.308289
vn 0.775218 -0.568794 0.274791
vn 0.759687 -0.593180 0.266484
vn 0.778211 -0.555887 0.292194
vn 0.755858 -0.590589 0.282635
vn 0.724304 -0.597354 0.344313
vn 0.423858 -0.366128 0.828429
vn -0.645995 0.592481 0.481307
vn -0.667684 0.671971 0.320397
vn -0.614359 0.718965 0.325041
vn -0.501994 0.765290 0.402907
vn -0.268384 0.770797 0.577791
vn 0.197196 0.518964 0.831739
vn 0.577393 -0.108161 0.809270
vn 0.569393 -0.528104 0.629998
vn 0.439368 -0.730344 0.523024
vn 0.297927 -0.828148 0.474774
vn 0.185157 -0.865273 0.465854
vn 0.130424 -0.858334 0.496238
vn 0.173300 -0.792821 0.584297
vn 0.374999 -0.562022 0.737229
vn 0.625657 -0.040992 0.779021
vn 0.638492 0.352195 0.684315
vn 0.430426 0.383305 0.817197
vn -0.388741 -0.455649 0.800790
vn -0.502357 -0.776620 0.380130
vn -0.380330 -0.880408 0.283249
vn -0.171396 -0.948607 0.266023
vn 0.115406 -0.954911 0.273546
vn 0.409969 -0.863674 0.293243
vn 0.605445 -0.702054 0.374909
vn 0.225609 -0.183839 0.956715
vn -0.749876 0.514913 0.415392
vn -0.768844 0.550939 0.324569
vn -0.629444 0.672310 0.389616
vn -0.103724 0.851775 0.513538
vn 0.591000 0.677405 0.437997
vn 0.831890 0.441869 0.335724
vn 0.868524 0.303732 0.391678
vn -0.597396 -0.153626 0.787094
vn -0.946223 -0.180067 0.268771
vn -0.963384 -0.120962 0.239289
vn -0.959453 -0.044313 0.278364
vn -0.923119 0.067059 0.378622
vn -0.775497 0.238359 0.584628
vn -0.263589 0.413855 0.871347
vn 0.453965 0.296924 0.840091
vn 0.764856 0.032331 0.643389
vn 0.842512 -0.199060 0.500548
vn 0.836172 -0.373370 0.401759
vn 0.806303 -0.488522 0.333501
vn 0.778211 -0.555887 0.292194
vn 0.774927 -0.526752 0.349315
vn 0.756451 -0.580719 0.300912
vn 0.743847 -0.599745 0.294954
vn 0.712115 -0.588067 0.383496
vn 0.213489 -0.180414 0.960142
vn -0.661055 0.578283 0.478116
vn -0.686321 0.631428 0.360919
vn -0.656361 0.642103 0.396098
vn -0.591113 0.603030 0.535668
vn -0.426990 0.360782 0.829166
vn -0.046022 -0.315032 0.947965
vn 0.155187 -0.722884 0.673317
vn 0.169586 -0.848955 0.500516
vn 0.149527 -0.894478 0.421368
vn 0.152285 -0.906078 0.394756
vn 0.215623 -0.887299 0.407684
vn 0.379475 -0.804382 0.457130
vn 0.640967 -0.565730 0.518758
vn 0.824156 -0.167634 0.540986
vn 0.759474 0.146746 0.633771
vn -0.257017 -0.120095 0.958916
vn -0.749921 -0.537194 0.386059
vn -0.667209 -0.694629 0.268929
vn -0.492596 -0.833598 0.249928
vn -0.206840 -0.944233 0.256206
vn 0.165331 -0.952221 0.256791
vn 0.482532 -0.841406 0.243308
vn 0.661391 -0.709256 0.243964
vn 0.714317 -0.609822 0.343320
vn -0.250823 0.207802 0.945466
vn -0.660118 0.658009 0.362309
vn -0.485991 0.809761 0.328785
vn -0.082105 0.932408 0.351957
vn 0.384728 0.858296 0.339576
vn 0.651698 0.676658 0.342671
vn 0.628734 0.432016 0.646572
vn -0.801394 -0.406952 0.438358
vn -0.902927 -0.343113 0.258838
vn -0.935037 -0.240286 0.260707
vn -0.942466 -0.095255 0.320443
vn -0.887356 0.135235 0.440808
vn -0.646896 0.463202 0.605779
vn -0.178847 0.696671 0.694740
vn 0.249155 0.681471 0.688127
vn 0.547369 0.496200 0.673924
vn 0.745363 0.182016 0.641330
vn 0.819128 -0.164217 0.549601
vn 0.804285 -0.404099 0.435694
vn 0.774927 -0.526752 0.349315
vn 0.730019 -0.522557 0.440461
vn 0.735890 -0.583496 0.343510
vn 0.745770 -0.595512 0.298651
vn 0.750103 -0.586507 0.305540
vn 0.712469 -0.543315 0.444068
vn -0.148049 0.110288 0.982811
vn -0.718838 0.519662 0.461761
vn -0.760170 0.514349 0.396971
vn -0.774753 0.431806 0.461846
vn -0.764872 0.190526 0.615363
vn -0.599675 -0.314411 0.735891
vn -0.295255 -0.724807 0.622478
vn -0.104025 -0.870093 0.481786
vn 0.009725 -0.914959 0.403429
vn 0.123611 -0.920469 0.370751
vn 0.287140 -0.884620 0.367422
vn 0.517967 -0.767736 0.377217
vn 0.756352 -0.532784 0.379569
vn 0.889795 -0.240802 0.387659
vn 0.822196 0.001695 0.569202
vn -0.752893 -0.151956 0.640360
vn -0.893861 -0.344565 0.286859
vn -0.823974 -0.509283 0.248390
vn -0.658920 -0.702904 0.267862
vn -0.308297 -0.901254 0.304458
vn 0.197054 -0.933521 0.299513
vn 0.550660 -0.795559 0.252703
vn 0.700037 -0.678890 0.221488
vn 0.736903 -0.634768 0.232473
vn 0.674791 -0.633157 0.379171
vn -0.219429 0.275829 0.935825
vn -0.355296 0.820762 0.447341
vn -0.046957 0.923620 0.380421
vn 0.268655 0.875505 0.401641
vn 0.390563 0.625715 0.675235
vn -0.554337 -0.612508 0.563511
vn -0.730448 -0.624433 0.276640
vn -0.799631 -0.545465 0.251115
vn -0.849138 -0.439057 0.293588
vn -0.878426 -0.258507 0.401923
vn -0.802611 0.098094 0.588382
vn -0.440243 0.560842 0.701172
vn -0.052205 0.760761 0.646929
vn 0.162725 0.773616 0.612404
vn 0.306406 0.696702 0.648631
vn 0.471115 0.484098 0.737360
vn 0.652106 0.062524 0.755545
vn 0.724100 -0.337768 0.601326
vn 0.730019 -0.522557 0.440461
vn 0.608424 -0.557448 0.564865
vn 0.687641 -0.603516 0.403632
vn 0.739058 -0.591839 0.321745
vn 0.771968 -0.564441 0.292354
vn 0.784111 -0.528704 0.325026
vn 0.687033 -0.429313 0.586239
vn -0.581097 0.332471 0.742825
vn -0.812927 0.404814 0.418659
vn -0.858229 0.319695 0.401544
vn -0.877562 0.130499 0.461362
vn -0.821653 -0.198557 0.534286
vn -0.624774 -0.564546 0.539393
vn -0.371665 -0.793766 0.481458
vn -0.140100 -0.893875 0.425863
vn 0.092992 -0.915352 0.391769
vn 0.356844 -0.858160 0.369085
vn 0.623862 -0.703060 0.341324
vn 0.820068 -0.482399 0.307863
vn 0.915320 -0.269779 0.299013
vn 0.879860 -0.096954 0.465237
vn -0.865182 -0.019618 0.501074
vn -0.959970 -0.132857 0.246590
vn -0.936373 -0.256559 0.239546
vn -0.848232 -0.438848 0.296503
vn -0.527249 -0.741461 0.415023
vn 0.208835 -0.878289 0.430113
vn 0.633106 -0.709743 0.308936
vn 0.746040 -0.620673 0.241224
vn 0.747282 -0.626030 0.222838
vn 0.673958 -0.695327 0.249603
vn 0.505453 -0.783064 0.362392
vn 0.224711 -0.731031 0.644282
vn 0.000323 -0.546238 0.837630
vn -0.196843 -0.764952 0.613271
vn -0.396736 -0.854774 0.334609
vn -0.515080 -0.824220 0.235274
vn -0.584806 -0.781169 0.218580
vn -0.627139 -0.738738 0.246908
vn -0.651990 -0.683093 0.329079
vn -0.650454 -0.552952 0.520724
vn -0.486407 -0.108082 0.867022
vn -0.053091 0.520510 0.852203
vn 0.131197 0.723930 0.677283
vn 0.152086 0.765414 0.625309
vn 0.125392 0.732550 0.669065
vn 0.123712 0.586509 0.800439
vn 0.246100 0.198906 0.948616
vn 0.467829 -0.322350 0.822938
vn 0.608424 -0.557448 0.564865
vn 0.378525 -0.615664 0.691142
vn 0.611983 -0.632113 0.475300
vn 0.731404 -0.582191 0.355107
vn 0.795215 -0.527611 0.298764
vn 0.828202 -0.478086 0.292431
vn 0.822599 -0.421802 0.381331
vn 0.245768 -0.111567 0.962887
vn -0.817134 0.315053 0.482735
vn -0.893633 0.258874 0.366612
vn -0.917120 0.132889 0.375808
vn -0.905232 -0.066657 0.419656
vn -0.820584 -0.329973 0.466646
vn -0.630209 -0.598291 0.494859
vn -0.333610 -0.799483 0.499531
vn 0.050054 -0.876941 0.477984
vn 0.443817 -0.791770 0.419675
vn 0.725659 -0.597877 0.340532
vn 0.871559 -0.404609 0.276905
vn 0.932316 -0.258610 0.252798
vn 0.919746 -0.152586 0.361643
vn -0.861359 0.080503 0.501578
vn -0.972785 0.040294 0.228179
vn -0.973449 -0.005172 0.228847
vn -0.950646 -0.070516 0.302157
vn -0.812895 -0.243941 0.528861
vn 0.145431 -0.595753 0.789891
vn 0.738410 -0.510258 0.440893
vn 0.804313 -0.511023 0.303209
vn 0.761461 -0.594339 0.258726
vn 0.639747 -0.726023 0.252218
vn 0.431860 -0.862917 0.262432
vn 0.171270 -0.948166 0.267671
vn -0.068374 -0.966257 0.248340
vn -0.243791 -0.945987 0.213717
vn -0.354200 -0.915919 0.188771
vn -0.413162 -0.891939 0.183688
vn -0.430949 -0.879744 0.200834
vn -0.407887 -0.878599 0.248381
vn -0.326379 -0.877128 0.352312
vn -0.123492 -0.808285 0.575696
vn 0.276929 -0.377777 0.883513
vn 0.467826 0.276117 0.839582
vn 0.372175 0.580972 0.723849
vn 0.188055 0.687737 0.701180
vn -0.032106 0.665027 0.746129
vn -0.225121 0.493790 0.839936
vn -0.266244 0.132939 0.954694
vn -0.004087 -0.354164 0.935174
vn 0.378525 -0.615664 0.691142
vn 0.091033 -0.639128 0.763694
vn 0.528128 -0.643615 0.553931
vn 0.736610 -0.548345 0.395882
vn 0.828105 -0.464526 0.313779
vn 0.870083 -0.402449 0.284588
vn 0.880665 -0.351888 0.317182
vn 0.749117 -0.263179 0.607915
vn -0.747689 0.227781 0.623760
vn -0.906675 0.225098 0.356752
vn -0.929845 0.159363 0.331649
vn -0.932174 0.059296 0.357121
vn -0.908310 -0.080588 0.410461
vn -0.825913 -0.269011 0.495479
vn -0.591627 -0.514713 0.620522
vn -0.030637 -0.715958 0.697470
vn 0.574333 -0.610962 0.544855
vn 0.833261 -0.412184 0.368485
vn 0.920609 -0.280712 0.271439
vn 0.950402 -0.204446 0.234387
vn 0.941162 -0.160681 0.297315
vn -0.752131 0.116101 0.648706
vn -0.961304 0.154311 0.228215
vn -0.957860 0.182852 0.221517
vn -0.928391 0.239979 0.283725
vn -0.814958 0.346490 0.464529
vn -0.154542 0.428720 0.890121
vn 0.753816 0.010272 0.657006
vn 0.854732 -0.284672 0.434045
vn 0.771833 -0.527683 0.354718
vn 0.571737 -0.756802 0.316808
vn 0.289747 -0.915068 0.280529
vn 0.021756 -0.970717 0.239239
vn -0.168654 -0.964537 0.203036
vn -0.281190 -0.942703 0.179566
vn -0.333372 -0.927139 0.171102
vn -0.335795 -0.924861 0.178533
vn -0.286513 -0.935822 0.205296
vn -0.167122 -0.950911 0.260457
vn 0.060616 -0.931427 0.358846
vn 0.409726 -0.765044 0.496823
vn 0.706549 -0.370973 0.602633
vn 0.755121 0.053362 0.653410
vn 0.592055 0.363698 0.719163
vn 0.246564 0.533758 0.808894
vn -0.196979 0.493467 0.847165
vn -0.508584 0.269398 0.817782
vn -0.587841 -0.028619 0.808470
vn -0.398202 -0.372868 0.838096
vn 0.091033 -0.639128 0.763694
vn -0.138084 -0.593927 0.792580
vn 0.476098 -0.599356 0.643508
vn 0.770774 -0.458703 0.442152
vn 0.873973 -0.354623 0.332287
vn 0.912696 -0.291372 0.286509
vn 0.921870 -0.251698 0.294626
vn 0.867442 -0.213876 0.449223
vn -0.509437 0.117101 0.852503
vn -0.907326 0.196298 0.371789
vn -0.930349 0.186983 0.315418
vn -0.930073 0.167841 0.326791
vn -0.917647 0.141118 0.371496
vn -0.880350 0.106868 0.462128
vn -0.751979 0.059243 0.656520
vn -0.173262 -0.031093 0.984385
vn 0.697165 -0.095066 0.710580
vn 0.908885 -0.092074 0.406756
vn 0.955309 -0.091056 0.281236
vn 0.966855 -0.099946 0.234951
vn 0.954705 -0.118840 0.272791
vn -0.308239 0.049689 0.950010
vn -0.945360 0.207968 0.251085
vn -0.929048 0.292852 0.226071
vn -0.866690 0.419344 0.270182
vn -0.702692 0.604346 0.375486
vn -0.283605 0.785468 0.550099
vn 0.372740 0.648935 0.663286
vn 0.747588 0.172719 0.641311
vn 0.718006 -0.377222 0.584954
vn 0.384488 -0.792485 0.473432
vn 0.029081 -0.938085 0.345182
vn -0.192651 -0.946954 0.257223
vn -0.306791 -0.928745 0.208117
vn -0.351404 -0.917683 0.185398
vn -0.342847 -0.921574 0.182089
vn -0.279363 -0.939834 0.196641
vn -0.142487 -0.962335 0.231538
vn 0.097125 -0.952389 0.289001
vn 0.428316 -0.830345 0.356473
vn 0.719182 -0.564532 0.405068
vn 0.855848 -0.267442 0.442717
vn 0.856935 -0.019084 0.515072
vn 0.716816 0.188630 0.671263
vn 0.285037 0.332791 0.898891
vn -0.359749 0.250488 0.898797
vn -0.672277 0.047054 0.738803
vn -0.723629 -0.145302 0.674721
vn -0.590308 -0.361860 0.721522
vn -0.138084 -0.593927 0.792580
vn -0.261839 -0.475167 0.840034
vn 0.499530 -0.439919 0.746284
vn 0.833317 -0.271322 0.481630
vn 0.921252 -0.177373 0.346171
vn 0.947497 -0.133163 0.290717
vn 0.950202 -0.115872 0.289292
vn 0.910678 -0.112480 0.397509
vn -0.098018 0.013781 0.995089
vn -0.898259 0.153895 0.411640
vn -0.925267 0.199038 0.322902
vn -0.913239 0.249765 0.321889
vn -0.881780 0.312871 0.352953
vn -0.815925 0.399860 0.417588
vn -0.651501 0.533586 0.539289
vn -0.178506 0.687477 0.703925
vn 0.545482 0.563504 0.620413
vn 0.856479 0.314703 0.409151
vn 0.942288 0.160179 0.293999
vn 0.966920 0.058455 0.248293
vn 0.960021 -0.024420 0.278862
vn 0.323909 -0.036284 0.945392
vn -0.930792 0.202021 0.304654
vn -0.909876 0.331422 0.249569
vn -0.822859 0.495309 0.278518
vn -0.641527 0.685274 0.344736
vn -0.341596 0.833207 0.434832
vn 0.001923 0.839105 0.543967
vn 0.257050 0.640764 0.723427
vn 0.236146 0.006698 0.971695
vn -0.171036 -0.697484 0.695889
vn -0.383703 -0.828838 0.407186
vn -0.461544 -0.840950 0.282454
vn -0.480169 -0.846919 0.228400
vn -0.455734 -0.865088 0.209594
vn -0.381740 -0.898944 0.214881
vn -0.232530 -0.941899 0.242395
vn 0.033280 -0.956523 0.289753
vn 0.406645 -0.849928 0.335055
vn 0.725253 -0.594997 0.346391
vn 0.879104 -0.330836 0.343108
vn 0.921372 -0.134788 0.364563
vn 0.896632 0.006440 0.442731
vn 0.764441 0.117802 0.633839
vn 0.262298 0.172269 0.949486
vn -0.490216 0.049728 0.870181
vn -0.748267 -0.084791 0.657957
vn -0.779776 -0.191603 0.596018
vn -0.676645 -0.316218 0.664949
vn -0.261839 -0.475167 0.840034
vn -0.265336 -0.240732 0.933619
vn 0.597424 -0.096312 0.796121
vn 0.877301 0.018498 0.479583
vn 0.937821 0.058613 0.342135
vn 0.954675 0.067524 0.289890
vn 0.954860 0.056957 0.291546
vn 0.917754 0.028043 0.396157
vn 0.117711 -0.002245 0.993045
vn -0.879575 0.081918 0.468654
vn -0.917447 0.179664 0.354982
vn -0.890913 0.296788 0.343789
vn -0.827025 0.431396 0.360454
vn -0.710296 0.583151 0.394226
vn -0.495616 0.747296 0.442621
vn -0.117350 0.868497 0.481604
vn 0.359130 0.816206 0.452585
vn 0.697708 0.614463 0.368292
vn 0.860542 0.412660 0.298630
vn 0.929596 0.252249 0.268742
vn 0.942948 0.117993 0.311331
vn 0.477073 -0.002340 0.878861
vn -0.911419 0.133561 0.389201
vn -0.906439 0.298773 0.298500
vn -0.811880 0.490042 0.317347
vn -0.634358 0.680633 0.366508
vn -0.408751 0.806376 0.427412
vn -0.238731 0.825825 0.510902
vn -0.246023 0.708517 0.661420
vn -0.533834 0.253082 0.806828
vn -0.729891 -0.337036 0.594698
vn -0.729064 -0.564942 0.386401
vn -0.700586 -0.652201 0.289505
vn -0.658165 -0.709756 0.251126
vn -0.585996 -0.771267 0.248509
vn -0.448792 -0.849391 0.277705
vn -0.171015 -0.924830 0.339768
vn 0.307668 -0.864248 0.398014
vn 0.733154 -0.567480 0.374768
vn 0.904382 -0.279139 0.322761
vn 0.948253 -0.097514 0.302170
vn 0.945651 0.015022 0.324836
vn 0.906915 0.090959 0.411378
vn 0.763588 0.142472 0.629789
vn 0.162402 0.113596 0.980164
vn -0.589780 -0.038710 0.806636
vn -0.787736 -0.124918 0.603214
vn -0.806828 -0.175584 0.564091
vn -0.711321 -0.219833 0.667605
vn -0.265336 -0.240732 0.933619
vn -0.092871 0.155653 0.983436
vn 0.666257 0.303356 0.681232
vn 0.854742 0.304817 0.420122
vn 0.902908 0.292194 0.315245
vn 0.919719 0.275102 0.280064
vn 0.922036 0.247772 0.297419
vn 0.877924 0.195383 0.437122
vn -0.023214 -0.003485 0.999724
vn -0.853558 -0.033807 0.519900
vn -0.903737 0.108773 0.414038
vn -0.866619 0.296447 0.401361
vn -0.766067 0.499274 0.404805
vn -0.600073 0.687559 0.408870
vn -0.362187 0.836987 0.410212
vn -0.052319 0.914269 0.401716
vn 0.284179 0.882745 0.374171
vn 0.564198 0.755290 0.333494
vn 0.748506 0.591360 0.300052
vn 0.852411 0.431356 0.295510
vn 0.883449 0.278072 0.377085
vn 0.264736 0.041217 0.963440
vn -0.881196 0.004672 0.472728
vn -0.909861 0.181669 0.373027
vn -0.832197 0.390001 0.394140
vn -0.678202 0.585773 0.443748
vn -0.515282 0.698212 0.496976
vn -0.462530 0.687210 0.560186
vn -0.599072 0.504355 0.621883
vn -0.809415 0.124430 0.573903
vn -0.878789 -0.203261 0.431757
vn -0.866411 -0.376325 0.328194
vn -0.835947 -0.473014 0.278298
vn -0.792321 -0.547682 0.268834
vn -0.715043 -0.631629 0.299597
vn -0.533494 -0.749615 0.391742
vn -0.016854 -0.832528 0.553727
vn 0.701070 -0.495291 0.513018
vn 0.921528 -0.145545 0.360004
vn 0.957122 0.022951 0.288773
vn 0.955187 0.112362 0.273848
vn 0.937185 0.168829 0.305255
vn 0.889289 0.210983 0.405771
vn 0.713050 0.239469 0.658950
vn -0.015936 0.151537 0.988323
vn -0.669829 -0.032759 0.741793
vn -0.812402 -0.098449 0.574727
vn -0.816164 -0.104823 0.568232
vn -0.692340 -0.049045 0.719902
vn -0.092871 0.155653 0.983436
vn 0.200895 0.521644 0.829173
vn 0.678278 0.530013 0.508945
vn 0.801975 0.487646 0.345017
vn 0.841568 0.462005 0.279848
vn 0.855606 0.443275 0.267292
vn 0.852277 0.418080 0.314376
vn 0.752668 0.338762 0.564562
vn -0.420743 -0.159287 0.893086
vn -0.815544 -0.206475 0.540608
vn -0.866505 -0.041372 0.497451
vn -0.830495 0.220113 0.511692
vn -0.694730 0.507815 0.509386
vn -0.482280 0.733419 0.479064
vn -0.233751 0.867594 0.438908
vn 0.029896 0.916176 0.399660
vn 0.286421 0.886699 0.362944
vn 0.504818 0.796683 0.332349
vn 0.665645 0.675058 0.318143
vn 0.765877 0.543000 0.344359
vn 0.762729 0.385961 0.518921
vn -0.261685 -0.090487 0.960902
vn -0.845181 -0.165209 0.508306
vn -0.892641 -0.026002 0.450017
vn -0.854822 0.151425 0.496337
vn -0.757018 0.320080 0.569625
vn -0.670932 0.396637 0.626522
vn -0.697220 0.321118 0.640911
vn -0.811079 0.109097 0.574673
vn -0.886590 -0.109940 0.449302
vn -0.904768 -0.249046 0.345502
vn -0.900272 -0.327383 0.286934
vn -0.886806 -0.377180 0.267038
vn -0.861939 -0.419337 0.284986
vn -0.803693 -0.471438 0.363076
vn -0.583542 -0.550547 0.596973
vn 0.410082 -0.347782 0.843137
vn 0.884685 0.062535 0.461976
vn 0.932492 0.190458 0.306896
vn 0.934698 0.245966 0.256593
vn 0.925202 0.280704 0.255357
vn 0.902222 0.310788 0.299009
vn 0.839416 0.345722 0.419354
vn 0.591339 0.379150 0.711733
vn -0.241071 0.231571 0.942475
vn -0.730113 0.021427 0.682991
vn -0.823753 -0.030656 0.566119
vn -0.798731 0.014716 0.601509
vn -0.568603 0.211460 0.794969
vn 0.200895 0.521644 0.829173
vn 0.427495 0.663892 0.613593
vn 0.689440 0.611880 0.387653
vn 0.766088 0.574455 0.288289
vn 0.789986 0.558281 0.253465
vn 0.790628 0.550804 0.267437
vn 0.756607 0.528597 0.384878
vn 0.263781 0.183858 0.946898
vn -0.641974 -0.430359 0.634556
vn -0.734082 -0.428141 0.527086
vn -0.758804 -0.289207 0.583589
vn -0.729342 0.006549 0.684118
vn -0.571909 0.403390 0.714281
vn -0.321659 0.698294 0.639469
vn -0.073470 0.836369 0.543221
vn 0.152836 0.871230 0.466476
vn 0.355047 0.839439 0.411442
vn 0.521523 0.764633 0.378616
vn 0.641127 0.666987 0.379585
vn 0.695458 0.549923 0.462519
vn 0.447911 0.279940 0.849123
vn -0.612805 -0.308460 0.727546
vn -0.805036 -0.326095 0.495560
vn -0.832325 -0.265176 0.486741
vn -0.810618 -0.196307 0.551691
vn -0.761887 -0.148633 0.630426
vn -0.736645 -0.160673 0.656916
vn -0.771412 -0.231817 0.592609
vn -0.826147 -0.306234 0.472971
vn -0.862768 -0.349285 0.365556
vn -0.881523 -0.367009 0.297020
vn -0.889756 -0.371717 0.264879
vn -0.890172 -0.369995 0.265888
vn -0.878623 -0.362863 0.310405
vn -0.824323 -0.339326 0.453154
vn -0.400946 -0.168078 0.900551
vn 0.699148 0.282487 0.656805
vn 0.864940 0.354834 0.354925
vn 0.890650 0.372398 0.260889
vn 0.892628 0.385221 0.234136
vn 0.881804 0.401919 0.246745
vn 0.850256 0.428957 0.305057
vn 0.754773 0.475760 0.451630
vn 0.378198 0.514830 0.769361
vn -0.447442 0.287538 0.846828
vn -0.769042 0.083353 0.633740
vn -0.817378 0.056338 0.573340
vn -0.732308 0.174431 0.658254
vn -0.282625 0.501519 0.817681
vn 0.427495 0.663892 0.613593
vn 0.570816 0.675960 0.466097
vn 0.714764 0.623766 0.316274
vn 0.757102 0.601204 0.255638
vn 0.762434 0.597792 0.247667
vn 0.737526 0.596792 0.316063
vn 0.497702 0.427732 0.754545
vn -0.560695 -0.521393 0.643250
vn -0.622881 -0.630410 0.463251
vn -0.589477 -0.637071 0.496646
vn -0.534379 -0.570441 0.623728
vn -0.445337 -0.359777 0.819900
vn -0.272073 0.048014 0.961078
vn -0.037978 0.445926 0.894264
vn 0.171483 0.648246 0.741870
vn 0.349187 0.706874 0.615140
vn 0.498729 0.686444 0.529210
vn 0.610344 0.624380 0.487473
vn 0.667020 0.538208 0.515185
vn 0.574472 0.384201 0.722753
vn -0.261148 -0.151705 0.953304
vn -0.723521 -0.384003 0.573636
vn -0.783709 -0.404514 0.471347
vn -0.771160 -0.420085 0.478372
vn -0.722978 -0.455229 0.519682
vn -0.667014 -0.507253 0.545699
vn -0.648942 -0.555150 0.520272
vn -0.683882 -0.574919 0.449192
vn -0.740691 -0.562261 0.367748
vn -0.790554 -0.531740 0.303770
vn -0.825840 -0.497218 0.266011
vn -0.848178 -0.464125 0.255308
vn -0.858735 -0.431174 0.276880
vn -0.849717 -0.388117 0.356857
vn -0.742445 -0.275827 0.610488
vn 0.214122 0.255307 0.942852
vn 0.772786 0.443844 0.453656
vn 0.845483 0.450054 0.287419
vn 0.861147 0.452141 0.232367
vn 0.859051 0.460819 0.222886
vn 0.840985 0.480461 0.248799
vn 0.790423 0.518882 0.325566
vn 0.632862 0.585942 0.506121
vn 0.086411 0.588312 0.804004
vn -0.597901 0.296736 0.744622
vn -0.789871 0.132571 0.598773
vn -0.789034 0.148303 0.596180
vn -0.585482 0.358836 0.726944
vn 0.085077 0.674814 0.733068
vn 0.570816 0.675960 0.466097
vn 0.667973 0.641092 0.377907
vn 0.749084 0.601562 0.277483
vn 0.768229 0.590904 0.246286
vn 0.753555 0.593237 0.283240
vn 0.606029 0.511172 0.609452
vn -0.570116 -0.536838 0.621911
vn -0.618848 -0.680241 0.392810
vn -0.543594 -0.737664 0.400447
vn -0.422701 -0.768486 0.480367
vn -0.261508 -0.746803 0.611472
vn -0.071678 -0.630125 0.773179
vn 0.123053 -0.397163 0.909461
vn 0.298976 -0.106983 0.948245
vn 0.451234 0.129472 0.882964
vn 0.581310 0.260202 0.770956
vn 0.678170 0.303184 0.669451
vn 0.726113 0.295003 0.621075
vn 0.684845 0.251594 0.683878
vn 0.273291 0.093809 0.957346
vn -0.600809 -0.203872 0.772958
vn -0.802645 -0.290974 0.520667
vn -0.817763 -0.348274 0.458224
vn -0.778486 -0.428220 0.458897
vn -0.707045 -0.530066 0.468100
vn -0.636012 -0.625116 0.452459
vn -0.606810 -0.682678 0.407102
vn -0.627172 -0.695873 0.349880
vn -0.673076 -0.676579 0.298680
vn -0.720627 -0.641480 0.263059
vn -0.758511 -0.603041 0.246986
vn -0.783181 -0.567199 0.254779
vn -0.790303 -0.534073 0.300311
vn -0.753452 -0.491503 0.436731
vn -0.391365 -0.291921 0.872706
vn 0.669192 0.330675 0.665460
vn 0.829156 0.437541 0.347934
vn 0.852908 0.458837 0.249030
vn 0.854008 0.472645 0.217435
vn 0.842044 0.491724 0.221741
vn 0.810122 0.524224 0.262473
vn 0.726994 0.581861 0.364579
vn 0.465553 0.663737 0.585417
vn -0.218577 0.568691 0.792978
vn -0.695137 0.277240 0.663267
vn -0.795906 0.170912 0.580795
vn -0.731988 0.245640 0.635496
vn -0.333121 0.537119 0.774941
vn 0.379061 0.701284 0.603749
vn 0.667973 0.641092 0.377907
vn 0.735013 0.594570 0.325948
vn 0.783687 0.563401 0.261562
vn 0.787217 0.555742 0.267282
vn 0.712825 0.524002 0.466156
vn -0.562123 -0.451733 0.692788
vn -0.684409 -0.634286 0.359534
vn -0.614770 -0.706541 0.350511
vn -0.481626 -0.772947 0.413025
vn -0.281197 -0.811256 0.512631
vn -0.043010 -0.784981 0.618025
vn 0.163909 -0.695850 0.699233
vn 0.305320 -0.586658 0.750074
vn 0.407788 -0.487238 0.772210
vn 0.511091 -0.400393 0.760573
vn 0.623159 -0.318754 0.714191
vn 0.716521 -0.240477 0.654804
vn 0.758991 -0.169018 0.628781
vn 0.693028 -0.100749 0.713836
vn 0.153800 -0.012949 0.988017
vn -0.697935 0.016744 0.715965
vn -0.867830 -0.044009 0.494909
vn -0.886782 -0.141592 0.439965
vn -0.855992 -0.279649 0.434827
vn -0.786818 -0.443722 0.428985
vn -0.705225 -0.586794 0.397907
vn -0.652225 -0.673103 0.348620
vn -0.641290 -0.706175 0.300107
vn -0.657793 -0.705626 0.263438
vn -0.682871 -0.689060 0.242661
vn -0.703470 -0.668754 0.240618
vn -0.709687 -0.652918 0.264656
vn -0.682257 -0.647688 0.339155
vn -0.522454 -0.644707 0.558027
vn 0.371948 -0.257182 0.891915
vn 0.845915 0.268517 0.460790
vn 0.877637 0.384486 0.286222
vn 0.875032 0.428022 0.226091
vn 0.863490 0.457905 0.211441
vn 0.840331 0.491262 0.229141
vn 0.790070 0.540739 0.288775
vn 0.657400 0.621160 0.426597
vn 0.244026 0.692827 0.678559
vn -0.457185 0.489280 0.742689
vn -0.750584 0.259364 0.607745
vn -0.785304 0.217669 0.579584
vn -0.629794 0.365467 0.685415
vn -0.011783 0.660730 0.750531
vn 0.561745 0.664381 0.492992
vn 0.735013 0.594570 0.325948
vn 0.775680 0.556710 0.297311
vn 0.809077 0.523340 0.267412
vn 0.789466 0.499269 0.357036
vn -0.196821 -0.128367 0.972000
vn -0.757513 -0.535223 0.373779
vn -0.731512 -0.595321 0.332390
vn -0.640016 -0.660893 0.391918
vn -0.458948 -0.727925 0.509403
vn -0.172987 -0.747438 0.641414
vn 0.112083 -0.691684 0.713450
vn 0.277332 -0.631452 0.724123
vn 0.340331 -0.617596 0.709048
vn 0.369820 -0.636996 0.676365
vn 0.419429 -0.656055 0.627432
vn 0.504212 -0.648245 0.570569
vn 0.603178 -0.604574 0.520256
vn 0.683697 -0.531936 0.499603
vn 0.706505 -0.432879 0.559881
vn 0.443664 -0.216181 0.869729
vn -0.608824 0.232186 0.758566
vn -0.856365 0.235614 0.459484
vn -0.910094 0.133830 0.392197
vn -0.922492 -0.022919 0.385336
vn -0.895573 -0.225158 0.383736
vn -0.830956 -0.423475 0.360807
vn -0.761877 -0.563101 0.320095
vn -0.717445 -0.637808 0.280131
vn -0.698092 -0.670096 0.252269
vn -0.690678 -0.681906 0.240765
vn -0.680316 -0.689015 0.249855
vn -0.647256 -0.704337 0.291496
vn -0.536442 -0.740626 0.404604
vn -0.068406 -0.726320 0.683944
vn 0.786697 -0.123630 0.604833
vn 0.913334 0.217174 0.344466
vn 0.912144 0.327741 0.246130
vn 0.899472 0.382394 0.211481
vn 0.880876 0.423686 0.211065
vn 0.848607 0.469654 0.243500
vn 0.777309 0.536747 0.328166
vn 0.573414 0.639165 0.512508
vn -0.008066 0.661896 0.749552
vn -0.598857 0.417858 0.683202
vn -0.770580 0.273636 0.575613
vn -0.747138 0.303544 0.591309
vn -0.456026 0.526944 0.717196
vn 0.262258 0.713911 0.649271
vn 0.659328 0.628291 0.412960
vn 0.775680 0.556710 0.297311
vn 0.789183 0.542690 0.287537
vn 0.813210 0.494195 0.307344
vn 0.615222 0.353039 0.704887
vn -0.764985 -0.432208 0.477488
vn -0.816061 -0.470308 0.335939
vn -0.788716 -0.484324 0.378625
vn -0.698158 -0.495183 0.517077
vn -0.463410 -0.473958 0.748742
vn -0.068917 -0.377018 0.923638
vn 0.210639 -0.308744 0.927528
vn 0.288665 -0.367402 0.884132
vn 0.262910 -0.516172 0.815135
vn 0.234301 -0.666592 0.707643
vn 0.264710 -0.761144 0.592105
vn 0.354046 -0.793139 0.495563
vn 0.469913 -0.773599 0.425119
vn 0.579255 -0.718720 0.384585
vn 0.660116 -0.642284 0.389510
vn 0.671295 -0.528558 0.519605
vn -0.048900 0.031567 0.998305
vn -0.782714 0.407164 0.470720
vn -0.876497 0.340094 0.340719
vn -0.923315 0.211934 0.320270
vn -0.946144 0.032769 0.322083
vn -0.932330 -0.173941 0.317026
vn -0.885737 -0.356460 0.297333
vn -0.831972 -0.482985 0.273034
vn -0.787536 -0.560367 0.256468
vn -0.750191 -0.609798 0.255658
vn -0.705125 -0.651660 0.279534
vn -0.616313 -0.705564 0.349769
vn -0.345732 -0.776675 0.526541
vn 0.483471 -0.535158 0.692721
vn 0.904589 -0.001911 0.426280
vn 0.939547 0.200509 0.277574
vn 0.932596 0.286680 0.219269
vn 0.919040 0.338406 0.202105
vn 0.898638 0.382791 0.214291
vn 0.860361 0.436482 0.263177
vn 0.765926 0.519193 0.379205
vn 0.469231 0.637363 0.611221
vn -0.216097 0.601250 0.769285
vn -0.656387 0.402083 0.638345
vn -0.751214 0.345877 0.562180
vn -0.655318 0.456111 0.602097
vn -0.213215 0.704430 0.676992
vn 0.419667 0.738755 0.527371
vn 0.696790 0.621298 0.358429
vn 0.789183 0.542690 0.287537
vn 0.771022 0.560838 0.301639
vn 0.761833 0.474131 0.441373
vn -0.496084 -0.276148 0.823191
vn -0.827839 -0.416348 0.375948
vn -0.849919 -0.374282 0.370878
vn -0.827693 -0.276452 0.488363
vn -0.686267 -0.052170 0.725476
vn -0.293519 0.292032 0.910255
vn 0.043657 0.466680 0.883348
vn 0.140727 0.455285 0.879154
vn 0.082212 0.284894 0.955027
vn -0.048788 -0.092346 0.994531
vn -0.097673 -0.512382 0.853185
vn -0.003951 -0.756811 0.653621
vn 0.163053 -0.849203 0.502263
vn 0.340704 -0.850640 0.400415
vn 0.493094 -0.802346 0.336302
vn 0.607622 -0.732746 0.306397
vn 0.682610 -0.653954 0.326173
vn 0.665806 -0.525699 0.529475
vn -0.564729 0.370661 0.737354
vn -0.833480 0.443017 0.330223
vn -0.894558 0.354778 0.271842
vn -0.937253 0.226600 0.264971
vn -0.961309 0.067092 0.267178
vn -0.958698 -0.099967 0.266280
vn -0.933260 -0.244999 0.262682
vn -0.896454 -0.355730 0.264249
vn -0.852687 -0.439768 0.282009
vn -0.789069 -0.515313 0.334400
vn -0.640628 -0.607180 0.470030
vn -0.055854 -0.645458 0.761751
vn 0.800158 -0.158703 0.578412
vn 0.936099 0.112980 0.333097
vn 0.947284 0.214227 0.238243
vn 0.942275 0.267058 0.201986
vn 0.931622 0.305433 0.196956
vn 0.912426 0.344910 0.220261
vn 0.870301 0.400536 0.286612
vn 0.750776 0.495186 0.437180
vn 0.358987 0.620879 0.696877
vn -0.321838 0.569477 0.756383
vn -0.642351 0.457359 0.614987
vn -0.672796 0.486481 0.557388
vn -0.478521 0.658026 0.581394
vn 0.017879 0.827199 0.561625
vn 0.479209 0.767775 0.425299
vn 0.688527 0.648540 0.324541
vn 0.771022 0.560838 0.301639
vn 0.705449 0.600127 0.377081
vn 0.275425 0.197711 0.940772
vn -0.750207 -0.463404 0.471642
vn -0.823706 -0.419854 0.381092
vn -0.838092 -0.280947 0.467623
vn -0.736699 0.058309 0.673703
vn -0.326587 0.557382 0.763325
vn 0.004083 0.767310 0.641263
vn 0.080556 0.814311 0.574811
vn 0.006665 0.808919 0.587883
vn -0.179673 0.727233 0.662458
vn -0.432937 0.476986 0.764886
vn -0.588816 0.005935 0.808245
vn -0.468945 -0.497337 0.729895
vn -0.149413 -0.797012 0.585190
vn 0.179649 -0.875897 0.447806
vn 0.423893 -0.835823 0.348876
vn 0.582907 -0.759120 0.289751
vn 0.682294 -0.680466 0.267285
vn 0.737749 -0.603291 0.302929
vn 0.607020 -0.419619 0.674868
vn -0.777128 0.454838 0.434965
vn -0.871210 0.419396 0.255149
vn -0.913100 0.337890 0.228207
vn -0.944819 0.236586 0.226590
vn -0.964697 0.124912 0.231854
vn -0.970261 0.017068 0.241458
vn -0.962640 -0.074822 0.260243
vn -0.942304 -0.146244 0.301124
vn -0.895709 -0.198441 0.397903
vn -0.709107 -0.221516 0.669401
vn 0.350883 -0.015399 0.936293
vn 0.871136 0.176574 0.458197
vn 0.932683 0.225384 0.281609
vn 0.944292 0.248671 0.215582
vn 0.944528 0.266198 0.192366
vn 0.938126 0.285498 0.195986
vn 0.921267 0.314342 0.229032
vn 0.876165 0.366850 0.312658
vn 0.731841 0.468760 0.494644
vn 0.281172 0.599700 0.749201
vn -0.318430 0.589071 0.742696
vn -0.551131 0.570968 0.608482
vn -0.510071 0.665810 0.544541
vn -0.239789 0.823365 0.514365
vn 0.171634 0.879880 0.443118
vn 0.481623 0.800780 0.356077
vn 0.642950 0.697758 0.315831
vn 0.705449 0.600127 0.377081
vn 0.385191 0.414595 0.824463
vn -0.612060 -0.574516 0.543427
vn -0.711853 -0.591185 0.379163
vn -0.738126 -0.511625 0.439784
vn -0.694260 -0.252873 0.673839
vn -0.279350 0.423555 0.861722
vn 0.115963 0.773736 0.622804
vn 0.181869 0.854945 0.485790
vn 0.105016 0.889597 0.444509
vn -0.064655 0.891193 0.448992
vn -0.304252 0.826828 0.473061
vn -0.560222 0.659299 0.501474
vn -0.752047 0.383905 0.535764
vn -0.806415 0.009813 0.591268
vn -0.609643 -0.454965 0.649109
vn -0.101980 -0.800788 0.590202
vn 0.353307 -0.826939 0.437430
vn 0.593930 -0.735574 0.325848
vn 0.713976 -0.646823 0.268063
vn 0.776723 -0.576254 0.254230
vn 0.795498 -0.509607 0.327846
vn -0.157835 0.089277 0.983421
vn -0.857188 0.428210 0.286120
vn -0.896208 0.388614 0.213986
vn -0.919767 0.336410 0.202130
vn -0.937557 0.281032 0.204959
vn -0.948534 0.230949 0.216669
vn -0.950349 0.197086 0.240821
vn -0.936959 0.194778 0.290118
vn -0.879236 0.257986 0.400485
vn -0.573106 0.483848 0.661393
vn 0.440014 0.602414 0.665947
vn 0.828707 0.416866 0.373454
vn 0.908943 0.331508 0.252833
vn 0.933768 0.293837 0.204295
vn 0.941950 0.277185 0.189471
vn 0.940609 0.274613 0.199606
vn 0.926488 0.288814 0.241261
vn 0.879015 0.333474 0.340775
vn 0.716186 0.436048 0.544922
vn 0.268438 0.574652 0.773121
vn -0.216246 0.634161 0.742346
vn -0.373757 0.697146 0.611795
vn -0.274999 0.809456 0.518803
vn -0.016778 0.896478 0.442770
vn 0.261596 0.890367 0.372578
vn 0.457853 0.823159 0.335826
vn 0.560892 0.733386 0.384115
vn 0.385191 0.414595 0.824463
vn -0.517337 -0.738219 0.432891
vn -0.558276 -0.767290 0.315585
vn -0.541520 -0.765078 0.348441
vn -0.450622 -0.729740 0.514216
vn -0.073991 -0.388828 0.918334
vn 0.434812 0.437666 0.787011
vn 0.449285 0.716529 0.533599
vn 0.335335 0.827433 0.450449
vn 0.150153 0.888636 0.433336
vn -0.098559 0.897126 0.430641
vn -0.374576 0.828979 0.415315
vn -0.612275 0.686645 0.391967
vn -0.771517 0.506790 0.384610
vn -0.854063 0.309995 0.417708
vn -0.848115 0.060392 0.526359
vn -0.568413 -0.359856 0.739871
vn 0.228556 -0.691891 0.684872
vn 0.652670 -0.620543 0.434683
vn 0.786952 -0.533144 0.310587
vn 0.838471 -0.478613 0.260567
vn 0.855927 -0.442733 0.267162
vn 0.782162 -0.380472 0.493421
vn -0.815028 0.379196 0.438109
vn -0.889645 0.397764 0.224313
vn -0.901210 0.387615 0.193843
vn -0.906073 0.378029 0.190068
vn -0.904846 0.376935 0.197924
vn -0.892132 0.395641 0.218103
vn -0.852917 0.453415 0.258742
vn -0.736512 0.585936 0.337977
vn -0.361631 0.809840 0.461932
vn 0.354832 0.816183 0.456004
vn 0.747118 0.581954 0.321161
vn 0.872127 0.426931 0.239006
vn 0.917964 0.341273 0.202176
vn 0.936724 0.291912 0.193226
vn 0.941341 0.265253 0.208610
vn 0.930339 0.260681 0.257906
vn 0.881874 0.291364 0.370684
vn 0.713568 0.385106 0.585247
vn 0.322175 0.528090 0.785700
vn -0.036053 0.649656 0.759373
vn -0.130099 0.763861 0.632131
vn -0.026255 0.856726 0.515103
vn 0.154523 0.888824 0.431410
vn 0.314490 0.860002 0.401862
vn 0.399279 0.767710 0.501197
vn -0.003045 -0.004824 0.999984
vn -0.517337 -0.738219 0.432891
vn -0.448728 -0.862933 0.232358
vn -0.393286 -0.885625 0.246971
vn -0.254459 -0.914125 0.315637
vn 0.071433 -0.880478 0.468675
vn 0.622920 -0.468470 0.626503
vn 0.816372 0.161132 0.554593
vn 0.708649 0.510329 0.487217
vn 0.505791 0.704156 0.498337
vn 0.225248 0.807380 0.545344
vn -0.105239 0.830707 0.546672
vn -0.424959 0.775390 0.467097
vn -0.655599 0.655359 0.375093
vn -0.783464 0.528512 0.326892
vn -0.842608 0.425828 0.329671
vn -0.850761 0.345867 0.395703
vn -0.758903 0.262874 0.595789
vn -0.107153 0.031000 0.993759
vn 0.732708 -0.220840 0.643715
vn 0.882322 -0.263828 0.389747
vn 0.912619 -0.282345 0.295647
vn 0.914270 -0.301401 0.270679
vn 0.883939 -0.315810 0.344841
vn -0.324626 0.126364 0.937363
vn -0.886529 0.374907 0.271129
vn -0.890647 0.407294 0.202137
vn -0.880097 0.436120 0.187694
vn -0.861541 0.471188 0.189019
vn -0.828030 0.522998 0.202085
vn -0.760692 0.606910 0.230236
vn -0.611068 0.740469 0.279822
vn -0.273245 0.898511 0.343533
vn 0.261143 0.897815 0.354587
vn 0.653829 0.697593 0.293038
vn 0.826522 0.510421 0.237345
vn 0.898724 0.385490 0.209029
vn 0.930704 0.303272 0.204489
vn 0.942192 0.248976 0.224244
vn 0.934532 0.219867 0.279835
vn 0.887076 0.228510 0.401098
vn 0.728300 0.303523 0.614372
vn 0.414864 0.438714 0.797131
vn 0.169189 0.576238 0.799578
vn 0.113180 0.690984 0.713955
vn 0.170675 0.745629 0.644133
vn 0.233116 0.687215 0.688035
vn 0.047269 0.107705 0.993059
vn -0.390350 -0.768882 0.506407
vn -0.454355 -0.845988 0.279045
vn -0.448728 -0.862933 0.232358
vn -0.357009 -0.914946 0.188196
vn -0.216494 -0.952040 0.216216
vn 0.042506 -0.961652 0.270960
vn 0.440815 -0.831124 0.338991
vn 0.795400 -0.477854 0.372819
vn 0.919608 -0.086696 0.383151
vn 0.870319 0.222051 0.439590
vn 0.659610 0.448543 0.603095
vn 0.274807 0.508034 0.816323
vn -0.063172 0.501956 0.862583
vn -0.420077 0.592249 0.687587
vn -0.695062 0.565779 0.443602
vn -0.806489 0.492749 0.326764
vn -0.838781 0.454086 0.300419
vn -0.819654 0.465055 0.334502
vn -0.710445 0.543395 0.447202
vn -0.286410 0.679478 0.675484
vn 0.546391 0.505299 0.667929
vn 0.869939 0.204467 0.448774
vn 0.940259 0.035150 0.338641
vn 0.950678 -0.079168 0.299907
vn 0.926928 -0.170797 0.334115
vn 0.602893 -0.168578 0.779809
vn -0.863892 0.321242 0.387936
vn -0.883459 0.407232 0.231653
vn -0.858797 0.472214 0.198701
vn -0.823448 0.534392 0.190680
vn -0.772423 0.604254 0.195551
vn -0.688542 0.693264 0.212828
vn -0.535368 0.808526 0.244269
vn -0.252173 0.924815 0.284827
vn 0.170004 0.936861 0.305596
vn 0.553658 0.783173 0.283025
vn 0.772347 0.584947 0.247621
vn 0.876397 0.425092 0.226331
vn 0.924720 0.306853 0.225243
vn 0.943648 0.218869 0.248244
vn 0.938473 0.157813 0.307187
vn 0.893383 0.137062 0.427879
vn 0.755844 0.189283 0.626795
vn 0.505216 0.307380 0.806396
vn 0.296218 0.388710 0.872444
vn 0.168686 0.321115 0.931896
vn -0.080879 -0.163691 0.983191
vn -0.377887 -0.733643 0.564773
vn -0.449352 -0.841941 0.298695
vn -0.456125 -0.864631 0.210625
vn -0.428049 -0.884714 0.184541
vn -0.357009 -0.914946 0.188196
vn -0.287672 -0.941144 0.177464
vn -0.062949 -0.977102 0.203247
vn 0.267152 -0.934746 0.234263
vn 0.612217 -0.749460 0.251991
vn 0.834704 -0.487092 0.256926
vn 0.927221 -0.249980 0.278874
vn 0.927297 -0.051830 0.370721
vn 0.734462 0.120661 0.667837
vn 0.159588 0.101761 0.981925
vn -0.001489 0.017516 0.999845
vn -0.207278 0.182240 0.961158
vn -0.689271 0.378874 0.617543
vn -0.836702 0.396622 0.377652
vn -0.849286 0.424456 0.313929
vn -0.798442 0.506015 0.326250
vn -0.643505 0.657520 0.391879
vn -0.263556 0.834168 0.484461
vn 0.301033 0.815895 0.493655
vn 0.679851 0.602707 0.417789
vn 0.849346 0.387519 0.358386
vn 0.919762 0.200027 0.337679
vn 0.927451 0.027243 0.372950
vn 0.757803 -0.108056 0.643474
vn -0.747012 0.227893 0.624530
vn -0.869159 0.396816 0.295128
vn -0.835810 0.499977 0.226813
vn -0.786630 0.582835 0.203758
vn -0.724344 0.660243 0.198504
vn -0.635805 0.743813 0.206138
vn -0.495240 0.838802 0.226160
vn -0.264343 0.929786 0.256165
vn 0.075131 0.956126 0.283157
vn 0.440227 0.850803 0.286938
vn 0.703306 0.657178 0.271068
vn 0.847632 0.463981 0.257376
vn 0.917193 0.302759 0.259025
vn 0.943546 0.172264 0.282924
vn 0.938026 0.072444 0.338909
vn 0.895556 0.021082 0.444450
vn 0.787945 0.056200 0.613176
vn 0.568590 0.165520 0.805797
vn 0.212660 0.139527 0.967113
vn -0.332293 -0.330807 0.883260
vn -0.563574 -0.683589 0.463778
vn -0.572821 -0.774181 0.269297
vn -0.547310 -0.813457 0.196823
vn -0.501059 -0.848575 0.169885
vn -0.422224 -0.891247 0.165546
vn -0.287672 -0.941144 0.177464
vn -0.248744 -0.950634 0.185530
vn 0.063689 -0.976303 0.206823
vn 0.429770 -0.876791 0.215720
vn 0.705683 -0.677371 0.207797
vn 0.850189 -0.486268 0.201796
vn 0.911862 -0.347793 0.218057
vn 0.921073 -0.254810 0.294443
vn 0.789662 -0.174372 0.588242
vn 0.126545 -0.026234 0.991614
vn -0.009550 0.006565 0.999933
vn -0.033114 0.003790 0.999444
vn -0.592933 0.103590 0.798561
vn -0.854602 0.214682 0.472828
vn -0.867851 0.331015 0.370491
vn -0.785984 0.497062 0.367639
vn -0.571321 0.713910 0.404877
vn -0.186481 0.884042 0.428597
vn 0.223911 0.886437 0.405084
vn 0.510171 0.776099 0.370669
vn 0.689227 0.630029 0.357811
vn 0.805430 0.457215 0.377142
vn 0.859175 0.244433 0.449523
vn 0.723960 0.012498 0.689729
vn -0.436804 0.103410 0.893593
vn -0.822876 0.383558 0.419235
vn -0.798758 0.531645 0.281672
vn -0.742598 0.628597 0.231117
vn -0.677738 0.704337 0.211139
vn -0.595421 0.775870 0.208566
vn -0.476905 0.851001 0.219907
vn -0.295661 0.923684 0.243707
vn -0.028465 0.961027 0.274984
vn 0.302300 0.904612 0.300485
vn 0.603277 0.735298 0.308858
vn 0.801280 0.513206 0.307524
vn 0.901956 0.298745 0.311812
vn 0.936389 0.114746 0.331676
vn 0.927120 -0.026281 0.373843
vn 0.888653 -0.099929 0.447561
vn 0.818097 -0.071946 0.570562
vn 0.621994 0.044954 0.781730
vn -0.105582 -0.033581 0.993843
vn -0.729255 -0.408602 0.548846
vn -0.759939 -0.577138 0.299006
vn -0.715390 -0.666277 0.210455
vn -0.656352 -0.733825 0.175220
vn -0.575770 -0.800967 0.164137
vn -0.451695 -0.876071 0.168733
vn -0.248744 -0.950634 0.185530
vn -0.246926 -0.944572 0.216359
vn 0.177849 -0.956087 0.232953
vn 0.565838 -0.795572 0.216545
vn 0.776486 -0.600799 0.190027
vn 0.866274 -0.467196 0.176913
vn 0.898062 -0.398624 0.185966
vn 0.892027 -0.385051 0.236695
vn 0.808858 -0.413967 0.417589
vn 0.382702 -0.312430 0.869440
vn 0.017409 -0.066227 0.997653
vn -0.104379 -0.115881 0.987763
vn -0.545332 -0.204517 0.812887
vn -0.823014 -0.080586 0.562275
vn -0.869045 0.137384 0.475275
vn -0.763652 0.430845 0.480841
vn -0.456947 0.742116 0.490370
vn -0.051402 0.894338 0.444429
vn 0.248671 0.887908 0.387017
vn 0.431299 0.827054 0.360503
vn 0.552708 0.744749 0.373982
vn 0.647698 0.623653 0.437658
vn 0.702082 0.416526 0.577569
vn 0.557052 0.111189 0.823000
vn -0.131229 0.025129 0.991034
vn -0.679635 0.360656 0.638768
vn -0.722427 0.573845 0.385748
vn -0.678858 0.678504 0.280686
vn -0.625581 0.743665 0.235820
vn -0.560949 0.798125 0.219845
vn -0.471355 0.853411 0.222517
vn -0.338252 0.909695 0.240917
vn -0.140214 0.951476 0.273922
vn 0.132914 0.939095 0.316914
vn 0.445362 0.820969 0.357300
vn 0.709651 0.591867 0.382216
vn 0.863366 0.316318 0.393117
vn 0.913815 0.066219 0.400695
vn 0.903020 -0.113594 0.414308
vn 0.874222 -0.196914 0.443802
vn 0.841841 -0.170469 0.512097
vn 0.695369 -0.048680 0.717002
vn -0.413265 -0.047029 0.909396
vn -0.885681 -0.261160 0.383880
vn -0.883829 -0.402621 0.238208
vn -0.839529 -0.509480 0.188737
vn -0.777364 -0.605275 0.171312
vn -0.685078 -0.707789 0.172346
vn -0.528524 -0.827643 0.188861
vn -0.246926 -0.944572 0.216359
vn -0.302169 -0.907740 0.291036
vn 0.308796 -0.902281 0.300889
vn 0.704196 -0.668856 0.238200
vn 0.845634 -0.498579 0.190584
vn 0.890495 -0.421712 0.170813
vn 0.894345 -0.412028 0.174295
vn 0.863568 -0.459770 0.207032
vn 0.769403 -0.563837 0.300177
vn 0.526677 -0.675819 0.515635
vn 0.141337 -0.654511 0.742724
vn -0.188093 -0.628495 0.754728
vn -0.480820 -0.599873 0.639503
vn -0.677105 -0.466765 0.568911
vn -0.763035 -0.215752 0.609286
vn -0.647368 0.242184 0.722677
vn -0.195958 0.713673 0.672511
vn 0.173174 0.843630 0.508231
vn 0.343907 0.840364 0.418947
vn 0.422012 0.812921 0.401329
vn 0.460197 0.767348 0.446539
vn 0.475721 0.670416 0.569414
vn 0.443607 0.449231 0.775502
vn 0.288130 0.121975 0.949791
vn 0.007573 -0.001790 0.999970
vn -0.353414 0.268104 0.896225
vn -0.551390 0.592794 0.586996
vn -0.577414 0.724051 0.377285
vn -0.561478 0.777707 0.282691
vn -0.527978 0.813512 0.243798
vn -0.472718 0.849490 0.234318
vn -0.385479 0.889466 0.245470
vn -0.252149 0.927497 0.275990
vn -0.055997 0.943181 0.327526
vn 0.211874 0.892291 0.398655
vn 0.518671 0.712714 0.472249
vn 0.761362 0.398333 0.511526
vn 0.862393 0.069761 0.501409
vn 0.869533 -0.151614 0.470026
vn 0.861041 -0.240984 0.447812
vn 0.859854 -0.218837 0.461261
vn 0.778055 -0.113491 0.617859
vn -0.537977 0.005186 0.842944
vn -0.944957 -0.114283 0.306586
vn -0.951981 -0.226661 0.205808
vn -0.929098 -0.325096 0.176324
vn -0.889263 -0.423721 0.172256
vn -0.818620 -0.542661 0.188096
vn -0.667597 -0.708534 0.228678
vn -0.302169 -0.907740 0.291036
vn -0.479407 -0.737189 0.476152
vn 0.518376 -0.716353 0.467038
vn 0.853311 -0.438495 0.282104
vn 0.916416 -0.342910 0.206384
vn 0.924144 -0.337088 0.179804
vn 0.903653 -0.388757 0.179665
vn 0.845684 -0.493661 0.202775
vn 0.718003 -0.647744 0.254754
vn 0.481503 -0.809758 0.335330
vn 0.169139 -0.897588 0.407097
vn -0.107086 -0.896314 0.430295
vn -0.293317 -0.850508 0.436579
vn -0.391779 -0.779983 0.487991
vn -0.388333 -0.645783 0.657390
vn -0.119866 -0.198486 0.972746
vn 0.338459 0.466012 0.817483
vn 0.472720 0.670254 0.572097
vn 0.484179 0.722969 0.492836
vn 0.449326 0.727460 0.518563
vn 0.375468 0.673745 0.636469
vn 0.260295 0.513172 0.817864
vn 0.140234 0.265987 0.953722
vn 0.069289 0.062187 0.995656
vn 0.034521 -0.028341 0.999002
vn -0.029781 0.049764 0.998317
vn -0.206905 0.368411 0.906346
vn -0.397212 0.678560 0.617883
vn -0.475415 0.784433 0.398304
vn -0.492788 0.816954 0.299576
vn -0.476755 0.838713 0.263182
vn -0.431136 0.863957 0.260193
vn -0.352088 0.892544 0.281779
vn -0.230899 0.915712 0.328873
vn -0.052684 0.911461 0.407998
vn 0.201524 0.828684 0.522178
vn 0.511834 0.582040 0.631866
vn 0.742034 0.202299 0.639109
vn 0.826494 -0.084879 0.556510
vn 0.856795 -0.201869 0.474502
vn 0.877506 -0.200767 0.435518
vn 0.839588 -0.132323 0.526862
vn -0.500646 0.035191 0.864937
vn -0.962474 -0.011081 0.271149
vn -0.978980 -0.081285 0.187058
vn -0.975224 -0.144407 0.167587
vn -0.962646 -0.208550 0.172682
vn -0.934816 -0.291118 0.203393
vn -0.853963 -0.435830 0.284251
vn -0.479407 -0.737189 0.476152
vn -0.704141 0.085957 0.704839
vn 0.726111 0.058924 0.685048
vn 0.943632 -0.028862 0.329735
vn 0.967006 -0.101253 0.233769
vn 0.959881 -0.192661 0.203739
vn 0.925500 -0.319434 0.203499
vn 0.841317 -0.492086 0.223689
vn 0.670983 -0.695517 0.256979
vn 0.412574 -0.864353 0.287534
vn 0.149288 -0.941353 0.302601
vn -0.034463 -0.949563 0.311676
vn -0.117074 -0.934119 0.337217
vn -0.089113 -0.909277 0.406540
vn 0.105930 -0.824419 0.555979
vn 0.515186 -0.455356 0.726109
vn 0.742688 0.109401 0.660640
vn 0.712826 0.409316 0.569508
vn 0.607766 0.529525 0.591797
vn 0.434173 0.517677 0.737228
vn 0.197009 0.336143 0.920975
vn 0.042617 0.132404 0.990279
vn -0.002855 0.053941 0.998540
vn -0.031692 0.009700 0.999451
vn -0.047480 -0.104404 0.993401
vn -0.003570 -0.257652 0.966231
vn 0.067825 -0.305185 0.949875
vn 0.026008 -0.066938 0.997418
vn -0.253072 0.503011 0.826398
vn -0.430502 0.756532 0.492268
vn -0.475601 0.808354 0.346939
vn -0.469260 0.830295 0.300675
vn -0.430453 0.851344 0.299873
vn -0.362220 0.871890 0.329551
vn -0.260275 0.883172 0.390210
vn -0.108093 0.864992 0.490006
vn 0.131187 0.766966 0.628135
vn 0.462836 0.506803 0.727278
vn 0.729120 0.167368 0.663606
vn 0.848128 -0.034429 0.528672
vn 0.892790 -0.097135 0.439877
vn 0.873846 -0.089375 0.477917
vn -0.336218 0.024683 0.941461
vn -0.964288 0.041779 0.261540
vn -0.983669 0.019271 0.178950
vn -0.986611 0.004430 0.163033
vn -0.985074 -0.001183 0.172128
vn -0.977684 0.003872 0.210043
vn -0.948474 0.024748 0.315888
vn -0.704141 0.085957 0.704839
vn -0.446223 0.764736 0.464827
vn 0.442726 0.762777 0.471344
vn 0.832101 0.447349 0.327853
vn 0.938767 0.225438 0.260563
vn 0.969646 0.035682 0.241895
vn 0.950810 -0.179627 0.252378
vn 0.849377 -0.447190 0.280320
vn 0.622250 -0.721478 0.303766
vn 0.331589 -0.893614 0.302495
vn 0.111328 -0.950568 0.289873
vn 0.009542 -0.957346 0.288787
vn 0.024938 -0.949594 0.312490
vn 0.172281 -0.913099 0.369553
vn 0.466059 -0.761765 0.450004
vn 0.767475 -0.412006 0.491154
vn 0.874113 -0.037888 0.484243
vn 0.826627 0.210237 0.522005
vn 0.647218 0.323055 0.690467
vn 0.256193 0.204123 0.944827
vn -0.015389 -0.022325 0.999632
vn 0.000797 -0.066870 0.997761
vn 0.016213 -0.007055 0.999844
vn -0.121089 -0.040115 0.991831
vn -0.271922 -0.264066 0.925380
vn -0.230122 -0.541930 0.808305
vn -0.033865 -0.712301 0.701057
vn 0.168210 -0.742657 0.648202
vn 0.273768 -0.644501 0.713912
vn 0.102143 -0.184112 0.977584
vn -0.371301 0.597280 0.710909
vn -0.481162 0.759698 0.437427
vn -0.480961 0.800019 0.358673
vn -0.443352 0.825240 0.349883
vn -0.379801 0.844557 0.377458
vn -0.285995 0.853668 0.435267
vn -0.136890 0.839986 0.525057
vn 0.120413 0.764863 0.632839
vn 0.485538 0.559158 0.672008
vn 0.765473 0.288661 0.575088
vn 0.877609 0.110189 0.466542
vn 0.877772 0.023403 0.478506
vn -0.182801 0.003372 0.983144
vn -0.961755 0.044499 0.270271
vn -0.980816 0.071972 0.181164
vn -0.980357 0.108171 0.164921
vn -0.970882 0.164492 0.174154
vn -0.942332 0.260624 0.209968
vn -0.846910 0.442148 0.295378
vn -0.446223 0.764736 0.464827
vn -0.273058 0.906030 0.323340
vn 0.260940 0.910244 0.321506
vn 0.612578 0.736495 0.286919
vn 0.794963 0.542879 0.270770
vn 0.896135 0.339804 0.285438
vn 0.939388 0.072599 0.335082
vn 0.855060 -0.321686 0.406683
vn 0.542926 -0.724236 0.425104
vn 0.211083 -0.903121 0.373921
vn 0.048440 -0.942451 0.330817
vn 0.039159 -0.946549 0.320174
vn 0.165737 -0.926030 0.339115
vn 0.421335 -0.826809 0.372644
vn 0.711167 -0.587162 0.386630
vn 0.881613 -0.286993 0.374692
vn 0.922380 -0.046050 0.383529
vn 0.869780 0.117812 0.479170
vn 0.602571 0.177246 0.778134
vn 0.018272 0.009007 0.999792
vn -0.086767 -0.095323 0.991658
vn 0.074057 -0.040003 0.996451
vn 0.033788 0.006702 0.999407
vn -0.317700 -0.151775 0.935965
vn -0.527780 -0.426177 0.734726
vn -0.447893 -0.654977 0.608602
vn -0.201008 -0.812619 0.547034
vn 0.092383 -0.861253 0.499708
vn 0.314508 -0.822143 0.474516
vn 0.425849 -0.741935 0.517866
vn 0.375128 -0.550602 0.745732
vn -0.176414 0.247350 0.952731
vn -0.464000 0.675968 0.572513
vn -0.474455 0.764489 0.436405
vn -0.429224 0.807498 0.404616
vn -0.355118 0.837690 0.414929
vn -0.244256 0.858338 0.451215
vn -0.064554 0.859798 0.506537
vn 0.222011 0.800093 0.557282
vn 0.558150 0.621784 0.549412
vn 0.778625 0.386295 0.494489
vn 0.823474 0.195321 0.532673
vn -0.265546 -0.025957 0.963749
vn -0.957090 -0.003273 0.289772
vn -0.977935 0.076880 0.194250
vn -0.970500 0.164857 0.175934
vn -0.942728 0.278446 0.183662
vn -0.871462 0.441614 0.213381
vn -0.687446 0.675199 0.267441
vn -0.273058 0.906030 0.323340
vn -0.173138 0.945876 0.274485
vn 0.192866 0.944518 0.265872
vn 0.445022 0.857662 0.257625
vn 0.602617 0.751051 0.269768
vn 0.707952 0.630186 0.318857
vn 0.782278 0.442433 0.438514
vn 0.744268 0.005554 0.667858
vn 0.310452 -0.636267 0.706246
vn -0.015444 -0.849874 0.526760
vn -0.061068 -0.897153 0.437478
vn 0.070290 -0.906120 0.417139
vn 0.352925 -0.835803 0.420568
vn 0.677374 -0.619104 0.397335
vn 0.872993 -0.342941 0.346807
vn 0.940549 -0.128493 0.314416
vn 0.943418 0.013925 0.331315
vn 0.881842 0.104198 0.459889
vn 0.506414 0.101648 0.856278
vn -0.118571 -0.033919 0.992366
vn -0.051903 -0.031036 0.998170
vn 0.142761 0.040358 0.988934
vn -0.086018 -0.035013 0.995678
vn -0.567195 -0.304446 0.765247
vn -0.672786 -0.498060 0.547079
vn -0.570796 -0.660898 0.487243
vn -0.321414 -0.810796 0.489185
vn 0.028875 -0.875720 0.481955
vn 0.327096 -0.831200 0.449571
vn 0.493224 -0.754567 0.432850
vn 0.547885 -0.688126 0.475715
vn 0.479829 -0.579463 0.658777
vn 0.054723 -0.070411 0.996016
vn -0.375360 0.552726 0.744042
vn -0.411632 0.731832 0.543122
vn -0.355324 0.807392 0.471023
vn -0.261722 0.853081 0.451391
vn -0.124068 0.879534 0.459376
vn 0.080564 0.871991 0.482846
vn 0.349176 0.788725 0.505954
vn 0.595273 0.604474 0.529398
vn 0.647250 0.345445 0.679511
vn -0.555930 -0.154298 0.816783
vn -0.945252 -0.101419 0.310181
vn -0.975154 0.033162 0.219030
vn -0.964069 0.175404 0.199511
vn -0.915773 0.344764 0.206149
vn -0.797462 0.557848 0.229914
vn -0.550680 0.793097 0.260286
vn -0.173138 0.945876 0.274485
vn -0.089203 0.958406 0.271109
vn 0.179833 0.949768 0.256125
vn 0.347996 0.902340 0.254324
vn 0.438767 0.854530 0.277960
vn 0.468158 0.813385 0.345303
vn 0.418117 0.755317 0.504653
vn 0.161944 0.518005 0.839908
vn -0.314824 -0.160380 0.935502
vn -0.411750 -0.557146 0.721145
vn -0.252179 -0.721845 0.644473
vn 0.136995 -0.758376 0.637259
vn 0.625425 -0.554469 0.549005
vn 0.875873 -0.264080 0.403866
vn 0.947101 -0.071397 0.312892
vn 0.958943 0.041093 0.280605
vn 0.945001 0.107988 0.308726
vn 0.870157 0.139070 0.472743
vn 0.369364 0.067972 0.926796
vn -0.151699 -0.024021 0.988135
vn 0.029056 0.039785 0.998786
vn 0.121264 0.056991 0.990983
vn -0.369068 -0.177751 0.912246
vn -0.718609 -0.396040 0.571624
vn -0.739663 -0.508956 0.440298
vn -0.640145 -0.630697 0.438674
vn -0.397328 -0.771956 0.496201
vn 0.011306 -0.842968 0.537844
vn 0.387938 -0.770591 0.505662
vn 0.582027 -0.670085 0.460684
vn 0.643251 -0.615473 0.455435
vn 0.617553 -0.595875 0.513383
vn 0.494384 -0.545472 0.676790
vn 0.189825 -0.259562 0.946886
vn -0.173030 0.308098 0.935487
vn -0.262413 0.633966 0.727479
vn -0.215809 0.768918 0.601824
vn -0.116872 0.828994 0.546909
vn 0.026819 0.841579 0.539468
vn 0.211483 0.789718 0.575866
vn 0.373230 0.617895 0.692030
vn 0.125549 0.113625 0.985559
vn -0.718284 -0.370639 0.588808
vn -0.914236 -0.240958 0.325747
vn -0.964909 -0.058595 0.255963
vn -0.960580 0.139310 0.240581
vn -0.895287 0.369058 0.249514
vn -0.728376 0.630096 0.269159
vn -0.432378 0.857007 0.280336
vn -0.089203 0.958406 0.271109
vn 0.005460 0.952900 0.303235
vn 0.205298 0.937596 0.280654
vn 0.304083 0.910140 0.281387
vn 0.320566 0.893952 0.313189
vn 0.243595 0.887807 0.390462
vn 0.016191 0.846615 0.531959
vn -0.383180 0.622172 0.682697
vn -0.669654 0.231937 0.705527
vn -0.694215 -0.056110 0.717578
vn -0.459299 -0.225936 0.859068
vn 0.291764 -0.209382 0.933292
vn 0.817114 -0.005062 0.576454
vn 0.924512 0.109054 0.365219
vn 0.945124 0.166134 0.281320
vn 0.944561 0.197743 0.262110
vn 0.927011 0.212604 0.308950
vn 0.824515 0.195621 0.530950
vn 0.193056 0.042977 0.980246
vn -0.116752 -0.009184 0.993119
vn 0.094765 0.066632 0.993267
vn -0.049197 -0.024455 0.998490
vn -0.628837 -0.311924 0.712228
vn -0.785614 -0.424290 0.450320
vn -0.775040 -0.493358 0.394856
vn -0.681533 -0.584325 0.440541
vn -0.431178 -0.704177 0.564111
vn 0.074510 -0.738037 0.670634
vn 0.526847 -0.587257 0.614460
vn 0.709331 -0.460529 0.533632
vn 0.748204 -0.425751 0.508848
vn 0.707768 -0.457060 0.538666
vn 0.597116 -0.513536 0.616225
vn 0.426500 -0.530493 0.732581
vn 0.234416 -0.435337 0.869213
vn 0.070511 -0.198150 0.977632
vn -0.022234 0.099824 0.994757
vn -0.032728 0.312720 0.949281
vn 0.010485 0.372217 0.928087
vn 0.045721 0.227790 0.972636
vn -0.090131 -0.206344 0.974320
vn -0.439029 -0.570713 0.693931
vn -0.702901 -0.553024 0.447320
vn -0.854849 -0.391254 0.340812
vn -0.934142 -0.185379 0.304981
vn -0.950404 0.058071 0.305548
vn -0.876399 0.353672 0.326865
vn -0.655040 0.671626 0.346181
vn -0.309068 0.890055 0.335080
vn 0.005460 0.952900 0.303235
vn 0.129514 0.917405 0.376291
vn 0.268226 0.899207 0.345662
vn 0.301766 0.885919 0.352256
vn 0.234878 0.886215 0.399318
vn 0.031243 0.872279 0.488009
vn -0.321295 0.751796 0.575823
vn -0.636267 0.502567 0.585312
vn -0.763364 0.299201 0.572498
vn -0.736992 0.225562 0.637154
vn -0.435580 0.314964 0.843248
vn 0.402380 0.445287 0.799881
vn 0.794167 0.390065 0.465991
vn 0.882270 0.350992 0.313693
vn 0.907118 0.332989 0.257402
vn 0.911110 0.322232 0.256994
vn 0.890342 0.307567 0.335699
vn 0.712744 0.238948 0.659469
vn 0.017239 0.005274 0.999837
vn -0.042589 0.003475 0.999087
vn 0.091206 0.047786 0.994685
vn -0.355274 -0.169718 0.919226
vn -0.758366 -0.368616 0.537591
vn -0.817110 -0.424303 0.390254
vn -0.794054 -0.467505 0.388481
vn -0.697435 -0.526419 0.486280
vn -0.392835 -0.585951 0.708760
vn 0.279225 -0.454026 0.846105
vn 0.697705 -0.204327 0.686628
vn 0.807722 -0.097951 0.581369
vn 0.816326 -0.097233 0.569348
vn 0.762646 -0.175917 0.622435
vn 0.633880 -0.315758 0.706040
vn 0.446172 -0.461963 0.766499
vn 0.272547 -0.559577 0.782683
vn 0.154972 -0.608930 0.777938
vn 0.080602 -0.633172 0.769803
vn 0.022367 -0.652744 0.757248
vn -0.044683 -0.685446 0.726751
vn -0.144344 -0.734906 0.662629
vn -0.290802 -0.770251 0.567580
vn -0.468935 -0.747030 0.471217
vn -0.642211 -0.652616 0.402066
vn -0.782465 -0.502183 0.368185
vn -0.878244 -0.305460 0.367942
vn -0.915197 -0.046864 0.400272
vn -0.836746 0.303311 0.455916
vn -0.548405 0.682309 0.483432
vn -0.151402 0.886468 0.437323
vn 0.129514 0.917405 0.376291
vn 0.287460 0.818143 0.498005
vn 0.367957 0.802675 0.469382
vn 0.332929 0.799314 0.500255
vn 0.151748 0.794941 0.587402
vn -0.220653 0.704350 0.674688
vn -0.599104 0.476966 0.643100
vn -0.772934 0.290492 0.564081
vn -0.804082 0.230989 0.547810
vn -0.707028 0.312955 0.634169
vn -0.246894 0.567369 0.785580
vn 0.485006 0.635140 0.601137
vn 0.759426 0.530722 0.376305
vn 0.840442 0.465454 0.277506
vn 0.868970 0.429376 0.246023
vn 0.873457 0.405740 0.269163
vn 0.832644 0.374082 0.408371
vn 0.461327 0.204245 0.863401
vn -0.083844 -0.037293 0.995781
vn 0.043528 0.017943 0.998891
vn -0.029494 -0.013003 0.999480
vn -0.623715 -0.283419 0.728460
vn -0.814465 -0.385390 0.433730
vn -0.831196 -0.417763 0.366860
vn -0.796638 -0.442521 0.411757
vn -0.669539 -0.459417 0.583655
vn -0.182402 -0.357541 0.915912
vn 0.547323 0.005302 0.836905
vn 0.761940 0.192562 0.618359
vn 0.797125 0.254156 0.547719
vn 0.777071 0.256482 0.574785
vn 0.707290 0.195595 0.679326
vn 0.559945 0.042427 0.827443
vn 0.341235 -0.191064 0.920355
vn 0.143838 -0.416967 0.897468
vn 0.026234 -0.581877 0.812853
vn -0.032467 -0.690391 0.722708
vn -0.072236 -0.758582 0.647561
vn -0.124856 -0.798645 0.588707
vn -0.209468 -0.814887 0.540446
vn -0.330676 -0.801905 0.497596
vn -0.475861 -0.749441 0.460320
vn -0.619852 -0.653343 0.434656
vn -0.739667 -0.517925 0.429705
vn -0.821609 -0.341819 0.456199
vn -0.844276 -0.099068 0.526672
vn -0.728457 0.257290 0.634943
vn -0.358810 0.643801 0.675852
vn 0.056910 0.808977 0.585079
vn 0.287460 0.818143 0.498005
vn 0.426538 0.628923 0.650016
vn 0.465833 0.588179 0.661094
vn 0.354662 0.539148 0.763894
vn -0.005768 0.421683 0.906725
vn -0.498057 0.192006 0.845620
vn -0.747023 0.035435 0.663854
vn -0.820886 0.000907 0.571091
vn -0.806343 0.065691 0.587788
vn -0.623950 0.283644 0.728171
vn 0.047772 0.622866 0.780869
vn 0.603635 0.624406 0.495724
vn 0.771061 0.546423 0.326936
vn 0.827324 0.497985 0.259897
vn 0.847116 0.468855 0.250139
vn 0.839646 0.446054 0.309886
vn 0.722736 0.381388 0.576365
vn 0.085274 0.047129 0.995242
vn -0.068834 -0.054878 0.996118
vn 0.100522 0.031117 0.994448
vn -0.289026 -0.118140 0.950004
vn -0.763887 -0.337688 0.549949
vn -0.838505 -0.392981 0.377459
vn -0.831825 -0.416516 0.366853
vn -0.774933 -0.428539 0.464579
vn -0.543652 -0.382640 0.747014
vn 0.248287 -0.023786 0.968394
vn 0.691650 0.284278 0.663932
vn 0.762073 0.389951 0.516898
vn 0.747851 0.443645 0.493860
vn 0.686445 0.472613 0.552658
vn 0.563509 0.462599 0.684441
vn 0.358739 0.374113 0.855187
vn 0.105835 0.185532 0.976922
vn -0.103217 -0.058408 0.992943
vn -0.214427 -0.289855 0.932741
vn -0.244777 -0.469247 0.848464
vn -0.244634 -0.588075 0.770923
vn -0.261374 -0.653870 0.710026
vn -0.322519 -0.674818 0.663779
vn -0.430335 -0.651414 0.624878
vn -0.561814 -0.581329 0.588576
vn -0.681854 -0.470646 0.559971
vn -0.764733 -0.331062 0.552794
vn -0.795829 -0.163255 0.583099
vn -0.745676 0.053121 0.664187
vn -0.533549 0.335519 0.776371
vn -0.124273 0.582159 0.803522
vn 0.242714 0.653726 0.716751
vn 0.426538 0.628923 0.650016
usemtl Material.001
s 1
f 1/1/1 2/2/2 51/51/51
f 1/1/1 51/51/51 50/50/50
f 2/2/2 3/3/3 52/52/52
f 2/2/2 52/52/52 51/51/51
f 3/3/3 4/4/4 53/53/53
f 3/3/3 53/53/53 52/52/52
f 4/4/4 5/5/5 54/54/54
f 4/4/4 54/54/54 53/53/53
f 5/5/5 6/6/6 55/55/55
f 5/5/5 55/55/55 54/54/54
f 6/6/6 7/7/7 56/56/56
f 6/6/6 56/56/56 55/55/55
f 7/7/7 8/8/8 57/57/57
f 7/7/7 57/57/57 56/56/56
f 8/8/8 9/9/9 58/58/58
f 8/8/8 58/58/58 57/57/57
f 9/9/9 10/10/10 59/59/59
f 9/9/9 59/59/59 58/58/58
f 10/10/10 11/11/11 60/60/60
f 10/10/10 60/60/60 59/59/59
f 11/11/11 12/12/12 61/61/61
f 11/11/11 61/61/61 60/60/60
f 12/12/12 13/13/13 62/62/62
f 12/12/12 62/62/62 61/61/61
f 13/13/13 14/14/14 63/63/63
f 13/13/13 63/63/63 62/62/62
f 14/14/14 15/15/15 64/64/64
f 14/14/14 64/64/64 63/63/63
f 15/15/15 16/16/16 65/65/65
f 15/15/15 65/65/65 64/64/64
f 16/16/16 17/17/17 66/66/66
f 16/16/16 66/66/66 65/65/65
f 17/17/17 18/18/18 67/67/67
f 17/17/17 67/67/67 66/66/66
f 18/18/18 19/19/19 68/68/68
f 18/18/18 68/68/68 67/67/67
f 19/19/19 20/20/20 69/69/69
f 19/19/19 69/69/69 68/68/68
f 20/20/20 21/21/21 70/70/70
f 20/20/20 70/70/70 69/69/69
f 21/21/21 22/22/22 71/71/71
f 21/21/21 71/71/71 70/70/70
f 22/22/22 23/23/23 72/72/72
f 22/22/22 72/72/72 71/71/71
f 23/23/23 24/24/24 73/73/73
f 23/23/23 73/73/73 72/72/72
f 24/24/24 25/25/25 74/74/74
f 24/24/24 74/74/74 73/73/73
f 25/25/25 26/26/26 75/75/75
f 25/25/25 75/75/75 74/74/74
f 26/26/26 27/27/27 76/76/76
f 26/26/26 76/76/76 75/75/75
f 27/27/27 28/28/28 77/77/77
f 27/27/27 77/77/77 76/76/76
f 28/28/28 29/29/29 78/78/78
f 28/28/28 78/78/78 77/77/77
f 29/29/29 30/30/30 79/79/79
f 29/29/29 79/79/79 78/78/78
f 30/30/30 31/31/31 80/80/80
f 30/30/30 80/80/80 79/79/79
f 31/31/31 32/32/32 81/81/81
f 31/31/31 81/81/81 80/80/80
f 32/32/32 33/33/33 82/82/82
f 32/32/32 82/82/82 81/81/81
f 33/33/33 34/34/34 83/83/83
f 33/33/33 83/83/83 82/82/82
f 34/34/34 35/35/35 84/84/84
f 34/34/34 84/84/84 83/83/83
f 35/35/35 36/36/36 85/85/85
f 35/35/35 85/85/85 84/84/84
f 36/36/36 37/37/37 86/86/86
f 36/36/36 86/86/86 85/85/85
f 37/37/37 38/38/38 87/87/87
f 37/37/37 87/87/87 86/86/86
f 38/38/38 39/39/39 88/88/88
f 38/38/38 88/88/88 87/87/87
f 39/39/39 40/40/40 89/89/89
f 39/39/39 89/89/89 88/88/88
f 40/40/40 41/41/41 90/90/90
f 40/40/40 90/90/90 89/89/89
f 41/41/41 42/42/42 91/91/91
f 41/41/41 91/91/91 90/90/90
f 42/42/42 43/43/43 92/92/92
f 42/42/42 92/92/92 91/91/91
f 43/43/43 44/44/44 93/93/93
f 43/43/43 93/93/93 92/92/92
f 44/44/44 45/45/45 94/94/94
f 44/44/44 94/94/94 93/93/93
f 45/45/45 46/46/46 95/95/95
f 45/45/45 95/95/95 94/94/94
f 46/46/46 47/47/47 96/96/96
f 46/46/46 96/96/96 95/95/95
f 47/47/47 48/48/48 97/97/97
f 47/47/47 97/97/97 96/96/96
f 48/48/48 49/49/49 98/98/98
f 48/48/48 98/98/98 97/97/97
f 50/50/50 51/51/51 100/100/100
f 50/50/50 100/100/100 99/99/99
f 51/51/51 52/52/52 101/101/101
f 51/51/51 101/101/101 100/100/100
f 52/52/52 53/53/53 102/102/102
f 52/52/52 102/102/102 101/101/101
f 53/53/53 54/54/54 103/103/103
f 53/53/53 103/103/103 102/102/102
f 54/54/54 55/55/55 104/104/104
f 54/54/54 104/104/104 103/103/103
f 55/55/55 56/56/56 105/105/105
f 55/55/55 105/105/105 104/104/104
f 56/56/56 57/57/57 106/106/106
f 56/56/56 106/106/106 105/105/105
f 57/57/57 58/58/58 107/107/107
f 57/57/57 107/107/107 106/106/106
f 58/58/58 59/59/59 108/108/108
f 58/58/58 108/108/108 107/107/107
f 59/59/59 60/60/60 109/109/109
f 59/59/59 109/109/109 108/108/108
f 60/60/60 61/61/61 110/110/110
f 60/60/60 110/110/110 109/109/109
f 61/61/61 62/62/62 111/111/111
f 61/61/61 111/111/111 110/110/110
f 62/62/62 63/63/63 112/112/112
f 62/62/62 112/112/112 111/111/111
f 63/63/63 64/64/64 113/113/113
f 63/63/63 113/113/113 112/112/112
f 64/64/64 65/65/65 114/114/114
f 64/64/64 114/114/114 113/113/113
f 65/65/65 66/66/66 115/115/115
f 65/65/65 115/115/115 114/114/114
f 66/66/66 67/67/67 116/116/116
f 66/66/66 116/116/116 115/115/115
f 67/67/67 68/68/68 117/117/117
f 67/67/67 117/117/117 116/116/116
f 68/68/68 69/69/69 118/118/118
f 68/68/68 118/118/118 117/117/117
f 69/69/69 70/70/70 119/119/119
f 69/69/69 119/119/119 118/118/118
f 70/70/70 71/71/71 120/120/120
f 70/70/70 120/120/120 119/119/119
f 71/71/71 72/72/72 121/121/121
f 71/71/71 121/121/121 120/120/120
f 72/72/72 73/73/73 122/122/122
f 72/72/72 122/122/122 121/121/121
f 73/73/73 74/74/74 123/123/123
f 73/73/73 123/123/123 122/122/122
f 74/74/74 75/75/75 124/124/124
f 74/74/74 124/124/124 123/123/123
f 75/75/75 76/76/76 125/125/125
f 75/75/75 125/125/125 124/124/124
f 76/76/76 77/77/77 126/126/126
f 76/76/76 126/126/126 125/125/125
f 77/77/77 78/78/78 127/127/127
f 77/77/77 127/127/127 126/126/126
f 78/78/78 79/79/79 128/128/128
f 78/78/78 128/128/128 127/127/127
f 79/79/79 80/80/80 129/129/129
f 79/79/79 129/129/129 128/128/128
f 80/80/80 81/81/81 130/130/130
f 80/80/80 130/130/130 129/129/129
f 81/81/81 82/82/82 131/131/131
f 81/81/81 131/131/131 130/130/130
f 82/82/82 83/83/83 132/132/132
f 82/82/82 132/132/132 131/131/131
f 83/83/83 84/84/84 133/133/133
f 83/83/83 133/133/133 132/132/132
f 84/84/84 85/85/85 134/134/134
f 84/84/84 134/134/134 133/133/133
f 85/85/85 86/86/86 135/135/135
f 85/85/85 135/135/135 134/134/134
f 86/86/86 87/87/87 136/136/136
f 86/86/86 136/136/136 135/135/135
f 87/87/87 88/88/88 137/137/137
f 87/87/87 137/137/137 136/136/136
f 88/88/88 89/89/89 138/138/138
f 88/88/88 138/138/138 137/137/137
f 89/89/89 90/90/90 139/139/139
f 89/89/89 139/139/139 138/138/138
f 90/90/90 91/91/91 140/140/140
f 90/90/90 140/140/140 139/139/139
f 91/91/91 92/92/92 141/141/141
f 91/91/91 141/141/141 140/140/140
f 92/92/92 93/93/93 142/142/142
f 92/92/92 142/142/142 141/141/141
f 93/93/93 94/94/94 143/143/143
f 93/93/93 143/143/143 142/142/142
f 94/94/94 95/95/95 144/144/144
f 94/94/94 144/144/144 143/143/143
f 95/95/95 96/96/96 145/145/145
f 95/95/95 145/145/145 144/144/144
f 96/96/96 97/97/97 146/146/146
f 96/96/96 146/146/146 145/145/145
f 97/97/97 98/98/98 147/147/147
f 97/97/97 147/147/147 146/146/146
f 99/99/99 100/100/100 149/149/149
f 99/99/99 149/149/149 148/148/148
f 100/100/100 101/101/101 150/150/150
f 100/100/100 150/150/150 149/149/149
f 101/101/101 102/102/102 151/151/151
f 101/101/101 151/151/151 150/150/150
f 102/102/102 103/103/103 152/152/152
f 102/102/102 152/152/152 151/151/151
f 103/103/103 104/104/104 153/153/153
f 103/103/103 153/153/153 152/152/152
f 104/104/104 105/105/105 154/154/154
f 104/104/104 154/154/154 153/153/153
f 105/105/105 106/106/106 155/155/155
f 105/105/105 155/155/155 154/154/154
f 106/106/106 107/107/107 156/156/156
f 106/106/106 156/156/156 155/155/155
f 107/107/107 108/108/108 157/157/157
f 107/107/107 157/157/157 156/156/156
f 108/108/108 109/109/109 158/158/158
f 108/108/108 158/158/158 157/157/157
f 109/109/109 110/110/110 159/159/159
f 109/109/109 159/159/159 158/158/158
f 110/110/110 111/111/111 160/160/160
f 110/110/110 160/160/160 159/159/159
f 111/111/111 112/112/112 161/161/161
f 111/111/111 161/161/161 160/160/160
f 112/112/112 113/113/113 162/162/162
f 112/112/112 162/162/162 161/161/161
f 113/113/113 114/114/114 163/163/163
f 113/113/113 163/163/163 162/162/162
f 114/114/114 115/115/115 164/164/164
f 114/114/114 164/164/164 163/163/163
f 115/115/115 116/116/116 165/165/165
f 115/115/115 165/165/165 164/164/164
f 116/116/116 117/117/117 166/166/166
f 116/116/116 166/166/166 165/165/165
f 117/117/117 118/118/118 167/167/167
f 117/117/117 167/167/167 166/166/166
f 118/118/118 119/119/119 168/168/168
f 118/118/118 168/168/168 167/167/167
f 119/119/119 120/120/120 169/169/169
f 119/119/119 169/169/169 168/168/168
f 120/120/120 121/121/121 170/170/170
f 120/120/120 170/170/170 169/169/169
f 121/121/121 122/122/122 171/171/171
f 121/121/121 171/171/171 170/170/170
f 122/122/122 123/123/123 172/172/172
f 122/122/122 172/172/172 171/171/171
f 123/123/123 124/124/124 173/173/173
f 123/123/123 173/173/173 172/172/172
f 124/124/124 125/125/125 174/174/174
f 124/124/124 174/174/174 173/173/173
f 125/125/125 126/126/126 175/175/175
f 125/125/125 175/175/175 174/174/174
f 126/126/126 127/127/127 176/176/176
f 126/126/126 176/176/176 175/175/175
f 127/127/127 128/128/128 177/177/177
f 127/127/127 177/177/177 176/176/176
f 128/128/128 129/129/129 178/178/178
f 128/128/128 178/178/178 177/177/177
f 129/129/129 130/130/130 179/179/179
f 129/129/129 179/179/179 178/178/178
f 130/130/130 131/131/131 180/180/180
f 130/130/130 180/180/180 179/179/179
f 131/131/131 132/132/132 181/181/181
f 131/131/131 181/181/181 180/180/180
f 132/132/132 133/133/133 182/182/182
f 132/132/132 182/182/182 181/181/181
f 133/133/133 134/134/134 183/183/183
f 133/133/133 183/183/183 182/182/182
f 134/134/134 135/135/135 184/184/184
f 134/134/134 184/184/184 183/183/183
f 135/135/135 136/136/136 185/185/185
f 135/135/135 185/185/185 184/184/184
f 136/136/136 137/137/137 186/186/186
f 136/136/136 186/186/186 185/185/185
f 137/137/137 138/138/138 187/187/187
f 137/137/137 187/187/187 186/186/186
f 138/138/138 139/139/139 188/188/188
f 138/138/138 188/188/188 187/187/187
f 139/139/139 140/140/140 189/189/189
f 139/139/139 189/189/189 188/188/188
f 140/140/140 141/141/141 190/190/190
f 140/140/140 190/190/190 189/189/189
f 141/141/141 142/142/142 191/191/191
f 141/141/141 191/191/191 190/190/190
f 142/142/142 143/143/143 192/192/192
f 142/142/142 192/192/192 191/191/191
f 143/143/143 144/144/144 193/193/193
f 143/143/143 193/193/193 192/192/192
f 144/144/144 145/145/145 194/194/194
f 144/144/144 194/194/194 193/193/193
f 145/145/145 146/146/146 195/195/195
f 145/145/145 195/195/195 194/194/194
f 146/146/146 147/147/147 196/196/196
f 146/146/146 196/196/196 195/195/195
f 148/148/148 149/149/149 198/198/198
f 148/148/148 198/198/198 197/197/197
f 149/149/149 150/150/150 199/199/199
f 149/149/149 199/199/199 198/198/198
f 150/150/150 151/151/151 200/200/200
f 150/150/150 200/200/200 199/199/199
f 151/151/151 152/152/152 201/201/201
f 151/151/151 201/201/201 200/200/200
f 152/152/152 153/153/153 202/202/202
f 152/152/152 202/202/202 201/201/201
f 153/153/153 154/154/154 203/203/203
f 153/153/153 203/203/203 202/202/202
f 154/154/154 155/155/155 204/204/204
f 154/154/154 204/204/204 203/203/203
f 155/155/155 156/156/156 205/205/205
f 155/155/155 205/205/205 204/204/204
f 156/156/156 157/157/157 206/206/206
f 156/156/156 206/206/206 205/205/205
f 157/157/157 158/158/158 207/207/207
f 157/157/157 207/207/207 206/206/206
f 158/158/158 159/159/159 208/208/208
f 158/158/158 208/208/208 207/207/207
f 159/159/159 160/160/160 209/209/209
f 159/159/159 209/209/209 208/208/208
f 160/160/160 161/161/161 210/210/210
f 160/160/160 210/210/210 209/209/209
f 161/161/161 162/162/162 211/211/211
f 161/161/161 211/211/211 210/210/210
f 162/162/162 163/163/163 212/212/212
f 162/162/162 212/212/212 211/211/211
f 163/163/163 164/164/164 213/213/213
f 163/163/163 213/213/213 212/212/212
f 164/164/164 165/165/165 214/214/214
f 164/164/164 214/214/214 213/213/213
f 165/165/165 166/166/166 215/215/215
f 165/165/165 215/215/215 214/214/214
f 166/166/166 167/167/167 216/216/216
f 166/166/166 216/216/216 215/215/215
f 167/167/167 168/168/168 217/217/217
f 167/167/167 217/217/217 216/216/216
f 168/168/168 169/169/169 218/218/218
f 168/168/168 218/218/218 217/217/217
f 169/169/169 170/170/170 219/219/219
f 169/169/169 219/219/219 218/218/218
f 170/170/170 171/171/171 220/220/220
f 170/170/170 220/220/220 219/219/219
f 171/171/171 172/172/172 221/221/221
f 171/171/171 221/221/221 220/220/220
f 172/172/172 173/173/173 222/222/222
f 172/172/172 222/222/222 221/221/221
f 173/173/173 174/174/174 223/223/223
f 173/173/173 223/223/223 222/222/222
f 174/174/174 175/175/175 224/224/224
f 174/174/174 224/224/224 223/223/223
f 175/175/175 176/176/176 225/225/225
f 175/175/175 225/225/225 224/224/224
f 176/176/176 177/177/177 226/226/226
f 176/176/176 226/226/226 225/225/225
f 177/177/177 178/178/178 227/227/227
f 177/177/177 227/227/227 226/226/226
f 178/178/178 179/179/179 228/228/228
f 178/178/178 228/228/228 227/227/227
f 179/179/179 180/180/180 229/229/229
f 179/179/179 229/229/229 228/228/228
f 180/180/180 181/181/181 230/230/230
f 180/180/180 230/230/230 229/229/229
f 181/181/181 182/182/182 231/231/231
f 181/181/181 231/231/231 230/230/230
f 182/182/182 183/183/183 232/232/232
f 182/182/182 232/232/232 231/231/231
f 183/183/183 184/184/184 233/233/233
f 183/183/183 233/233/233 232/232/232
f 184/184/184 185/185/185 234/234/234
f 184/184/184 234/234/234 233/233/233
f 185/185/185 186/186/186 235/235/235
f 185/185/185 235/235/235 234/234/234
f 186/186/186 187/187/187 236/236/236
f 186/186/186 236/236/236 235/235/235
f 187/187/187 188/188/188 237/237/237
f 187/187/187 237/237/237 236/236/236
f 188/188/188 189/189/189 238/238/238
f 188/188/188 238/238/238 237/237/237
f 189/189/189 190/190/190 239/239/239
f 189/189/189 239/239/239 238/238/238
f 190/190/190 191/191/191 240/240/240
f 190/190/190 240/240/240 239/239/239
f 191/191/191 192/192/192 241/241/241
f 191/191/191 241/241/241 240/240/240
f 192/192/192 193/193/193 242/242/242
f 192/192/192 242/242/242 241/241/241
f 193/193/193 194/194/194 243/243/243
f 193/193/193 243/243/243 242/242/242
f 194/194/194 195/195/195 244/244/244
f 194/194/194 244/244/244 243/243/243
f 195/195/195 196/196/196 245/245/245
f 195/195/195 245/245/245 244/244/244
f 197/197/197 198/198/198 247/247/247
f 197/197/197 247/247/247 246/246/246
f 198/198/198 199/199/199 248/248/248
f 198/198/198 248/248/248 247/247/247
f 199/199/199 200/200/200 249/249/249
f 199/199/199 249/249/249 248/248/248
f 200/200/200 201/201/201 250/250/250
f 200/200/200 250/250/250 249/249/249
f 201/201/201 202/202/202 251/251/251
f 201/201/201 251/251/251 250/250/250
f 202/202/202 203/203/203 252/252/252
f 202/202/202 252/252/252 251/251/251
f 203/203/203 204/204/204 253/253/253
f 203/203/203 253/253/253 252/252/252
f 204/204/204 205/205/205 254/254/254
f 204/204/204 254/254/254 253/253/253
f 205/205/205 206/206/206 255/255/255
f 205/205/205 255/255/255 254/254/254
f 206/206/206 207/207/207 256/256/256
f 206/206/206 256/256/256 255/255/255
f 207/207/207 208/208/208 257/257/257
f 207/207/207 257/257/257 256/256/256
f 208/208/208 209/209/209 258/258/258
f 208/208/208 258/258/258 257/257/257
f 209/209/209 210/210/210 259/259/259
f 209/209/209 259/259/259 258/258/258
f 210/210/210 211/211/211 260/260/260
f 210/210/210 260/260/260 259/259/259
f 211/211/211 212/212/212 261/261/261
f 211/211/211 261/261/261 260/260/260
f 212/212/212 213/213/213 262/262/262
f 212/212/212 262/262/262 261/261/261
f 213/213/213 214/214/214 263/263/263
f 213/213/213 263/263/263 262/262/262
f 214/214/214 215/215/215 264/264/264
f 214/214/214 264/264/264 263/263/263
f 215/215/215 216/216/216 265/265/265
f 215/215/215 265/265/265 264/264/264
f 216/216/216 217/217/217 266/266/266
f 216/216/216 266/266/266 265/265/265
f 217/217/217 218/218/218 267/267/267
f 217/217/217 267/267/267 266/266/266
f 218/218/218 219/219/219 268/268/268
f 218/218/218 268/268/268 267/267/267
f 219/219/219 220/220/220 269/269/269
f 219/219/219 269/269/269 268/268/268
f 220/220/220 221/221/221 270/270/270
f 220/220/220 270/270/270 269/269/269
f 221/221/221 222/222/222 271/271/271
f 221/221/221 271/271/271 270/270/270
f 222/222/222 223/223/223 272/272/272
f 222/222/222 272/272/272 271/271/271
f 223/223/223 224/224/224 273/273/273
f 223/223/223 273/273/273 272/272/272
f 224/224/224 225/225/225 274/274/274
f 224/224/224 274/274/274 273/273/273
f 225/225/225 226/226/226 275/275/275
f 225/225/225 275/275/275 274/274/274
f 226/226/226 227/227/227 276/276/276
f 226/226/226 276/276/276 275/275/275
f 227/227/227 228/228/228 277/277/277
f 227/227/227 277/277/277 276/276/276
f 228/228/228 229/229/229 278/278/278
f 228/228/228 278/278/278 277/277/277
f 229/229/229 230/230/230 279/279/279
f 229/229/229 279/279/279 278/278/278
f 230/230/230 231/231/231 280/280/280
f 230/230/230 280/280/280 279/279/279
f 231/231/231 232/232/232 281/281/281
f 231/231/231 281/281/281 280/280/280
f 232/232/232 233/233/233 282/282/282
f 232/232/232 282/282/282 281/281/281
f 233/233/233 234/234/234 283/283/283
f 233/233/233 283/283/283 282/282/282
f 234/234/234 235/235/235 284/284/284
f 234/234/234 284/284/284 283/283/283
f 235/235/235 236/236/236 285/285/285
f 235/235/235 285/285/285 284/284/284
f 236/236/236 237/237/237 286/286/286
f 236/236/236 286/286/286 285/285/285
f 237/237/237 238/238/238 287/287/287
f 237/237/237 287/287/287 286/286/286
f 238/238/238 239/239/239 288/288/288
f 238/238/238 288/288/288 287/287/287
f 239/239/239 240/240/240 289/289/289
f 239/239/239 289/289/289 288/288/288
f 240/240/240 241/241/241 290/290/290
f 240/240/240 290/290/290 289/289/289
f 241/241/241 242/242/242 291/291/291
f 241/241/241 291/291/291 290/290/290
f 242/242/242 243/243/243 292/292/292
f 242/242/242 292/292/292 291/291/291
f 243/243/243 244/244/244 293/293/293
f 243/243/243 293/293/293 292/292/292
f 244/244/244 245/245/245 294/294/294
f 244/244/244 294/294/294 293/293/293
f 246/246/246 247/247/247 296/296/296
f 246/246/246 296/296/296 295/295/295
f 247/247/247 248/248/248 297/297/297
f 247/247/247 297/297/297 296/296/296
f 248/248/248 249/249/249 298/298/298
f 248/248/248 298/298/298 297/297/297
f 249/249/249 250/250/250 299/299/299
f 249/249/249 299/299/299 298/298/298
f 250/250/250 251/251/251 300/300/300
f 250/250/250 300/300/300 299/299/299
f 251/251/251 252/252/252 301/301/301
f 251/251/251 301/301/301 300/300/300
f 252/252/252 253/253/253 302/302/302
f 252/252/252 302/302/302 301/301/301
f 253/253/253 254/254/254 303/303/303
f 253/253/253 303/303/303 302/302/302
f 254/254/254 255/255/255 304/304/304
f 254/254/254 304/304/304 303/303/303
f 255/255/255 256/256/256 305/305/305
f 255/255/255 305/305/305 304/304/304
f 256/256/256 257/257/257 306/306/306
f 256/256/256 306/306/306 305/305/305
f 257/257/257 258/258/258 307/307/307
f 257/257/257 307/307/307 306/306/306
f 258/258/258 259/259/259 308/308/308
f 258/258/258 308/308/308 307/307/307
f 259/259/259 260/260/260 309/309/309
f 259/259/259 309/309/309 308/308/308
f 260/260/260 261/261/261 310/310/310
f 260/260/260 310/310/310 309/309/309
f 261/261/261 262/262/262 311/311/311
f 261/261/261 311/311/311 310/310/310
f 262/262/262 263/263/263 312/312/312
f 262/262/262 312/312/312 311/311/311
f 263/263/263 264/264/264 313/313/313
f 263/263/263 313/313/313 312/312/312
f 264/264/264 265/265/265 314/314/314
f 264/264/264 314/314/314 313/313/313
f 265/265/265 266/266/266 315/315/315
f 265/265/265 315/315/315 314/314/314
f 266/266/266 267/267/267 316/316/316
f 266/266/266 316/316/316 315/315/315
f 267/267/267 268/268/268 317/317/317
f 267/267/267 317/317/317 316/316/316
f 268/268/268 269/269/269 318/318/318
f 268/268/268 318/318/318 317/317/317
f 269/269/269 270/270/270 319/319/319
f 269/269/269 319/319/319 318/318/318
f 270/270/270 271/271/271 320/320/320
f 270/270/270 320/320/320 319/319/319
f 271/271/271 272/272/272 321/321/321
f 271/271/271 321/321/321 320/320/320
f 272/272/272 273/273/273 322/322/322
f 272/272/272 322/322/322 321/321/321
f 273/273/273 274/274/274 323/323/323
f 273/273/273 323/323/323 322/322/322
f 274/274/274 275/275/275 324/324/324
f 274/274/274 324/324/324 323/323/323
f 275/275/275 276/276/276 325/325/325
f 275/275/275 325/325/325 324/324/324
f 276/276/276 277/277/277 326/326/326
f 276/276/276 326/326/326 325/325/325
f 277/277/277 278/278/278 327/327/327
f 277/277/277 327/327/327 326/326/326
f 278/278/278 279/279/279 328/328/328
f 278/278/278 328/328/328 327/327/327
f 279/279/279 280/280/280 329/329/329
f 279/279/279 329/329/329 328/328/328
f 280/280/280 281/281/281 330/330/330
f 280/280/280 330/330/330 329/329/329
f 281/281/281 282/282/282 331/331/331
f 281/281/281 331/331/331 330/330/330
f 282/282/282 283/283/283 332/332/332
f 282/282/282 332/332/332 331/331/331
f 283/283/283 284/284/284 333/333/333
f 283/283/283 333/333/333 332/332/332
f 284/284/284 285/285/285 334/334/334
f 284/284/284 334/334/334 333/333/333
f 285/285/285 286/286/286 335/335/335
f 285/285/285 335/335/335 334/334/334
f 286/286/286 287/287/287 336/336/336
f 286/286/286 336/336/336 335/335/335
f 287/287/287 288/288/288 337/337/337
f 287/287/287 337/337/337 336/336/336
f 288/288/288 289/289/289 338/338/338
f 288/288/288 338/338/338 337/337/337
f 289/289/289 290/290/290 339/339/339
f 289/289/289 339/339/339 338/338/338
f 290/290/290 291/291/291 340/340/340
f 290/290/290 340/340/340 339/339/339
f 291/291/291 292/292/292 341/341/341
f 291/291/291 341/341/341 340/340/340
f 292/292/292 293/293/293 342/342/342
f 292/292/292 342/342/342 341/341/341
f 293/293/293 294/294/294 343/343/343
f 293/293/293 343/343/343 342/342/342
f 295/295/295 296/296/296 345/345/345
f 295/295/295 345/345/345 344/344/344
f 296/296/296 297/297/297 346/346/346
f 296/296/296 346/346/346 345/345/345
f 297/297/297 298/298/298 347/347/347
f 297/297/297 347/347/347 346/346/346
f 298/298/298 299/299/299 348/348/348
f 298/298/298 348/348/348 347/347/347
f 299/299/299 300/300/300 349/349/349
f 299/299/299 349/349/349 348/348/348
f 300/300/300 301/301/301 350/350/350
f 300/300/300 350/350/350 349/349/349
f 301/301/301 302/302/302 351/351/351
f 301/301/301 351/351/351 350/350/350
f 302/302/302 303/303/303 352/352/352
f 302/302/302 352/352/352 351/351/351
f 303/303/303 304/304/304 353/353/353
f 303/303/303 353/353/353 352/352/352
f 304/304/304 305/305/305 354/354/354
f 304/304/304 354/354/354 353/353/353
f 305/305/305 306/306/306 355/355/355
f 305/305/305 355/355/355 354/354/354
f 306/306/306 307/307/307 356/356/356
f 306/306/306 356/356/356 355/355/355
f 307/307/307 308/308/308 357/357/357
f 307/307/307 357/357/357 356/356/356
f 308/308/308 309/309/309 358/358/358
f 308/308/308 358/358/358 357/357/357
f 309/309/309 310/310/310 359/359/359
f 309/309/309 359/359/359 358/358/358
f 310/310/310 311/311/311 360/360/360
f 310/310/310 360/360/360 359/359/359
f 311/311/311 312/312/312 361/361/361
f 311/311/311 361/361/361 360/360/360
f 312/312/312 313/313/313 362/362/362
f 312/312/312 362/362/362 361/361/361
f 313/313/313 314/314/314 363/363/363
f 313/313/313 363/363/363 362/362/362
f 314/314/314 315/315/315 364/364/364
f 314/314/314 364/364/364 363/363/363
f 315/315/315 316/316/316 365/365/365
f 315/315/315 365/365/365 364/364/364
f 316/316/316 317/317/317 366/366/366
f 316/316/316 366/366/366 365/365/365
f 317/317/317 318/318/318 367/367/367
f 317/317/317 367/367/367 366/366/366
f 318/318/318 319/319/319 368/368/368
f 318/318/318 368/368/368 367/367/367
f 319/319/319 320/320/320 369/369/369
f 319/319/319 369/369/369 368/368/368
f 320/320/320 321/321/321 370/370/370
f 320/320/320 370/370/370 369/369/369
f 321/321/321 322/322/322 371/371/371
f 321/321/321 371/371/371 370/370/370
f 322/322/322 323/323/323 372/372/372
f 322/322/322 372/372/372 371/371/371
f 323/323/323 324/324/324 373/373/373
f 323/323/323 373/373/373 372/372/372
f 324/324/324 325/325/325 374/374/374
f 324/324/324 374/374/374 373/373/373
f 325/325/325 326/326/326 375/375/375
f 325/325/325 375/375/375 374/374/374
f 326/326/326 327/327/327 376/376/376
f 326/326/326 376/376/376 375/375/375
f 327/327/327 328/328/328 377/377/377
f 327/327/327 377/377/377 376/376/376
f 328/328/328 329/329/329 378/378/378
f 328/328/328 378/378/378 377/377/377
f 329/329/329 330/330/330 379/379/379
f 329/329/329 379/379/379 378/378/378
f 330/330/330 331/331/331 380/380/380
f 330/330/330 380/380/380 379/379/379
f 331/331/331 332/332/332 381/381/381
f 331/331/331 381/381/381 380/380/380
f 332/332/332 333/333/333 382/382/382
f 332/332/332 382/382/382 381/381/381
f 333/333/333 334/334/334 383/383/383
f 333/333/333 383/383/383 382/382/382
f 334/334/334 335/335/335 384/384/384
f 334/334/334 384/384/384 383/383/383
f 335/335/335 336/336/336 385/385/385
f 335/335/335 385/385/385 384/384/384
f 336/336/336 337/337/337 386/386/386
f 336/336/336 386/386/386 385/385/385
f 337/337/337 338/338/338 387/387/387
f 337/337/337 387/387/387 386/386/386
f 338/338/338 339/339/339 388/388/388
f 338/338/338 388/388/388 387/387/387
f 339/339/339 340/340/340 389/389/389
f 339/339/339 389/389/389 388/388/388
f 340/340/340 341/341/341 390/390/390
f 340/340/340 390/390/390 389/389/389
f 341/341/341 342/342/342 391/391/391
f 341/341/341 391/391/391 390/390/390
f 342/342/342 343/343/343 392/392/392
f 342/342/342 392/392/392 391/391/391
f 344/344/344 345/345/345 394/394/394
f 344/344/344 394/394/394 393/393/393
f 345/345/345 346/346/346 395/395/395
f 345/345/345 395/395/395 394/394/394
f 346/346/346 347/347/347 396/396/396
f 346/346/346 396/396/396 395/395/395
f 347/347/347 348/348/348 397/397/397
f 347/347/347 397/397/397 396/396/396
f 348/348/348 349/349/349 398/398/398
f 348/348/348 398/398/398 397/397/397
f 349/349/349 350/350/350 399/399/399
f 349/349/349 399/399/399 398/398/398
f 350/350/350 351/351/351 400/400/400
f 350/350/350 400/400/400 399/399/399
f 351/351/351 352/352/352 401/401/401
f 351/351/351 401/401/401 400/400/400
f 352/352/352 353/353/353 402/402/402
f 352/352/352 402/402/402 401/401/401
f 353/353/353 354/354/354 403/403/403
f 353/353/353 403/403/403 402/402/402
f 354/354/354 355/355/355 404/404/404
f 354/354/354 404/404/404 403/403/403
f 355/355/355 356/356/356 405/405/405
f 355/355/355 405/405/405 404/404/404
f 356/356/356 357/357/357 406/406/406
f 356/356/356 406/406/406 405/405/405
f 357/357/357 358/358/358 407/407/407
f 357/357/357 407/407/407 406/406/406
f 358/358/358 359/359/359 408/408/408
f 358/358/358 408/408/408 407/407/407
f 359/359/359 360/360/360 409/409/409
f 359/359/359 409/409/409 408/408/408
f 360/360/360 361/361/361 410/410/410
f 360/360/360 410/410/410 409/409/409
f 361/361/361 362/362/362 411/411/411
f 361/361/361 411/411/411 410/410/410
f 362/362/362 363/363/363 412/412/412
f 362/362/362 412/412/412 411/411/411
f 363/363/363 364/364/364 413/413/413
f 363/363/363 413/413/413 412/412/412
f 364/364/364 365/365/365 414/414/414
f 364/364/364 414/414/414 413/413/413
f 365/365/365 366/366/366 415/415/415
f 365/365/365 415/415/415 414/414/414
f 366/366/366 367/367/367 416/416/416
f 366/366/366 416/416/416 415/415/415
f 367/367/367 368/368/368 417/417/417
f 367/367/367 417/417/417 416/416/416
f 368/368/368 369/369/369 418/418/418
f 368/368/368 418/418/418 417/417/417
f 369/369/369 370/370/370 419/419/419
f 369/369/369 419/419/419 418/418/418
f 370/370/370 371/371/371 420/420/420
f 370/370/370 420/420/420 419/419/419
f 371/371/371 372/372/372 421/421/421
f 371/371/371 421/421/421 420/420/420
f 372/372/372 373/373/373 422/422/422
f 372/372/372 422/422/422 421/421/421
f 373/373/373 374/374/374 423/423/423
f 373/373/373 423/423/423 422/422/422
f 374/374/374 375/375/375 424/424/424
f 374/374/374 424/424/424 423/423/423
f 375/375/375 376/376/376 425/425/425
f 375/375/375 425/425/425 424/424/424
f 376/376/376 377/377/377 426/426/426
f 376/376/376 426/426/426 425/425/425
f 377/377/377 378/378/378 427/427/427
f 377/377/377 427/427/427 426/426/426
f 378/378/378 379/379/379 428/428/428
f 378/378/378 428/428/428 427/427/427
f 379/379/379 380/380/380 429/429/429
f 379/379/379 429/429/429 428/428/428
f 380/380/380 381/381/381 430/430/430
f 380/380/380 430/430/430 429/429/429
f 381/381/381 382/382/382 431/431/431
f 381/381/381 431/431/431 430/430/430
f 382/382/382 383/383/383 432/432/432
f 382/382/382 432/432/432 431/431/431
f 383/383/383 384/384/384 433/433/433
f 383/383/383 433/433/433 432/432/432
f 384/384/384 385/385/385 434/434/434
f 384/384/384 434/434/434 433/433/433
f 385/385/385 386/386/386 435/435/435
f 385/385/385 435/435/435 434/434/434
f 386/386/386 387/387/387 436/436/436
f 386/386/386 436/436/436 435/435/435
f 387/387/387 388/388/388 437/437/437
f 387/387/387 437/437/437 436/436/436
f 388/388/388 389/389/389 438/438/438
f 388/388/388 438/438/438 437/437/437
f 389/389/389 390/390/390 439/439/439
f 389/389/389 439/439/439 438/438/438
f 390/390/390 391/391/391 440/440/440
f 390/390/390 440/440/440 439/439/439
f 391/391/391 392/392/392 441/441/441
f 391/391/391 441/441/441 440/440/440
f 393/393/393 394/394/394 443/443/443
f 393/393/393 443/443/443 442/442/442
f 394/394/394 395/395/395 444/444/444
f 394/394/394 444/444/444 443/443/443
f 395/395/395 396/396/396 445/445/445
f 395/395/395 445/445/445 444/444/444
f 396/396/396 397/397/397 446/446/446
f 396/396/396 446/446/446 445/445/445
f 397/397/397 398/398/398 447/447/447
f 397/397/397 447/447/447 446/446/446
f 398/398/398 399/399/399 448/448/448
f 398/398/398 448/448/448 447/447/447
f 399/399/399 400/400/400 449/449/449
f 399/399/399 449/449/449 448/448/448
f 400/400/400 401/401/401 450/450/450
f 400/400/400 450/450/450 449/449/449
f 401/401/401 402/402/402 451/451/451
f 401/401/401 451/451/451 450/450/450
f 402/402/402 403/403/403 452/452/452
f 402/402/402 452/452/452 451/451/451
f 403/403/403 404/404/404 453/453/453
f 403/403/403 453/453/453 452/452/452
f 404/404/404 405/405/405 454/454/454
f 404/404/404 454/454/454 453/453/453
f 405/405/405 406/406/406 455/455/455
f 405/405/405 455/455/455 454/454/454
f 406/406/406 407/407/407 456/456/456
f 406/406/406 456/456/456 455/455/455
f 407/407/407 408/408/408 457/457/457
f 407/407/407 457/457/457 456/456/456
f 408/408/408 409/409/409 458/458/458
f 408/408/408 458/458/458 457/457/457
f 409/409/409 410/410/410 459/459/459
f 409/409/409 459/459/459 458/458/458
f 410/410/410 411/411/411 460/460/460
f 410/410/410 460/460/460 459/459/459
f 411/411/411 412/412/412 461/461/461
f 411/411/411 461/461/461 460/460/460
f 412/412/412 413/413/413 462/462/462
f 412/412/412 462/462/462 461/461/461
f 413/413/413 414/414/414 463/463/463
f 413/413/413 463/463/463 462/462/462
f 414/414/414 415/415/415 464/464/464
f 414/414/414 464/464/464 463/463/463
f 415/415/415 416/416/416 465/465/465
f 415/415/415 465/465/465 464/464/464
f 416/416/416 417/417/417 466/466/466
f 416/416/416 466/466/466 465/465/465
f 417/417/417 418/418/418 467/467/467
f 417/417/417 467/467/467 466/466/466
f 418/418/418 419/419/419 468/468/468
f 418/418/418 468/468/468 467/467/467
f 419/419/419 420/420/420 469/469/469
f 419/419/419 469/469/469 468/468/468
f 420/420/420 421/421/421 470/470/470
f 420/420/420 470/470/470 469/469/469
f 421/421/421 422/422/422 471/471/471
f 421/421/421 471/471/471 470/470/470
f 422/422/422 423/423/423 472/472/472
f 422/422/422 472/472/472 471/471/471
f 423/423/423 424/424/424 473/473/473
f 423/423/423 473/473/473 472/472/472
f 424/424/424 425/425/425 474/474/474
f 424/424/424 474/474/474 473/473/473
f 425/425/425 426/426/426 475/475/475
f 425/425/425 475/475/475 474/474/474
f 426/426/426 427/427/427 476/476/476
f 426/426/426 476/476/476 475/475/475
f 427/427/427 428/428/428 477/477/477
f 427/427/427 477/477/477 476/476/476
f 428/428/428 429/429/429 478/478/478
f 428/428/428 478/478/478 477/477/477
f 429/429/429 430/430/430 479/479/479
f 429/429/429 479/479/479 478/478/478
f 430/430/430 431/431/431 480/480/480
f 430/430/430 480/480/480 479/479/479
f 431/431/431 432/432/432 481/481/481
f 431/431/431 481/481/481 480/480/480
f 432/432/432 433/433/433 482/482/482
f 432/432/432 482/482/482 481/481/481
f 433/433/433 434/434/434 483/483/483
f 433/433/433 483/483/483 482/482/482
f 434/434/434 435/435/435 484/484/484
f 434/434/434 484/484/484 483/483/483
f 435/435/435 436/436/436 485/485/485
f 435/435/435 485/485/485 484/484/484
f 436/436/436 437/437/437 486/486/486
f 436/436/436 486/486/486 485/485/485
f 437/437/437 438/438/438 487/487/487
f 437/437/437 487/487/487 486/486/486
f 438/438/438 439/439/439 488/488/488
f 438/438/438 488/488/488 487/487/487
f 439/439/439 440/440/440 489/489/489
f 439/439/439 489/489/489 488/488/488
f 440/440/440 441/441/441 490/490/490
f 440/440/440 490/490/490 489/489/489
f 442/442/442 443/443/443 492/492/492
f 442/442/442 492/492/492 491/491/491
f 443/443/443 444/444/444 493/493/493
f 443/443/443 493/493/493 492/492/492
f 444/444/444 445/445/445 494/494/494
f 444/444/444 494/494/494 493/493/493
f 445/445/445 446/446/446 495/495/495
f 445/445/445 495/495/495 494/494/494
f 446/446/446 447/447/447 496/496/496
f 446/446/446 496/496/496 495/495/495
f 447/447/447 448/448/448 497/497/497
f 447/447/447 497/497/497 496/496/496
f 448/448/448 449/449/449 498/498/498
f 448/448/448 498/498/498 497/497/497
f 449/449/449 450/450/450 499/499/499
f 449/449/449 499/499/499 498/498/498
f 450/450/450 451/451/451 500/500/500
f 450/450/450 500/500/500 499/499/499
f 451/451/451 452/452/452 501/501/501
f 451/451/451 501/501/501 500/500/500
f 452/452/452 453/453/453 502/502/502
f 452/452/452 502/502/502 501/501/501
f 453/453/453 454/454/454 503/503/503
f 453/453/453 503/503/503 502/502/502
f 454/454/454 455/455/455 504/504/504
f 454/454/454 504/504/504 503/503/503
f 455/455/455 456/456/456 505/505/505
f 455/455/455 505/505/505 504/504/504
f 456/456/456 457/457/457 506/506/506
f 456/456/456 506/506/506 505/505/505
f 457/457/457 458/458/458 507/507/507
f 457/457/457 507/507/507 506/506/506
f 458/458/458 459/459/459 508/508/508
f 458/458/458 508/508/508 507/507/507
f 459/459/459 460/460/460 509/509/509
f 459/459/459 509/509/509 508/508/508
f 460/460/460 461/461/461 510/510/510
f 460/460/460 510/510/510 509/509/509
f 461/461/461 462/462/462 511/511/511
f 461/461/461 511/511/511 510/510/510
f 462/462/462 463/463/463 512/512/512
f 462/462/462 512/512/512 511/511/511
f 463/463/463 464/464/464 513/513/513
f 463/463/463 513/513/513 512/512/512
f 464/464/464 465/465/465 514/514/514
f 464/464/464 514/514/514 513/513/513
f 465/465/465 466/466/466 515/515/515
f 465/465/465 515/515/515 514/514/514
f 466/466/466 467/467/467 516/516/516
f 466/466/466 516/516/516 515/515/515
f 467/467/467 468/468/468 517/517/517
f 467/467/467 517/517/517 516/516/516
f 468/468/468 469/469/469 518/518/518
f 468/468/468 518/518/518 517/517/517
f 469/469/469 470/470/470 519/519/519
f 469/469/469 519/519/519 518/518/518
f 470/470/470 471/471/471 520/520/520
f 470/470/470 520/520/520 519/519/519
f 471/471/471 472/472/472 521/521/521
f 471/471/471 521/521/521 520/520/520
f 472/472/472 473/473/473 522/522/522
f 472/472/472 522/522/522 521/521/521
f 473/473/473 474/474/474 523/523/523
f 473/473/473 523/523/523 522/522/522
f 474/474/474 475/475/475 524/524/524
f 474/474/474 524/524/524 523/523/523
f 475/475/475 476/476/476 525/525/525
f 475/475/475 525/525/525 524/524/524
f 476/476/476 477/477/477 526/526/526
f 476/476/476 526/526/526 525/525/525
f 477/477/477 478/478/478 527/527/527
f 477/477/477 527/527/527 526/526/526
f 478/478/478 479/479/479 528/528/528
f 478/478/478 528/528/528 527/527/527
f 479/479/479 480/480/480 529/529/529
f 479/479/479 529/529/529 528/528/528
f 480/480/480 481/481/481 530/530/530
f 480/480/480 530/530/530 529/529/529
f 481/481/481 482/482/482 531/531/531
f 481/481/481 531/531/531 530/530/530
f 482/482/482 483/483/483 532/532/532
f 482/482/482 532/532/532 531/531/531
f 483/483/483 484/484/484 533/533/533
f 483/483/483 533/533/533 532/532/532
f 484/484/484 485/485/485 534/534/534
f 484/484/484 534/534/534 533/533/533
f 485/485/485 486/486/486 535/535/535
f 485/485/485 535/535/535 534/534/534
f 486/486/486 487/487/487 536/536/536
f 486/486/486 536/536/536 535/535/535
f 487/487/487 488/488/488 537/537/537
f 487/487/487 537/537/537 536/536/536
f 488/488/488 489/489/489 538/538/538
f 488/488/488 538/538/538 537/537/537
f 489/489/489 490/490/490 539/539/539
f 489/489/489 539/539/539 538/538/538
f 491/491/491 492/492/492 541/541/541
f 491/491/491 541/541/541 540/540/540
f 492/492/492 493/493/493 542/542/542
f 492/492/492 542/542/542 541/541/541
f 493/493/493 494/494/494 543/543/543
f 493/493/493 543/543/543 542/542/542
f 494/494/494 495/495/495 544/544/544
f 494/494/494 544/544/544 543/543/543
f 495/495/495 496/496/496 545/545/545
f 495/495/495 545/545/545 544/544/544
f 496/496/496 497/497/497 546/546/546
f 496/496/496 546/546/546 545/545/545
f 497/497/497 498/498/498 547/547/547
f 497/497/497 547/547/547 546/546/546
f 498/498/498 499/499/499 548/548/548
f 498/498/498 548/548/548 547/547/547
f 499/499/499 500/500/500 549/549/549
f 499/499/499 549/549/549 548/548/548
f 500/500/500 501/501/501 550/550/550
f 500/500/500 550/550/550 549/549/549
f 501/501/501 502/502/502 551/551/551
f 501/501/501 551/551/551 550/550/550
f 502/502/502 503/503/503 552/552/552
f 502/502/502 552/552/552 551/551/551
f 503/503/503 504/504/504 553/553/553
f 503/503/503 553/553/553 552/552/552
f 504/504/504 505/505/505 554/554/554
f 504/504/504 554/554/554 553/553/553
f 505/505/505 506/506/506 555/555/555
f 505/505/505 555/555/555 554/554/554
f 506/506/506 507/507/507 556/556/556
f 506/506/506 556/556/556 555/555/555
f 507/507/507 508/508/508 557/557/557
f 507/507/507 557/557/557 556/556/556
f 508/508/508 509/509/509 558/558/558
f 508/508/508 558/558/558 557/557/557
f 509/509/509 510/510/510 559/559/559
f 509/509/509 559/559/559 558/558/558
f 510/510/510 511/511/511 560/560/560
f 510/510/510 560/560/560 559/559/559
f 511/511/511 512/512/512 561/561/561
f 511/511/511 561/561/561 560/560/560
f 512/512/512 513/513/513 562/562/562
f 512/512/512 562/562/562 561/561/561
f 513/513/513 514/514/514 563/563/563
f 513/513/513 563/563/563 562/562/562
f 514/514/514 515/515/515 564/564/564
f 514/514/514 564/564/564 563/563/563
f 515/515/515 516/516/516 565/565/565
f 515/515/515 565/565/565 564/564/564
f 516/516/516 517/517/517 566/566/566
f 516/516/516 566/566/566 565/565/565
f 517/517/517 518/518/518 567/567/567
f 517/517/517 567/567/567 566/566/566
f 518/518/518 519/519/519 568/568/568
f 518/518/518 568/568/568 567/567/567
f 519/519/519 520/520/520 569/569/569
f 519/519/519 569/569/569 568/568/568
f 520/520/520 521/521/521 570/570/570
f 520/520/520 570/570/570 569/569/569
f 521/521/521 522/522/522 571/571/571
f 521/521/521 571/571/571 570/570/570
f 522/522/522 523/523/523 572/572/572
f 522/522/522 572/572/572 571/571/571
f 523/523/523 524/524/524 573/573/573
f 523/523/523 573/573/573 572/572/572
f 524/524/524 525/525/525 574/574/574
f 524/524/524 574/574/574 573/573/573
f 525/525/525 526/526/526 575/575/575
f 525/525/525 575/575/575 574/574/574
f 526/526/526 527/527/527 576/576/576
f 526/526/526 576/576/576 575/575/575
f 527/527/527 528/528/528 577/577/577
f 527/527/527 577/577/577 576/576/576
f 528/528/528 529/529/529 578/578/578
f 528/528/528 578/578/578 577/577/577
f 529/529/529 530/530/530 579/579/579
f 529/529/529 579/579/579 578/578/578
f 530/530/530 531/531/531 580/580/580
f 530/530/530 580/580/580 579/579/579
f 531/531/531 532/532/532 581/581/581
f 531/531/531 581/581/581 580/580/580
f 532/532/532 533/533/533 582/582/582
f 532/532/532 582/582/582 581/581/581
f 533/533/533 534/534/534 583/583/583
f 533/533/533 583/583/583 582/582/582
f 534/534/534 535/535/535 584/584/584
f 534/534/534 584/584/584 583/583/583
f 535/535/535 536/536/536 585/585/585
f 535/535/535 585/585/585 584/584/584
f 536/536/536 537/537/537 586/586/586
f 536/536/536 586/586/586 585/585/585
f 537/537/537 538/538/538 587/587/587
f 537/537/537 587/587/587 586/586/586
f 538/538/538 539/539/539 588/588/588
f 538/538/538 588/588/588 587/587/587
f 540/540/540 541/541/541 590/590/590
f 540/540/540 590/590/590 589/589/589
f 541/541/541 542/542/542 591/591/591
f 541/541/541 591/591/591 590/590/590
f 542/542/542 543/543/543 592/592/592
f 542/542/542 592/592/592 591/591/591
f 543/543/543 544/544/544 593/593/593
f 543/543/543 593/593/593 592/592/592
f 544/544/544 545/545/545 594/594/594
f 544/544/544 594/594/594 593/593/593
f 545/545/545 546/546/546 595/595/595
f 545/545/545 595/595/595 594/594/594
f 546/546/546 547/547/547 596/596/596
f 546/546/546 596/596/596 595/595/595
f 547/547/547 548/548/548 597/597/597
f 547/547/547 597/597/597 596/596/596
f 548/548/548 549/549/549 598/598/598
f 548/548/548 598/598/598 597/597/597
f 549/549/549 550/550/550 599/599/599
f 549/549/549 599/599/599 598/598/598
f 550/550/550 551/551/551 600/600/600
f 550/550/550 600/600/600 599/599/599
f 551/551/551 552/552/552 601/601/601
f 551/551/551 601/601/601 600/600/600
f 552/552/552 553/553/553 602/602/602
f 552/552/552 602/602/602 601/601/601
f 553/553/553 554/554/554 603/603/603
f 553/553/553 603/603/603 602/602/602
f 554/554/554 555/555/555 604/604/604
f 554/554/554 604/604/604 603/603/603
f 555/555/555 556/556/556 605/605/605
f 555/555/555 605/605/605 604/604/604
f 556/556/556 557/557/557 606/606/606
f 556/556/556 606/606/606 605/605/605
f 557/557/557 558/558/558 607/607/607
f 557/557/557 607/607/607 606/606/606
f 558/558/558 559/559/559 608/608/608
f 558/558/558 608/608/608 607/607/607
f 559/559/559 560/560/560 609/609/609
f 559/559/559 609/609/609 608/608/608
f 560/560/560 561/561/561 610/610/610
f 560/560/560 610/610/610 609/609/609
f 561/561/561 562/562/562 611/611/611
f 561/561/561 611/611/611 610/610/610
f 562/562/562 563/563/563 612/612/612
f 562/562/562 612/612/612 611/611/611
f 563/563/563 564/564/564 613/613/613
f 563/563/563 613/613/613 612/612/612
f 564/564/564 565/565/565 614/614/614
f 564/564/564 614/614/614 613/613/613
f 565/565/565 566/566/566 615/615/615
f 565/565/565 615/615/615 614/614/614
f 566/566/566 567/567/567 616/616/616
f 566/566/566 616/616/616 615/615/615
f 567/567/567 568/568/568 617/617/617
f 567/567/567 617/617/617 616/616/616
f 568/568/568 569/569/569 618/618/618
f 568/568/568 618/618/618 617/617/617
f 569/569/569 570/570/570 619/619/619
f 569/569/569 619/619/619 618/618/618
f 570/570/570 571/571/571 620/620/620
f 570/570/570 620/620/620 619/619/619
f 571/571/571 572/572/572 621/621/621
f 571/571/571 621/621/621 620/620/620
f 572/572/572 573/573/573 622/622/622
f 572/572/572 622/622/622 621/621/621
f 573/573/573 574/574/574 623/623/623
f 573/573/573 623/623/623 622/622/622
f 574/574/574 575/575/575 624/624/624
f 574/574/574 624/624/624 623/623/623
f 575/575/575 576/576/576 625/625/625
f 575/575/575 625/625/625 624/624/624
f 576/576/576 577/577/577 626/626/626
f 576/576/576 626/626/626 625/625/625
f 577/577/577 578/578/578 627/627/627
f 577/577/577 627/627/627 626/626/626
f 578/578/578 579/579/579 628/628/628
f 578/578/578 628/628/628 627/627/627
f 579/579/579 580/580/580 629/629/629
f 579/579/579 629/629/629 628/628/628
f 580/580/580 581/581/581 630/630/630
f 580/580/580 630/630/630 629/629/629
f 581/581/581 582/582/582 631/631/631
f 581/581/581 631/631/631 630/630/630
f 582/582/582 583/583/583 632/632/632
f 582/582/582 632/632/632 631/631/631
f 583/583/583 584/584/584 633/633/633
f 583/583/583 633/633/633 632/632/632
f 584/584/584 585/585/585 634/634/634
f 584/584/584 634/634/634 633/633/633
f 585/585/585 586/586/586 635/635/635
f 585/585/585 635/635/635 634/634/634
f 586/586/586 587/587/587 636/636/636
f 586/586/586 636/636/636 635/635/635
f 587/587/587 588/588/588 637/637/637
f 587/587/587 637/637/637 636/636/636
f 589/589/589 590/590/590 639/639/639
f 589/589/589 639/639/639 638/638/638
f 590/590/590 591/591/591 640/640/640
f 590/590/590 640/640/640 639/639/639
f 591/591/591 592/592/592 641/641/641
f 591/591/591 641/641/641 640/640/640
f 592/592/592 593/593/593 642/642/642
f 592/592/592 642/642/642 641/641/641
f 593/593/593 594/594/594 643/643/643
f 593/593/593 643/643/643 642/642/642
f 594/594/594 595/595/595 644/644/644
f 594/594/594 644/644/644 643/643/643
f 595/595/595 596/596/596 645/645/645
f 595/595/595 645/645/645 644/644/644
f 596/596/596 597/597/597 646/646/646
f 596/596/596 646/646/646 645/645/645
f 597/597/597 598/598/598 647/647/647
f 597/597/597 647/647/647 646/646/646
f 598/598/598 599/599/599 648/648/648
f 598/598/598 648/648/648 647/647/647
f 599/599/599 600/600/600 649/649/649
f 599/599/599 649/649/649 648/648/648
f 600/600/600 601/601/601 650/650/650
f 600/600/600 650/650/650 649/649/649
f 601/601/601 602/602/602 651/651/651
f 601/601/601 651/651/651 650/650/650
f 602/602/602 603/603/603 652/652/652
f 602/602/602 652/652/652 651/651/651
f 603/603/603 604/604/604 653/653/653
f 603/603/603 653/653/653 652/652/652
f 604/604/604 605/605/605 654/654/654
f 604/604/604 654/654/654 653/653/653
f 605/605/605 606/606/606 655/655/655
f 605/605/605 655/655/655 654/654/654
f 606/606/606 607/607/607 656/656/656
f 606/606/606 656/656/656 655/655/655
f 607/607/607 608/608/608 657/657/657
f 607/607/607 657/657/657 656/656/656
f 608/608/608 609/609/609 658/658/658
f 608/608/608 658/658/658 657/657/657
f 609/609/609 610/610/610 659/659/659
f 609/609/609 659/659/659 658/658/658
f 610/610/610 611/611/611 660/660/660
f 610/610/610 660/660/660 659/659/659
f 611/611/611 612/612/612 661/661/661
f 611/611/611 661/661/661 660/660/660
f 612/612/612 613/613/613 662/662/662
f 612/612/612 662/662/662 661/661/661
f 613/613/613 614/614/614 663/663/663
f 613/613/613 663/663/663 662/662/662
f 614/614/614 615/615/615 664/664/664
f 614/614/614 664/664/664 663/663/663
f 615/615/615 616/616/616 665/665/665
f 615/615/615 665/665/665 664/664/664
f 616/616/616 617/617/617 666/666/666
f 616/616/616 666/666/666 665/665/665
f 617/617/617 618/618/618 667/667/667
f 617/617/617 667/667/667 666/666/666
f 618/618/618 619/619/619 668/668/668
f 618/618/618 668/668/668 667/667/667
f 619/619/619 620/620/620 669/669/669
f 619/619/619 669/669/669 668/668/668
f 620/620/620 621/621/621 670/670/670
f 620/620/620 670/670/670 669/669/669
f 621/621/621 622/622/622 671/671/671
f 621/621/621 671/671/671 670/670/670
f 622/622/622 623/623/623 672/672/672
f 622/622/622 672/672/672 671/671/671
f 623/623/623 624/624/624 673/673/673
f 623/623/623 673/673/673 672/672/672
f 624/624/624 625/625/625 674/674/674
f 624/624/624 674/674/674 673/673/673
f 625/625/625 626/626/626 675/675/675
f 625/625/625 675/675/675 674/674/674
f 626/626/626 627/627/627 676/676/676
f 626/626/626 676/676/676 675/675/675
f 627/627/627 628/628/628 677/677/677
f 627/627/627 677/677/677 676/676/676
f 628/628/628 629/629/629 678/678/678
f 628/628/628 678/678/678 677/677/677
f 629/629/629 630/630/630 679/679/679
f 629/629/629 679/679/679 678/678/678
f 630/630/630 631/631/631 680/680/680
f 630/630/630 680/680/680 679/679/679
f 631/631/631 632/632/632 681/681/681
f 631/631/631 681/681/681 680/680/680
f 632/632/632 633/633/633 682/682/682
f 632/632/632 682/682/682 681/681/681
f 633/633/633 634/634/634 683/683/683
f 633/633/633 683/683/683 682/682/682
f 634/634/634 635/635/635 684/684/684
f 634/634/634 684/684/684 683/683/683
f 635/635/635 636/636/636 685/685/685
f 635/635/635 685/685/685 684/684/684
f 636/636/636 637/637/637 686/686/686
f 636/636/636 686/686/686 685/685/685
f 638/638/638 639/639/639 688/688/688
f 638/638/638 688/688/688 687/687/687
f 639/639/639 640/640/640 689/689/689
f 639/639/639 689/689/689 688/688/688
f 640/640/640 641/641/641 690/690/690
f 640/640/640 690/690/690 689/689/689
f 641/641/641 642/642/642 691/691/691
f 641/641/641 691/691/691 690/690/690
f 642/642/642 643/643/643 692/692/692
f 642/642/642 692/692/692 691/691/691
f 643/643/643 644/644/644 693/693/693
f 643/643/643 693/693/693 692/692/692
f 644/644/644 645/645/645 694/694/694
f 644/644/644 694/694/694 693/693/693
f 645/645/645 646/646/646 695/695/695
f 645/645/645 695/695/695 694/694/694
f 646/646/646 647/647/647 696/696/696
f 646/646/646 696/696/696 695/695/695
f 647/647/647 648/648/648 697/697/697
f 647/647/647 697/697/697 696/696/696
f 648/648/648 649/649/649 698/698/698
f 648/648/648 698/698/698 697/697/697
f 649/649/649 650/650/650 699/699/699
f 649/649/649 699/699/699 698/698/698
f 650/650/650 651/651/651 700/700/700
f 650/650/650 700/700/700 699/699/699
f 651/651/651 652/652/652 701/701/701
f 651/651/651 701/701/701 700/700/700
f 652/652/652 653/653/653 702/702/702
f 652/652/652 702/702/702 701/701/701
f 653/653/653 654/654/654 703/703/703
f 653/653/653 703/703/703 702/702/702
f 654/654/654 655/655/655 704/704/704
f 654/654/654 704/704/704 703/703/703
f 655/655/655 656/656/656 705/705/705
f 655/655/655 705/705/705 704/704/704
f 656/656/656 657/657/657 706/706/706
f 656/656/656 706/706/706 705/705/705
f 657/657/657 658/658/658 707/707/707
f 657/657/657 707/707/707 706/706/706
f 658/658/658 659/659/659 708/708/708
f 658/658/658 708/708/708 707/707/707
f 659/659/659 660/660/660 709/709/709
f 659/659/659 709/709/709 708/708/708
f 660/660/660 661/661/661 710/710/710
f 660/660/660 710/710/710 709/709/709
f 661/661/661 662/662/662 711/711/711
f 661/661/661 711/711/711 710/710/710
f 662/662/662 663/663/663 712/712/712
f 662/662/662 712/712/712 711/711/711
f 663/663/663 664/664/664 713/713/713
f 663/663/663 713/713/713 712/712/712
f 664/664/664 665/665/665 714/714/714
f 664/664/664 714/714/714 713/713/713
f 665/665/665 666/666/666 715/715/715
f 665/665/665 715/715/715 714/714/714
f 666/666/666 667/667/667 716/716/716
f 666/666/666 716/716/716 715/715/715
f 667/667/667 668/668/668 717/717/717
f 667/667/667 717/717/717 716/716/716
f 668/668/668 669/669/669 718/718/718
f 668/668/668 718/718/718 717/717/717
f 669/669/669 670/670/670 719/719/719
f 669/669/669 719/719/719 718/718/718
f 670/670/670 671/671/671 720/720/720
f 670/670/670 720/720/720 719/719/719
f 671/671/671 672/672/672 721/721/721
f 671/671/671 721/721/721 720/720/720
f 672/672/672 673/673/673 722/722/722
f 672/672/672 722/722/722 721/721/721
f 673/673/673 674/674/674 723/723/723
f 673/673/673 723/723/723 722/722/722
f 674/674/674 675/675/675 724/724/724
f 674/674/674 724/724/724 723/723/723
f 675/675/675 676/676/676 725/725/725
f 675/675/675 725/725/725 724/724/724
f 676/676/676 677/677/677 726/726/726
f 676/676/676 726/726/726 725/725/725
f 677/677/677 678/678/678 727/727/727
f 677/677/677 727/727/727 726/726/726
f 678/678/678 679/679/679 728/728/728
f 678/678/678 728/728/728 727/727/727
f 679/679/679 680/680/680 729/729/729
f 679/679/679 729/729/729 728/728/728
f 680/680/680 681/681/681 730/730/730
f 680/680/680 730/730/730 729/729/729
f 681/681/681 682/682/682 731/731/731
f 681/681/681 731/731/731 730/730/730
f 682/682/682 683/683/683 732/732/732
f 682/682/682 732/732/732 731/731/731
f 683/683/683 684/684/684 733/733/733
f 683/683/683 733/733/733 732/732/732
f 684/684/684 685/685/685 734/734/734
f 684/684/684 734/734/734 733/733/733
f 685/685/685 686/686/686 735/735/735
f 685/685/685 735/735/735 734/734/734
f 687/687/687 688/688/688 737/737/737
f 687/687/687 737/737/737 736/736/736
f 688/688/688 689/689/689 738/738/738
f 688/688/688 738/738/738 737/737/737
f 689/689/689 690/690/690 739/739/739
f 689/689/689 739/739/739 738/738/738
f 690/690/690 691/691/691 740/740/740
f 690/690/690 740/740/740 739/739/739
f 691/691/691 692/692/692 741/741/741
f 691/691/691 741/741/741 740/740/740
f 692/692/692 693/693/693 742/742/742
f 692/692/692 742/742/742 741/741/741
f 693/693/693 694/694/694 743/743/743
f 693/693/693 743/743/743 742/742/742
f 694/694/694 695/695/695 744/744/744
f 694/694/694 744/744/744 743/743/743
f 695/695/695 696/696/696 745/745/745
f 695/695/695 745/745/745 744/744/744
f 696/696/696 697/697/697 746/746/746
f 696/696/696 746/746/746 745/745/745
f 697/697/697 698/698/698 747/747/747
f 697/697/697 747/747/747 746/746/746
f 698/698/698 699/699/699 748/748/748
f 698/698/698 748/748/748 747/747/747
f 699/699/699 700/700/700 749/749/749
f 699/699/699 749/749/749 748/748/748
f 700/700/700 701/701/701 750/750/750
f 700/700/700 750/750/750 749/749/749
f 701/701/701 702/702/702 751/751/751
f 701/701/701 751/751/751 750/750/750
f 702/702/702 703/703/703 752/752/752
f 702/702/702 752/752/752 751/751/751
f 703/703/703 704/704/704 753/753/753
f 703/703/703 753/753/753 752/752/752
f 704/704/704 705/705/705 754/754/754
f 704/704/704 754/754/754 753/753/753
f 705/705/705 706/706/706 755/755/755
f 705/705/705 755/755/755 754/754/754
f 706/706/706 707/707/707 756/756/756
f 706/706/706 756/756/756 755/755/755
f 707/707/707 708/708/708 757/757/757
f 707/707/707 757/757/757 756/756/756
f 708/708/708 709/709/709 758/758/758
f 708/708/708 758/758/758 757/757/757
f 709/709/709 710/710/710 759/759/759
f 709/709/709 759/759/759 758/758/758
f 710/710/710 711/711/711 760/760/760
f 710/710/710 760/760/760 759/759/759
f 711/711/711 712/712/712 761/761/761
f 711/711/711 761/761/761 760/760/760
f 712/712/712 713/713/713 762/762/762
f 712/712/712 762/762/762 761/761/761
f 713/713/713 714/714/714 763/763/763
f 713/713/713 763/763/763 762/762/762
f 714/714/714 715/715/715 764/764/764
f 714/714/714 764/764/764 763/763/763
f 715/715/715 716/716/716 765/765/765
f 715/715/715 765/765/765 764/764/764
f 716/716/716 717/717/717 766/766/766
f 716/716/716 766/766/766 765/765/765
f 717/717/717 718/718/718 767/767/767
f 717/717/717 767/767/767 766/766/766
f 718/718/718 719/719/719 768/768/768
f 718/718/718 768/768/768 767/767/767
f 719/719/719 720/720/720 769/769/769
f 719/719/719 769/769/769 768/768/768
f 720/720/720 721/721/721 770/770/770
f 720/720/720 770/770/770 769/769/769
f 721/721/721 722/722/722 771/771/771
f 721/721/721 771/771/771 770/770/770
f 722/722/722 723/723/723 772/772/772
f 722/722/722 772/772/772 771/771/771
f 723/723/723 724/724/724 773/773/773
f 723/723/723 773/773/773 772/772/772
f 724/724/724 725/725/725 774/774/774
f 724/724/724 774/774/774 773/773/773
f 725/725/725 726/726/726 775/775/775
f 725/725/725 775/775/775 774/774/774
f 726/726/726 727/727/727 776/776/776
f 726/726/726 776/776/776 775/775/775
f 727/727/727 728/728/728 777/777/777
f 727/727/727 777/777/777 776/776/776
f 728/728/728 729/729/729 778/778/778
f 728/728/728 778/778/778 777/777/777
f 729/729/729 730/730/730 779/779/779
f 729/729/729 779/779/779 778/778/778
f 730/730/730 731/731/731 780/780/780
f 730/730/730 780/780/780 779/779/779
f 731/731/731 732/732/732 781/781/781
f 731/731/731 781/781/781 780/780/780
f 732/732/732 733/733/733 782/782/782
f 732/732/732 782/782/782 781/781/781
f 733/733/733 734/734/734 783/783/783
f 733/733/733 783/783/783 782/782/782
f 734/734/734 735/735/735 784/784/784
f 734/734/734 784/784/784 783/783/783
f 736/736/736 737/737/737 786/786/786
f 736/736/736 786/786/786 785/785/785
f 737/737/737 738/738/738 787/787/787
f 737/737/737 787/787/787 786/786/786
f 738/738/738 739/739/739 788/788/788
f 738/738/738 788/788/788 787/787/787
f 739/739/739 740/740/740 789/789/789
f 739/739/739 789/789/789 788/788/788
f 740/740/740 741/741/741 790/790/790
f 740/740/740 790/790/790 789/789/789
f 741/741/741 742/742/742 791/791/791
f 741/741/741 791/791/791 790/790/790
f 742/742/742 743/743/743 792/792/792
f 742/742/742 792/792/792 791/791/791
f 743/743/743 744/744/744 793/793/793
f 743/743/743 793/793/793 792/792/792
f 744/744/744 745/745/745 794/794/794
f 744/744/744 794/794/794 793/793/793
f 745/745/745 746/746/746 795/795/795
f 745/745/745 795/795/795 794/794/794
f 746/746/746 747/747/747 796/796/796
f 746/746/746 796/796/796 795/795/795
f 747/747/747 748/748/748 797/797/797
f 747/747/747 797/797/797 796/796/796
f 748/748/748 749/749/749 798/798/798
f 748/748/748 798/798/798 797/797/797
f 749/749/749 750/750/750 799/799/799
f 749/749/749 799/799/799 798/798/798
f 750/750/750 751/751/751 800/800/800
f 750/750/750 800/800/800 799/799/799
f 751/751/751 752/752/752 801/801/801
f 751/751/751 801/801/801 800/800/800
f 752/752/752 753/753/753 802/802/802
f 752/752/752 802/802/802 801/801/801
f 753/753/753 754/754/754 803/803/803
f 753/753/753 803/803/803 802/802/802
f 754/754/754 755/755/755 804/804/804
f 754/754/754 804/804/804 803/803/803
f 755/755/755 756/756/756 805/805/805
f 755/755/755 805/805/805 804/804/804
f 756/756/756 757/757/757 806/806/806
f 756/756/756 806/806/806 805/805/805
f 757/757/757 758/758/758 807/807/807
f 757/757/757 807/807/807 806/806/806
f 758/758/758 759/759/759 808/808/808
f 758/758/758 808/808/808 807/807/807
f 759/759/759 760/760/760 809/809/809
f 759/759/759 809/809/809 808/808/808
f 760/760/760 761/761/761 810/810/810
f 760/760/760 810/810/810 809/809/809
f 761/761/761 762/762/762 811/811/811
f 761/761/761 811/811/811 810/810/810
f 762/762/762 763/763/763 812/812/812
f 762/762/762 812/812/812 811/811/811
f 763/763/763 764/764/764 813/813/813
f 763/763/763 813/813/813 812/812/812
f 764/764/764 765/765/765 814/814/814
f 764/764/764 814/814/814 813/813/813
f 765/765/765 766/766/766 815/815/815
f 765/765/765 815/815/815 814/814/814
f 766/766/766 767/767/767 816/816/816
f 766/766/766 816/816/816 815/815/815
f 767/767/767 768/768/768 817/817/817
f 767/767/767 817/817/817 816/816/816
f 768/768/768 769/769/769 818/818/818
f 768/768/768 818/818/818 817/817/817
f 769/769/769 770/770/770 819/819/819
f 769/769/769 819/819/819 818/818/818
f 770/770/770 771/771/771 820/820/820
f 770/770/770 820/820/820 819/819/819
f 771/771/771 772/772/772 821/821/821
f 771/771/771 821/821/821 820/820/820
f 772/772/772 773/773/773 822/822/822
f 772/772/772 822/822/822 821/821/821
f 773/773/773 774/774/774 823/823/823
f 773/773/773 823/823/823 822/822/822
f 774/774/774 775/775/775 824/824/824
f 774/774/774 824/824/824 823/823/823
f 775/775/775 776/776/776 825/825/825
f 775/775/775 825/825/825 824/824/824
f 776/776/776 777/777/777 826/826/826
f 776/776/776 826/826/826 825/825/825
f 777/777/777 778/778/778 827/827/827
f 777/777/777 827/827/827 826/826/826
f 778/778/778 779/779/779 828/828/828
f 778/778/778 828/828/828 827/827/827
f 779/779/779 780/780/780 829/829/829
f 779/779/779 829/829/829 828/828/828
f 780/780/780 781/781/781 830/830/830
f 780/780/780 830/830/830 829/829/829
f 781/781/781 782/782/782 831/831/831
f 781/781/781 831/831/831 830/830/830
f 782/782/782 783/783/783 832/832/832
f 782/782/782 832/832/832 831/831/831
f 783/783/783 784/784/784 833/833/833
f 783/783/783 833/833/833 832/832/832
f 785/785/785 786/786/786 835/835/835
f 785/785/785 835/835/835 834/834/834
f 786/786/786 787/787/787 836/836/836
f 786/786/786 836/836/836 835/835/835
f 787/787/787 788/788/788 837/837/837
f 787/787/787 837/837/837 836/836/836
f 788/788/788 789/789/789 838/838/838
f 788/788/788 838/838/838 837/837/837
f 789/789/789 790/790/790 839/839/839
f 789/789/789 839/839/839 838/838/838
f 790/790/790 791/791/791 840/840/840
f 790/790/790 840/840/840 839/839/839
f 791/791/791 792/792/792 841/841/841
f 791/791/791 841/841/841 840/840/840
f 792/792/792 793/793/793 842/842/842
f 792/792/792 842/842/842 841/841/841
f 793/793/793 794/794/794 843/843/843
f 793/793/793 843/843/843 842/842/842
f 794/794/794 795/795/795 844/844/844
f 794/794/794 844/844/844 843/843/843
f 795/795/795 796/796/796 845/845/845
f 795/795/795 845/845/845 844/844/844
f 796/796/796 797/797/797 846/846/846
f 796/796/796 846/846/846 845/845/845
f 797/797/797 798/798/798 847/847/847
f 797/797/797 847/847/847 846/846/846
f 798/798/798 799/799/799 848/848/848
f 798/798/798 848/848/848 847/847/847
f 799/799/799 800/800/800 849/849/849
f 799/799/799 849/849/849 848/848/848
f 800/800/800 801/801/801 850/850/850
f 800/800/800 850/850/850 849/849/849
f 801/801/801 802/802/802 851/851/851
f 801/801/801 851/851/851 850/850/850
f 802/802/802 803/803/803 852/852/852
f 802/802/802 852/852/852 851/851/851
f 803/803/803 804/804/804 853/853/853
f 803/803/803 853/853/853 852/852/852
f 804/804/804 805/805/805 854/854/854
f 804/804/804 854/854/854 853/853/853
f 805/805/805 806/806/806 855/855/855
f 805/805/805 855/855/855 854/854/854
f 806/806/806 807/807/807 856/856/856
f 806/806/806 856/856/856 855/855/855
f 807/807/807 808/808/808 857/857/857
f 807/807/807 857/857/857 856/856/856
f 808/808/808 809/809/809 858/858/858
f 808/808/808 858/858/858 857/857/857
f 809/809/809 810/810/810 859/859/859
f 809/809/809 859/859/859 858/858/858
f 810/810/810 811/811/811 860/860/860
f 810/810/810 860/860/860 859/859/859
f 811/811/811 812/812/812 861/861/861
f 811/811/811 861/861/861 860/860/860
f 812/812/812 813/813/813 862/862/862
f 812/812/812 862/862/862 861/861/861
f 813/813/813 814/814/814 863/863/863
f 813/813/813 863/863/863 862/862/862
f 814/814/814 815/815/815 864/864/864
f 814/814/814 864/864/864 863/863/863
f 815/815/815 816/816/816 865/865/865
f 815/815/815 865/865/865 864/864/864
f 816/816/816 817/817/817 866/866/866
f 816/816/816 866/866/866 865/865/865
f 817/817/817 818/818/818 867/867/867
f 817/817/817 867/867/867 866/866/866
f 818/818/818 819/819/819 868/868/868
f 818/818/818 868/868/868 867/867/867
f 819/819/819 820/820/820 869/869/869
f 819/819/819 869/869/869 868/868/868
f 820/820/820 821/821/821 870/870/870
f 820/820/820 870/870/870 869/869/869
f 821/821/821 822/822/822 871/871/871
f 821/821/821 871/871/871 870/870/870
f 822/822/822 823/823/823 872/872/872
f 822/822/822 872/872/872 871/871/871
f 823/823/823 824/824/824 873/873/873
f 823/823/823 873/873/873 872/872/872
f 824/824/824 825/825/825 874/874/874
f 824/824/824 874/874/874 873/873/873
f 825/825/825 826/826/826 875/875/875
f 825/825/825 875/875/875 874/874/874
f 826/826/826 827/827/827 876/876/876
f 826/826/826 876/876/876 875/875/875
f 827/827/827 828/828/828 877/877/877
f 827/827/827 877/877/877 876/876/876
f 828/828/828 829/829/829 878/878/878
f 828/828/828 878/878/878 877/877/877
f 829/829/829 830/830/830 879/879/879
f 829/829/829 879/879/879 878/878/878
f 830/830/830 831/831/831 880/880/880
f 830/830/830 880/880/880 879/879/879
f 831/831/831 832/832/832 881/881/881
f 831/831/831 881/881/881 880/880/880
f 832/832/832 833/833/833 882/882/882
f 832/832/832 882/882/882 881/881/881
f 834/834/834 835/835/835 884/884/884
f 834/834/834 884/884/884 883/883/883
f 835/835/835 836/836/836 885/885/885
f 835/835/835 885/885/885 884/884/884
f 836/836/836 837/837/837 886/886/886
f 836/836/836 886/886/886 885/885/885
f 837/837/837 838/838/838 887/887/887
f 837/837/837 887/887/887 886/886/886
f 838/838/838 839/839/839 888/888/888
f 838/838/838 888/888/888 887/887/887
f 839/839/839 840/840/840 889/889/889
f 839/839/839 889/889/889 888/888/888
f 840/840/840 841/841/841 890/890/890
f 840/840/840 890/890/890 889/889/889
f 841/841/841 842/842/842 891/891/891
f 841/841/841 891/891/891 890/890/890
f 842/842/842 843/843/843 892/892/892
f 842/842/842 892/892/892 891/891/891
f 843/843/843 844/844/844 893/893/893
f 843/843/843 893/893/893 892/892/892
f 844/844/844 845/845/845 894/894/894
f 844/844/844 894/894/894 893/893/893
f 845/845/845 846/846/846 895/895/895
f 845/845/845 895/895/895 894/894/894
f 846/846/846 847/847/847 896/896/896
f 846/846/846 896/896/896 895/895/895
f 847/847/847 848/848/848 897/897/897
f 847/847/847 897/897/897 896/896/896
f 848/848/848 849/849/849 898/898/898
f 848/848/848 898/898/898 897/897/897
f 849/849/849 850/850/850 899/899/899
f 849/849/849 899/899/899 898/898/898
f 850/850/850 851/851/851 900/900/900
f 850/850/850 900/900/900 899/899/899
f 851/851/851 852/852/852 901/901/901
f 851/851/851 901/901/901 900/900/900
f 852/852/852 853/853/853 902/902/902
f 852/852/852 902/902/902 901/901/901
f 853/853/853 854/854/854 903/903/903
f 853/853/853 903/903/903 902/902/902
f 854/854/854 855/855/855 904/904/904
f 854/854/854 904/904/904 903/903/903
f 855/855/855 856/856/856 905/905/905
f 855/855/855 905/905/905 904/904/904
f 856/856/856 857/857/857 906/906/906
f 856/856/856 906/906/906 905/905/905
f 857/857/857 858/858/858 907/907/907
f 857/857/857 907/907/907 906/906/906
f 858/858/858 859/859/859 908/908/908
f 858/858/858 908/908/908 907/907/907
f 859/859/859 860/860/860 909/909/909
f 859/859/859 909/909/909 908/908/908
f 860/860/860 861/861/861 910/910/910
f 860/860/860 910/910/910 909/909/909
f 861/861/861 862/862/862 911/911/911
f 861/861/861 911/911/911 910/910/910
f 862/862/862 863/863/863 912/912/912
f 862/862/862 912/912/912 911/911/911
f 863/863/863 864/864/864 913/913/913
f 863/863/863 913/913/913 912/912/912
f 864/864/864 865/865/865 914/914/914
f 864/864/864 914/914/914 913/913/913
f 865/865/865 866/866/866 915/915/915
f 865/865/865 915/915/915 914/914/914
f 866/866/866 867/867/867 916/916/916
f 866/866/866 916/916/916 915/915/915
f 867/867/867 868/868/868 917/917/917
f 867/867/867 917/917/917 916/916/916
f 868/868/868 869/869/869 918/918/918
f 868/868/868 918/918/918 917/917/917
f 869/869/869 870/870/870 919/919/919
f 869/869/869 919/919/919 918/918/918
f 870/870/870 871/871/871 920/920/920
f 870/870/870 920/920/920 919/919/919
f 871/871/871 872/872/872 921/921/921
f 871/871/871 921/921/921 920/920/920
f 872/872/872 873/873/873 922/922/922
f 872/872/872 922/922/922 921/921/921
f 873/873/873 874/874/874 923/923/923
f 873/873/873 923/923/923 922/922/922
f 874/874/874 875/875/875 924/924/924
f 874/874/874 924/924/924 923/923/923
f 875/875/875 876/876/876 925/925/925
f 875/875/875 925/925/925 924/924/924
f 876/876/876 877/877/877 926/926/926
f 876/876/876 926/926/926 925/925/925
f 877/877/877 878/878/878 927/927/927
f 877/877/877 927/927/927 926/926/926
f 878/878/878 879/879/879 928/928/928
f 878/878/878 928/928/928 927/927/927
f 879/879/879 880/880/880 929/929/929
f 879/879/879 929/929/929 928/928/928
f 880/880/880 881/881/881 930/930/930
f 880/880/880 930/930/930 929/929/929
f 881/881/881 882/882/882 931/931/931
f 881/881/881 931/931/931 930/930/930
f 883/883/883 884/884/884 933/933/933
f 883/883/883 933/933/933 932/932/932
f 884/884/884 885/885/885 934/934/934
f 884/884/884 934/934/934 933/933/933
f 885/885/885 886/886/886 935/935/935
f 885/885/885 935/935/935 934/934/934
f 886/886/886 887/887/887 936/936/936
f 886/886/886 936/936/936 935/935/935
f 887/887/887 888/888/888 937/937/937
f 887/887/887 937/937/937 936/936/936
f 888/888/888 889/889/889 938/938/938
f 888/888/888 938/938/938 937/937/937
f 889/889/889 890/890/890 939/939/939
f 889/889/889 939/939/939 938/938/938
f 890/890/890 891/891/891 940/940/940
f 890/890/890 940/940/940 939/939/939
f 891/891/891 892/892/892 941/941/941
f 891/891/891 941/941/941 940/940/940
f 892/892/892 893/893/893 942/942/942
f 892/892/892 942/942/942 941/941/941
f 893/893/893 894/894/894 943/943/943
f 893/893/893 943/943/943 942/942/942
f 894/894/894 895/895/895 944/944/944
f 894/894/894 944/944/944 943/943/943
f 895/895/895 896/896/896 945/945/945
f 895/895/895 945/945/945 944/944/944
f 896/896/896 897/897/897 946/946/946
f 896/896/896 946/946/946 945/945/945
f 897/897/897 898/898/898 947/947/947
f 897/897/897 947/947/947 946/946/946
f 898/898/898 899/899/899 948/948/948
f 898/898/898 948/948/948 947/947/947
f 899/899/899 900/900/900 949/949/949
f 899/899/899 949/949/949 948/948/948
f 900/900/900 901/901/901 950/950/950
f 900/900/900 950/950/950 949/949/949
f 901/901/901 902/902/902 951/951/951
f 901/901/901 951/951/951 950/950/950
f 902/902/902 903/903/903 952/952/952
f 902/902/902 952/952/952 951/951/951
f 903/903/903 904/904/904 953/953/953
f 903/903/903 953/953/953 952/952/952
f 904/904/904 905/905/905 954/954/954
f 904/904/904 954/954/954 953/953/953
f 905/905/905 906/906/906 955/955/955
f 905/905/905 955/955/955 954/954/954
f 906/906/906 907/907/907 956/956/956
f 906/906/906 956/956/956 955/955/955
f 907/907/907 908/908/908 957/957/957
f 907/907/907 957/957/957 956/956/956
f 908/908/908 909/909/909 958/958/958
f 908/908/908 958/958/958 957/957/957
f 909/909/909 910/910/910 959/959/959
f 909/909/909 959/959/959 958/958/958
f 910/910/910 911/911/911 960/960/960
f 910/910/910 960/960/960 959/959/959
f 911/911/911 912/912/912 961/961/961
f 911/911/911 961/961/961 960/960/960
f 912/912/912 913/913/913 962/962/962
f 912/912/912 962/962/962 961/961/961
f 913/913/913 914/914/914 963/963/963
f 913/913/913 963/963/963 962/962/962
f 914/914/914 915/915/915 964/964/964
f 914/914/914 964/964/964 963/963/963
f 915/915/915 916/916/916 965/965/965
f 915/915/915 965/965/965 964/964/964
f 916/916/916 917/917/917 966/966/966
f 916/916/916 966/966/966 965/965/965
f 917/917/917 918/918/918 967/967/967
f 917/917/917 967/967/967 966/966/966
f 918/918/918 919/919/919 968/968/968
f 918/918/918 968/968/968 967/967/967
f 919/919/919 920/920/920 969/969/969
f 919/919/919 969/969/969 968/968/968
f 920/920/920 921/921/921 970/970/970
f 920/920/920 970/970/970 969/969/969
f 921/921/921 922/922/922 971/971/971
f 921/921/921 971/971/971 970/970/970
f 922/922/922 923/923/923 972/972/972
f 922/922/922 972/972/972 971/971/971
f 923/923/923 924/924/924 973/973/973
f 923/923/923 973/973/973 972/972/972
f 924/924/924 925/925/925 974/974/974
f 924/924/924 974/974/974 973/973/973
f 925/925/925 926/926/926 975/975/975
f 925/925/925 975/975/975 974/974/974
f 926/926/926 927/927/927 976/976/976
f 926/926/926 976/976/976 975/975/975
f 927/927/927 928/928/928 977/977/977
f 927/927/927 977/977/977 976/976/976
f 928/928/928 929/929/929 978/978/978
f 928/928/928 978/978/978 977/977/977
f 929/929/929 930/930/930 979/979/979
f 929/929/929 979/979/979 978/978/978
f 930/930/930 931/931/931 980/980/980
f 930/930/930 980/980/980 979/979/979
f 932/932/932 933/933/933 982/982/982
f 932/932/932 982/982/982 981/981/981
f 933/933/933 934/934/934 983/983/983
f 933/933/933 983/983/983 982/982/982
f 934/934/934 935/935/935 984/984/984
f 934/934/934 984/984/984 983/983/983
f 935/935/935 936/936/936 985/985/985
f 935/935/935 985/985/985 984/984/984
f 936/936/936 937/937/937 986/986/986
f 936/936/936 986/986/986 985/985/985
f 937/937/937 938/938/938 987/987/987
f 937/937/937 987/987/987 986/986/986
f 938/938/938 939/939/939 988/988/988
f 938/938/938 988/988/988 987/987/987
f 939/939/939 940/940/940 989/989/989
f 939/939/939 989/989/989 988/988/988
f 940/940/940 941/941/941 990/990/990
f 940/940/940 990/990/990 989/989/989
f 941/941/941 942/942/942 991/991/991
f 941/941/941 991/991/991 990/990/990
f 942/942/942 943/943/943 992/992/992
f 942/942/942 992/992/992 991/991/991
f 943/943/943 944/944/944 993/993/993
f 943/943/943 993/993/993 992/992/992
f 944/944/944 945/945/945 994/994/994
f 944/944/944 994/994/994 993/993/993
f 945/945/945 946/946/946 995/995/995
f 945/945/945 995/995/995 994/994/994
f 946/946/946 947/947/947 996/996/996
f 946/946/946 996/996/996 995/995/995
f 947/947/947 948/948/948 997/997/997
f 947/947/947 997/997/997 996/996/996
f 948/948/948 949/949/949 998/998/998
f 948/948/948 998/998/998 997/997/997
f 949/949/949 950/950/950 999/999/999
f 949/949/949 999/999/999 998/998/998
f 950/950/950 951/951/951 1000/1000/1000
f 950/950/950 1000/1000/1000 999/999/999
f 951/951/951 952/952/952 1001/1001/1001
f 951/951/951 1001/1001/1001 1000/1000/1000
f 952/952/952 953/953/953 1002/1002/1002
f 952/952/952 1002/1002/1002 1001/1001/1001
f 953/953/953 954/954/954 1003/1003/1003
f 953/953/953 1003/1003/1003 1002/1002/1002
f 954/954/954 955/955/955 1004/1004/1004
f 954/954/954 1004/1004/1004 1003/1003/1003
f 955/955/955 956/956/956 1005/1005/1005
f 955/955/955 1005/1005/1005 1004/1004/1004
f 956/956/956 957/957/957 1006/1006/1006
f 956/956/956 1006/1006/1006 1005/1005/1005
f 957/957/957 958/958/958 1007/1007/1007
f 957/957/957 1007/1007/1007 1006/1006/1006
f 958/958/958 959/959/959 1008/1008/1008
f 958/958/958 1008/1008/1008 1007/1007/1007
f 959/959/959 960/960/960 1009/1009/1009
f 959/959/959 1009/1009/1009 1008/1008/1008
f 960/960/960 961/961/961 1010/1010/1010
f 960/960/960 1010/1010/1010 1009/1009/1009
f 961/961/961 962/962/962 1011/1011/1011
f 961/961/961 1011/1011/1011 1010/1010/1010
f 962/962/962 963/963/963 1012/1012/1012
f 962/962/962 1012/1012/1012 1011/1011/1011
f 963/963/963 964/964/964 1013/1013/1013
f 963/963/963 1013/1013/1013 1012/1012/1012
f 964/964/964 965/965/965 1014/1014/1014
f 964/964/964 1014/1014/1014 1013/1013/1013
f 965/965/965 966/966/966 1015/1015/1015
f 965/965/965 1015/1015/1015 1014/1014/1014
f 966/966/966 967/967/967 1016/1016/1016
f 966/966/966 1016/1016/1016 1015/1015/1015
f 967/967/967 968/968/968 1017/1017/1017
f 967/967/967 1017/1017/1017 1016/1016/1016
f 968/968/968 969/969/969 1018/1018/1018
f 968/968/968 1018/1018/1018 1017/1017/1017
f 969/969/969 970/970/970 1019/1019/1019
f 969/969/969 1019/1019/1019 1018/1018/1018
f 970/970/970 971/971/971 1020/1020/1020
f 970/970/970 1020/1020/1020 1019/1019/1019
f 971/971/971 972/972/972 1021/1021/1021
f 971/971/971 1021/1021/1021 1020/1020/1020
f 972/972/972 973/973/973 1022/1022/1022
f 972/972/972 1022/1022/1022 1021/1021/1021
f 973/973/973 974/974/974 1023/1023/1023
f 973/973/973 1023/1023/1023 1022/1022/1022
f 974/974/974 975/975/975 1024/1024/1024
f 974/974/974 1024/1024/1024 1023/1023/1023
f 975/975/975 976/976/976 1025/1025/1025
f 975/975/975 1025/1025/1025 1024/1024/1024
f 976/976/976 977/977/977 1026/1026/1026
f 976/976/976 1026/1026/1026 1025/1025/1025
f 977/977/977 978/978/978 1027/1027/1027
f 977/977/977 1027/1027/1027 1026/1026/1026
f 978/978/978 979/979/979 1028/1028/1028
f 978/978/978 1028/1028/1028 1027/1027/1027
f 979/979/979 980/980/980 1029/1029/1029
f 979/979/979 1029/1029/1029 1028/1028/1028
f 981/981/981 982/982/982 1031/1031/1031
f 981/981/981 1031/1031/1031 1030/1030/1030
f 982/982/982 983/983/983 1032/1032/1032
f 982/982/982 1032/1032/1032 1031/1031/1031
f 983/983/983 984/984/984 1033/1033/1033
f 983/983/983 1033/1033/1033 1032/1032/1032
f 984/984/984 985/985/985 1034/1034/1034
f 984/984/984 1034/1034/1034 1033/1033/1033
f 985/985/985 986/986/986 1035/1035/1035
f 985/985/985 1035/1035/1035 1034/1034/1034
f 986/986/986 987/987/987 1036/1036/1036
f 986/986/986 1036/1036/1036 1035/1035/1035
f 987/987/987 988/988/988 1037/1037/1037
f 987/987/987 1037/1037/1037 1036/1036/1036
f 988/988/988 989/989/989 1038/1038/1038
f 988/988/988 1038/1038/1038 1037/1037/1037
f 989/989/989 990/990/990 1039/1039/1039
f 989/989/989 1039/1039/1039 1038/1038/1038
f 990/990/990 991/991/991 1040/1040/1040
f 990/990/990 1040/1040/1040 1039/1039/1039
f 991/991/991 992/992/992 1041/1041/1041
f 991/991/991 1041/1041/1041 1040/1040/1040
f 992/992/992 993/993/993 1042/1042/1042
f 992/992/992 1042/1042/1042 1041/1041/1041
f 993/993/993 994/994/994 1043/1043/1043
f 993/993/993 1043/1043/1043 1042/1042/1042
f 994/994/994 995/995/995 1044/1044/1044
f 994/994/994 1044/1044/1044 1043/1043/1043
f 995/995/995 996/996/996 1045/1045/1045
f 995/995/995 1045/1045/1045 1044/1044/1044
f 996/996/996 997/997/997 1046/1046/1046
f 996/996/996 1046/1046/1046 1045/1045/1045
f 997/997/997 998/998/998 1047/1047/1047
f 997/997/997 1047/1047/1047 1046/1046/1046
f 998/998/998 999/999/999 1048/1048/1048
f 998/998/998 1048/1048/1048 1047/1047/1047
f 999/999/999 1000/1000/1000 1049/1049/1049
f 999/999/999 1049/1049/1049 1048/1048/1048
f 1000/1000/1000 1001/1001/1001 1050/1050/1050
f 1000/1000/1000 1050/1050/1050 1049/1049/1049
f 1001/1001/1001 1002/1002/1002 1051/1051/1051
f 1001/1001/1001 1051/1051/1051 1050/1050/1050
f 1002/1002/1002 1003/1003/1003 1052/1052/1052
f 1002/1002/1002 1052/1052/1052 1051/1051/1051
f 1003/1003/1003 1004/1004/1004 1053/1053/1053
f 1003/1003/1003 1053/1053/1053 1052/1052/1052
f 1004/1004/1004 1005/1005/1005 1054/1054/1054
f 1004/1004/1004 1054/1054/1054 1053/1053/1053
f 1005/1005/1005 1006/1006/1006 1055/1055/1055
f 1005/1005/1005 1055/1055/1055 1054/1054/1054
f 1006/1006/1006 1007/1007/1007 1056/1056/1056
f 1006/1006/1006 1056/1056/1056 1055/1055/1055
f 1007/1007/1007 1008/1008/1008 1057/1057/1057
f 1007/1007/1007 1057/1057/1057 1056/1056/1056
f 1008/1008/1008 1009/1009/1009 1058/1058/1058
f 1008/1008/1008 1058/1058/1058 1057/1057/1057
f 1009/1009/1009 1010/1010/1010 1059/1059/1059
f 1009/1009/1009 1059/1059/1059 1058/1058/1058
f 1010/1010/1010 1011/1011/1011 1060/1060/1060
f 1010/1010/1010 1060/1060/1060 1059/1059/1059
f 1011/1011/1011 1012/1012/1012 1061/1061/1061
f 1011/1011/1011 1061/1061/1061 1060/1060/1060
f 1012/1012/1012 1013/1013/1013 1062/1062/1062
f 1012/1012/1012 1062/1062/1062 1061/1061/1061
f 1013/1013/1013 1014/1014/1014 1063/1063/1063
f 1013/1013/1013 1063/1063/1063 1062/1062/1062
f 1014/1014/1014 1015/1015/1015 1064/1064/1064
f 1014/1014/1014 1064/1064/1064 1063/1063/1063
f 1015/1015/1015 1016/1016/1016 1065/1065/1065
f 1015/1015/1015 1065/1065/1065 1064/1064/1064
f 1016/1016/1016 1017/1017/1017 1066/1066/1066
f 1016/1016/1016 1066/1066/1066 1065/1065/1065
f 1017/1017/1017 1018/1018/1018 1067/1067/1067
f 1017/1017/1017 1067/1067/1067 1066/1066/1066
f 1018/1018/1018 1019/1019/1019 1068/1068/1068
f 1018/1018/1018 1068/1068/1068 1067/1067/1067
f 1019/1019/1019 1020/1020/1020 1069/1069/1069
f 1019/1019/1019 1069/1069/1069 1068/1068/1068
f 1020/1020/1020 1021/1021/1021 1070/1070/1070
f 1020/1020/1020 1070/1070/1070 1069/1069/1069
f 1021/1021/1021 1022/1022/1022 1071/1071/1071
f 1021/1021/1021 1071/1071/1071 1070/1070/1070
f 1022/1022/1022 1023/1023/1023 1072/1072/1072
f 1022/1022/1022 1072/1072/1072 1071/1071/1071
f 1023/1023/1023 1024/1024/1024 1073/1073/1073
f 1023/1023/1023 1073/1073/1073 1072/1072/1072
f 1024/1024/1024 1025/1025/1025 1074/1074/1074
f 1024/1024/1024 1074/1074/1074 1073/1073/1073
f 1025/1025/1025 1026/1026/1026 1075/1075/1075
f 1025/1025/1025 1075/1075/1075 1074/1074/1074
f 1026/1026/1026 1027/1027/1027 1076/1076/1076
f 1026/1026/1026 1076/1076/1076 1075/1075/1075
f 1027/1027/1027 1028/1028/1028 1077/1077/1077
f 1027/1027/1027 1077/1077/1077 1076/1076/1076
f 1028/1028/1028 1029/1029/1029 1078/1078/1078
f 1028/1028/1028 1078/1078/1078 1077/1077/1077
f 1030/1030/1030 1031/1031/1031 1080/1080/1080
f 1030/1030/1030 1080/1080/1080 1079/1079/1079
f 1031/1031/1031 1032/1032/1032 1081/1081/1081
f 1031/1031/1031 1081/1081/1081 1080/1080/1080
f 1032/1032/1032 1033/1033/1033 1082/1082/1082
f 1032/1032/1032 1082/1082/1082 1081/1081/1081
f 1033/1033/1033 1034/1034/1034 1083/1083/1083
f 1033/1033/1033 1083/1083/1083 1082/1082/1082
f 1034/1034/1034 1035/1035/1035 1084/1084/1084
f 1034/1034/1034 1084/1084/1084 1083/1083/1083
f 1035/1035/1035 1036/1036/1036 1085/1085/1085
f 1035/1035/1035 1085/1085/1085 1084/1084/1084
f 1036/1036/1036 1037/1037/1037 1086/1086/1086
f 1036/1036/1036 1086/1086/1086 1085/1085/1085
f 1037/1037/1037 1038/1038/1038 1087/1087/1087
f 1037/1037/1037 1087/1087/1087 1086/1086/1086
f 1038/1038/1038 1039/1039/1039 1088/1088/1088
f 1038/1038/1038 1088/1088/1088 1087/1087/1087
f 1039/1039/1039 1040/1040/1040 1089/1089/1089
f 1039/1039/1039 1089/1089/1089 1088/1088/1088
f 1040/1040/1040 1041/1041/1041 1090/1090/1090
f 1040/1040/1040 1090/1090/1090 1089/1089/1089
f 1041/1041/1041 1042/1042/1042 1091/1091/1091
f 1041/1041/1041 1091/1091/1091 1090/1090/1090
f 1042/1042/1042 1043/1043/1043 1092/1092/1092
f 1042/1042/1042 1092/1092/1092 1091/1091/1091
f 1043/1043/1043 1044/1044/1044 1093/1093/1093
f 1043/1043/1043 1093/1093/1093 1092/1092/1092
f 1044/1044/1044 1045/1045/1045 1094/1094/1094
f 1044/1044/1044 1094/1094/1094 1093/1093/1093
f 1045/1045/1045 1046/1046/1046 1095/1095/1095
f 1045/1045/1045 1095/1095/1095 1094/1094/1094
f 1046/1046/1046 1047/1047/1047 1096/1096/1096
f 1046/1046/1046 1096/1096/1096 1095/1095/1095
f 1047/1047/1047 1048/1048/1048 1097/1097/1097
f 1047/1047/1047 1097/1097/1097 1096/1096/1096
f 1048/1048/1048 1049/1049/1049 1098/1098/1098
f 1048/1048/1048 1098/1098/1098 1097/1097/1097
f 1049/1049/1049 1050/1050/1050 1099/1099/1099
f 1049/1049/1049 1099/1099/1099 1098/1098/1098
f 1050/1050/1050 1051/1051/1051 1100/1100/1100
f 1050/1050/1050 1100/1100/1100 1099/1099/1099
f 1051/1051/1051 1052/1052/1052 1101/1101/1101
f 1051/1051/1051 1101/1101/1101 1100/1100/1100
f 1052/1052/1052 1053/1053/1053 1102/1102/1102
f 1052/1052/1052 1102/1102/1102 1101/1101/1101
f 1053/1053/1053 1054/1054/1054 1103/1103/1103
f 1053/1053/1053 1103/1103/1103 1102/1102/1102
f 1054/1054/1054 1055/1055/1055 1104/1104/1104
f 1054/1054/1054 1104/1104/1104 1103/1103/1103
f 1055/1055/1055 1056/1056/1056 1105/1105/1105
f 1055/1055/1055 1105/1105/1105 1104/1104/1104
f 1056/1056/1056 1057/1057/1057 1106/1106/1106
f 1056/1056/1056 1106/1106/1106 1105/1105/1105
f 1057/1057/1057 1058/1058/1058 1107/1107/1107
f 1057/1057/1057 1107/1107/1107 1106/1106/1106
f 1058/1058/1058 1059/1059/1059 1108/1108/1108
f 1058/1058/1058 1108/1108/1108 1107/1107/1107
f 1059/1059/1059 1060/1060/1060 1109/1109/1109
f 1059/1059/1059 1109/1109/1109 1108/1108/1108
f 1060/1060/1060 1061/1061/1061 1110/1110/1110
f 1060/1060/1060 1110/1110/1110 1109/1109/1109
f 1061/1061/1061 1062/1062/1062 1111/1111/1111
f 1061/1061/1061 1111/1111/1111 1110/1110/1110
f 1062/1062/1062 1063/1063/1063 1112/1112/1112
f 1062/1062/1062 1112/1112/1112 1111/1111/1111
f 1063/1063/1063 1064/1064/1064 1113/1113/1113
f 1063/1063/1063 1113/1113/1113 1112/1112/1112
f 1064/1064/1064 1065/1065/1065 1114/1114/1114
f 1064/1064/1064 1114/1114/1114 1113/1113/1113
f 1065/1065/1065 1066/1066/1066 1115/1115/1115
f 1065/1065/1065 1115/1115/1115 1114/1114/1114
f 1066/1066/1066 1067/1067/1067 1116/1116/1116
f 1066/1066/1066 1116/1116/1116 1115/1115/1115
f 1067/1067/1067 1068/1068/1068 1117/1117/1117
f 1067/1067/1067 1117/1117/1117 1116/1116/1116
f 1068/1068/1068 1069/1069/1069 1118/1118/1118
f 1068/1068/1068 1118/1118/1118 1117/1117/1117
f 1069/1069/1069 1070/1070/1070 1119/1119/1119
f 1069/1069/1069 1119/1119/1119 1118/1118/1118
f 1070/1070/1070 1071/1071/1071 1120/1120/1120
f 1070/1070/1070 1120/1120/1120 1119/1119/1119
f 1071/1071/1071 1072/1072/1072 1121/1121/1121
f 1071/1071/1071 1121/1121/1121 1120/1120/1120
f 1072/1072/1072 1073/1073/1073 1122/1122/1122
f 1072/1072/1072 1122/1122/1122 1121/1121/1121
f 1073/1073/1073 1074/1074/1074 1123/1123/1123
f 1073/1073/1073 1123/1123/1123 1122/1122/1122
f 1074/1074/1074 1075/1075/1075 1124/1124/1124
f 1074/1074/1074 1124/1124/1124 1123/1123/1123
f 1075/1075/1075 1076/1076/1076 1125/1125/1125
f 1075/1075/1075 1125/1125/1125 1124/1124/1124
f 1076/1076/1076 1077/1077/1077 1126/1126/1126
f 1076/1076/1076 1126/1126/1126 1125/1125/1125
f 1077/1077/1077 1078/1078/1078 1127/1127/1127
f 1077/1077/1077 1127/1127/1127 1126/1126/1126
f 1079/1079/1079 1080/1080/1080 1129/1129/1129
f 1079/1079/1079 1129/1129/1129 1128/1128/1128
f 1080/1080/1080 1081/1081/1081 1130/1130/1130
f 1080/1080/1080 1130/1130/1130 1129/1129/1129
f 1081/1081/1081 1082/1082/1082 1131/1131/1131
f 1081/1081/1081 1131/1131/1131 1130/1130/1130
f 1082/1082/1082 1083/1083/1083 1132/1132/1132
f 1082/1082/1082 1132/1132/1132 1131/1131/1131
f 1083/1083/1083 1084/1084/1084 1133/1133/1133
f 1083/1083/1083 1133/1133/1133 1132/1132/1132
f 1084/1084/1084 1085/1085/1085 1134/1134/1134
f 1084/1084/1084 1134/1134/1134 1133/1133/1133
f 1085/1085/1085 1086/1086/1086 1135/1135/1135
f 1085/1085/1085 1135/1135/1135 1134/1134/1134
f 1086/1086/1086 1087/1087/1087 1136/1136/1136
f 1086/1086/1086 1136/1136/1136 1135/1135/1135
f 1087/1087/1087 1088/1088/1088 1137/1137/1137
f 1087/1087/1087 1137/1137/1137 1136/1136/1136
f 1088/1088/1088 1089/1089/1089 1138/1138/1138
f 1088/1088/1088 1138/1138/1138 1137/1137/1137
f 1089/1089/1089 1090/1090/1090 1139/1139/1139
f 1089/1089/1089 1139/1139/1139 1138/1138/1138
f 1090/1090/1090 1091/1091/1091 1140/1140/1140
f 1090/1090/1090 1140/1140/1140 1139/1139/1139
f 1091/1091/1091 1092/1092/1092 1141/1141/1141
f 1091/1091/1091 1141/1141/1141 1140/1140/1140
f 1092/1092/1092 1093/1093/1093 1142/1142/1142
f 1092/1092/1092 1142/1142/1142 1141/1141/1141
f 1093/1093/1093 1094/1094/1094 1143/1143/1143
f 1093/1093/1093 1143/1143/1143 1142/1142/1142
f 1094/1094/1094 1095/1095/1095 1144/1144/1144
f 1094/1094/1094 1144/1144/1144 1143/1143/1143
f 1095/1095/1095 1096/1096/1096 1145/1145/1145
f 1095/1095/1095 1145/1145/1145 1144/1144/1144
f 1096/1096/1096 1097/1097/1097 1146/1146/1146
f 1096/1096/1096 1146/1146/1146 1145/1145/1145
f 1097/1097/1097 1098/1098/1098 1147/1147/1147
f 1097/1097/1097 1147/1147/1147 1146/1146/1146
f 1098/1098/1098 1099/1099/1099 1148/1148/1148
f 1098/1098/1098 1148/1148/1148 1147/1147/1147
f 1099/1099/1099 1100/1100/1100 1149/1149/1149
f 1099/1099/1099 1149/1149/1149 1148/1148/1148
f 1100/1100/1100 1101/1101/1101 1150/1150/1150
f 1100/1100/1100 1150/1150/1150 1149/1149/1149
f 1101/1101/1101 1102/1102/1102 1151/1151/1151
f 1101/1101/1101 1151/1151/1151 1150/1150/1150
f 1102/1102/1102 1103/1103/1103 1152/1152/1152
f 1102/1102/1102 1152/1152/1152 1151/1151/1151
f 1103/1103/1103 1104/1104/1104 1153/1153/1153
f 1103/1103/1103 1153/1153/1153 1152/1152/1152
f 1104/1104/1104 1105/1105/1105 1154/1154/1154
f 1104/1104/1104 1154/1154/1154 1153/1153/1153
f 1105/1105/1105 1106/1106/1106 1155/1155/1155
f 1105/1105/1105 1155/1155/1155 1154/1154/1154
f 1106/1106/1106 1107/1107/1107 1156/1156/1156
f 1106/1106/1106 1156/1156/1156 1155/1155/1155
f 1107/1107/1107 1108/1108/1108 1157/1157/1157
f 1107/1107/1107 1157/1157/1157 1156/1156/1156
f 1108/1108/1108 1109/1109/1109 1158/1158/1158
f 1108/1108/1108 1158/1158/1158 1157/1157/1157
f 1109/1109/1109 1110/1110/1110 1159/1159/1159
f 1109/1109/1109 1159/1159/1159 1158/1158/1158
f 1110/1110/1110 1111/1111/1111 1160/1160/1160
f 1110/1110/1110 1160/1160/1160 1159/1159/1159
f 1111/1111/1111 1112/1112/1112 1161/1161/1161
f 1111/1111/1111 1161/1161/1161 1160/1160/1160
f 1112/1112/1112 1113/1113/1113 1162/1162/1162
f 1112/1112/1112 1162/1162/1162 1161/1161/1161
f 1113/1113/1113 1114/1114/1114 1163/1163/1163
f 1113/1113/1113 1163/1163/1163 1162/1162/1162
f 1114/1114/1114 1115/1115/1115 1164/1164/1164
f 1114/1114/1114 1164/1164/1164 1163/1163/1163
f 1115/1115/1115 1116/1116/1116 1165/1165/1165
f 1115/1115/1115 1165/1165/1165 1164/1164/1164
f 1116/1116/1116 1117/1117/1117 1166/1166/1166
f 1116/1116/1116 1166/1166/1166 1165/1165/1165
f 1117/1117/1117 1118/1118/1118 1167/1167/1167
f 1117/1117/1117 1167/1167/1167 1166/1166/1166
f 1118/1118/1118 1119/1119/1119 1168/1168/1168
f 1118/1118/1118 1168/1168/1168 1167/1167/1167
f 1119/1119/1119 1120/1120/1120 1169/1169/1169
f 1119/1119/1119 1169/1169/1169 1168/1168/1168
f 1120/1120/1120 1121/1121/1121 1170/1170/1170
f 1120/1120/1120 1170/1170/1170 1169/1169/1169
f 1121/1121/1121 1122/1122/1122 1171/1171/1171
f 1121/1121/1121 1171/1171/1171 1170/1170/1170
f 1122/1122/1122 1123/1123/1123 1172/1172/1172
f 1122/1122/1122 1172/1172/1172 1171/1171/1171
f 1123/1123/1123 1124/1124/1124 1173/1173/1173
f 1123/1123/1123 1173/1173/1173 1172/1172/1172
f 1124/1124/1124 1125/1125/1125 1174/1174/1174
f 1124/1124/1124 1174/1174/1174 1173/1173/1173
f 1125/1125/1125 1126/1126/1126 1175/1175/1175
f 1125/1125/1125 1175/1175/1175 1174/1174/1174
f 1126/1126/1126 1127/1127/1127 1176/1176/1176
f 1126/1126/1126 1176/1176/1176 1175/1175/1175
f 1128/1128/1128 1129/1129/1129 1178/1178/1178
f 1128/1128/1128 1178/1178/1178 1177/1177/1177
f 1129/1129/1129 1130/1130/1130 1179/1179/1179
f 1129/1129/1129 1179/1179/1179 1178/1178/1178
f 1130/1130/1130 1131/1131/1131 1180/1180/1180
f 1130/1130/1130 1180/1180/1180 1179/1179/1179
f 1131/1131/1131 1132/1132/1132 1181/1181/1181
f 1131/1131/1131 1181/1181/1181 1180/1180/1180
f 1132/1132/1132 1133/1133/1133 1182/1182/1182
f 1132/1132/1132 1182/1182/1182 1181/1181/1181
f 1133/1133/1133 1134/1134/1134 1183/1183/1183
f 1133/1133/1133 1183/1183/1183 1182/1182/1182
f 1134/1134/1134 1135/1135/1135 1184/1184/1184
f 1134/1134/1134 1184/1184/1184 1183/1183/1183
f 1135/1135/1135 1136/1136/1136 1185/1185/1185
f 1135/1135/1135 1185/1185/1185 1184/1184/1184
f 1136/1136/1136 1137/1137/1137 1186/1186/1186
f 1136/1136/1136 1186/1186/1186 1185/1185/1185
f 1137/1137/1137 1138/1138/1138 1187/1187/1187
f 1137/1137/1137 1187/1187/1187 1186/1186/1186
f 1138/1138/1138 1139/1139/1139 1188/1188/1188
f 1138/1138/1138 1188/1188/1188 1187/1187/1187
f 1139/1139/1139 1140/1140/1140 1189/1189/1189
f 1139/1139/1139 1189/1189/1189 1188/1188/1188
f 1140/1140/1140 1141/1141/1141 1190/1190/1190
f 1140/1140/1140 1190/1190/1190 1189/1189/1189
f 1141/1141/1141 1142/1142/1142 1191/1191/1191
f 1141/1141/1141 1191/1191/1191 1190/1190/1190
f 1142/1142/1142 1143/1143/1143 1192/1192/1192
f 1142/1142/1142 1192/1192/1192 1191/1191/1191
f 1143/1143/1143 1144/1144/1144 1193/1193/1193
f 1143/1143/1143 1193/1193/1193 1192/1192/1192
f 1144/1144/1144 1145/1145/1145 1194/1194/1194
f 1144/1144/1144 1194/1194/1194 1193/1193/1193
f 1145/1145/1145 1146/1146/1146 1195/1195/1195
f 1145/1145/1145 1195/1195/1195 1194/1194/1194
f 1146/1146/1146 1147/1147/1147 1196/1196/1196
f 1146/1146/1146 1196/1196/1196 1195/1195/1195
f 1147/1147/1147 1148/1148/1148 1197/1197/1197
f 1147/1147/1147 1197/1197/1197 1196/1196/1196
f 1148/1148/1148 1149/1149/1149 1198/1198/1198
f 1148/1148/1148 1198/1198/1198 1197/1197/1197
f 1149/1149/1149 1150/1150/1150 1199/1199/1199
f 1149/1149/1149 1199/1199/1199 1198/1198/1198
f 1150/1150/1150 1151/1151/1151 1200/1200/1200
f 1150/1150/1150 1200/1200/1200 1199/1199/1199
f 1151/1151/1151 1152/1152/1152 1201/1201/1201
f 1151/1151/1151 1201/1201/1201 1200/1200/1200
f 1152/1152/1152 1153/1153/1153 1202/1202/1202
f 1152/1152/1152 1202/1202/1202 1201/1201/1201
f 1153/1153/1153 1154/1154/1154 1203/1203/1203
f 1153/1153/1153 1203/1203/1203 1202/1202/1202
f 1154/1154/1154 1155/1155/1155 1204/1204/1204
f 1154/1154/1154 1204/1204/1204 1203/1203/1203
f 1155/1155/1155 1156/1156/1156 1205/1205/1205
f 1155/1155/1155 1205/1205/1205 1204/1204/1204
f 1156/1156/1156 1157/1157/1157 1206/1206/1206
f 1156/1156/1156 1206/1206/1206 1205/1205/1205
f 1157/1157/1157 1158/1158/1158 1207/1207/1207
f 1157/1157/1157 1207/1207/1207 1206/1206/1206
f 1158/1158/1158 1159/1159/1159 1208/1208/1208
f 1158/1158/1158 1208/1208/1208 1207/1207/1207
f 1159/1159/1159 1160/1160/1160 1209/1209/1209
f 1159/1159/1159 1209/1209/1209 1208/1208/1208
f 1160/1160/1160 1161/1161/1161 1210/1210/1210
f 1160/1160/1160 1210/1210/1210 1209/1209/1209
f 1161/1161/1161 1162/1162/1162 1211/1211/1211
f 1161/1161/1161 1211/1211/1211 1210/1210/1210
f 1162/1162/1162 1163/1163/1163 1212/1212/1212
f 1162/1162/1162 1212/1212/1212 1211/1211/1211
f 1163/1163/1163 1164/1164/1164 1213/1213/1213
f 1163/1163/1163 1213/1213/1213 1212/1212/1212
f 1164/1164/1164 1165/1165/1165 1214/1214/1214
f 1164/1164/1164 1214/1214/1214 1213/1213/1213
f 1165/1165/1165 1166/1166/1166 1215/1215/1215
f 1165/1165/1165 1215/1215/1215 1214/1214/1214
f 1166/1166/1166 1167/1167/1167 1216/1216/1216
f 1166/1166/1166 1216/1216/1216 1215/1215/1215
f 1167/1167/1167 1168/1168/1168 1217/1217/1217
f 1167/1167/1167 1217/1217/1217 1216/1216/1216
f 1168/1168/1168 1169/1169/1169 1218/1218/1218
f 1168/1168/1168 1218/1218/1218 1217/1217/1217
f 1169/1169/1169 1170/1170/1170 1219/1219/1219
f 1169/1169/1169 1219/1219/1219 1218/1218/1218
f 1170/1170/1170 1171/1171/1171 1220/1220/1220
f 1170/1170/1170 1220/1220/1220 1219/1219/1219
f 1171/1171/1171 1172/1172/1172 1221/1221/1221
f 1171/1171/1171 1221/1221/1221 1220/1220/1220
f 1172/1172/1172 1173/1173/1173 1222/1222/1222
f 1172/1172/1172 1222/1222/1222 1221/1221/1221
f 1173/1173/1173 1174/1174/1174 1223/1223/1223
f 1173/1173/1173 1223/1223/1223 1222/1222/1222
f 1174/1174/1174 1175/1175/1175 1224/1224/1224
f 1174/1174/1174 1224/1224/1224 1223/1223/1223
f 1175/1175/1175 1176/1176/1176 1225/1225/1225
f 1175/1175/1175 1225/1225/1225 1224/1224/1224
f 1177/1177/1177 1178/1178/1178 1227/1227/1227
f 1177/1177/1177 1227/1227/1227 1226/1226/1226
f 1178/1178/1178 1179/1179/1179 1228/1228/1228
f 1178/1178/1178 1228/1228/1228 1227/1227/1227
f 1179/1179/1179 1180/1180/1180 1229/1229/1229
f 1179/1179/1179 1229/1229/1229 1228/1228/1228
f 1180/1180/1180 1181/1181/1181 1230/1230/1230
f 1180/1180/1180 1230/1230/1230 1229/1229/1229
f 1181/1181/1181 1182/1182/1182 1231/1231/1231
f 1181/1181/1181 1231/1231/1231 1230/1230/1230
f 1182/1182/1182 1183/1183/1183 1232/1232/1232
f 1182/1182/1182 1232/1232/1232 1231/1231/1231
f 1183/1183/1183 1184/1184/1184 1233/1233/1233
f 1183/1183/1183 1233/1233/1233 1232/1232/1232
f 1184/1184/1184 1185/1185/1185 1234/1234/1234
f 1184/1184/1184 1234/1234/1234 1233/1233/1233
f 1185/1185/1185 1186/1186/1186 1235/1235/1235
f 1185/1185/1185 1235/1235/1235 1234/1234/1234
f 1186/1186/1186 1187/1187/1187 1236/1236/1236
f 1186/1186/1186 1236/1236/1236 1235/1235/1235
f 1187/1187/1187 1188/1188/1188 1237/1237/1237
f 1187/1187/1187 1237/1237/1237 1236/1236/1236
f 1188/1188/1188 1189/1189/1189 1238/1238/1238
f 1188/1188/1188 1238/1238/1238 1237/1237/1237
f 1189/1189/1189 1190/1190/1190 1239/1239/1239
f 1189/1189/1189 1239/1239/1239 1238/1238/1238
f 1190/1190/1190 1191/1191/1191 1240/1240/1240
f 1190/1190/1190 1240/1240/1240 1239/1239/1239
f 1191/1191/1191 1192/1192/1192 1241/1241/1241
f 1191/1191/1191 1241/1241/1241 1240/1240/1240
f 1192/1192/1192 1193/1193/1193 1242/1242/1242
f 1192/1192/1192 1242/1242/1242 1241/1241/1241
f 1193/1193/1193 1194/1194/1194 1243/1243/1243
f 1193/1193/1193 1243/1243/1243 1242/1242/1242
f 1194/1194/1194 1195/1195/1195 1244/1244/1244
f 1194/1194/1194 1244/1244/1244 1243/1243/1243
f 1195/1195/1195 1196/1196/1196 1245/1245/1245
f 1195/1195/1195 1245/1245/1245 1244/1244/1244
f 1196/1196/1196 1197/1197/1197 1246/1246/1246
f 1196/1196/1196 1246/1246/1246 1245/1245/1245
f 1197/1197/1197 1198/1198/1198 1247/1247/1247
f 1197/1197/1197 1247/1247/1247 1246/1246/1246
f 1198/1198/1198 1199/1199/1199 1248/1248/1248
f 1198/1198/1198 1248/1248/1248 1247/1247/1247
f 1199/1199/1199 1200/1200/1200 1249/1249/1249
f 1199/1199/1199 1249/1249/1249 1248/1248/1248
f 1200/1200/1200 1201/1201/1201 1250/1250/1250
f 1200/1200/1200 1250/1250/1250 1249/1249/1249
f 1201/1201/1201 1202/1202/1202 1251/1251/1251
f 1201/1201/1201 1251/1251/1251 1250/1250/1250
f 1202/1202/1202 1203/1203/1203 1252/1252/1252
f 1202/1202/1202 1252/1252/1252 1251/1251/1251
f 1203/1203/1203 1204/1204/1204 1253/1253/1253
f 1203/1203/1203 1253/1253/1253 1252/1252/1252
f 1204/1204/1204 1205/1205/1205 1254/1254/1254
f 1204/1204/1204 1254/1254/1254 1253/1253/1253
f 1205/1205/1205 1206/1206/1206 1255/1255/1255
f 1205/1205/1205 1255/1255/1255 1254/1254/1254
f 1206/1206/1206 1207/1207/1207 1256/1256/1256
f 1206/1206/1206 1256/1256/1256 1255/1255/1255
f 1207/1207/1207 1208/1208/1208 1257/1257/1257
f 1207/1207/1207 1257/1257/1257 1256/1256/1256
f 1208/1208/1208 1209/1209/1209 1258/1258/1258
f 1208/1208/1208 1258/1258/1258 1257/1257/1257
f 1209/1209/1209 1210/1210/1210 1259/1259/1259
f 1209/1209/1209 1259/1259/1259 1258/1258/1258
f 1210/1210/1210 1211/1211/1211 1260/1260/1260
f 1210/1210/1210 1260/1260/1260 1259/1259/1259
f 1211/1211/1211 1212/1212/1212 1261/1261/1261
f 1211/1211/1211 1261/1261/1261 1260/1260/1260
f 1212/1212/1212 1213/1213/1213 1262/1262/1262
f 1212/1212/1212 1262/1262/1262 1261/1261/1261
f 1213/1213/1213 1214/1214/1214 1263/1263/1263
f 1213/1213/1213 1263/1263/1263 1262/1262/1262
f 1214/1214/1214 1215/1215/1215 1264/1264/1264
f 1214/1214/1214 1264/1264/1264 1263/1263/1263
f 1215/1215/1215 1216/1216/1216 1265/1265/1265
f 1215/1215/1215 1265/1265/1265 1264/1264/1264
f 1216/1216/1216 1217/1217/1217 1266/1266/1266
f 1216/1216/1216 1266/1266/1266 1265/1265/1265
f 1217/1217/1217 1218/1218/1218 1267/1267/1267
f 1217/1217/1217 1267/1267/1267 1266/1266/1266
f 1218/1218/1218 1219/1219/1219 1268/1268/1268
f 1218/1218/1218 1268/1268/1268 1267/1267/1267
f 1219/1219/1219 1220/1220/1220 1269/1269/1269
f 1219/1219/1219 1269/1269/1269 1268/1268/1268
f 1220/1220/1220 1221/1221/1221 1270/1270/1270
f 1220/1220/1220 1270/1270/1270 1269/1269/1269
f 1221/1221/1221 1222/1222/1222 1271/1271/1271
f 1221/1221/1221 1271/1271/1271 1270/1270/1270
f 1222/1222/1222 1223/1223/1223 1272/1272/1272
f 1222/1222/1222 1272/1272/1272 1271/1271/1271
f 1223/1223/1223 1224/1224/1224 1273/1273/1273
f 1223/1223/1223 1273/1273/1273 1272/1272/1272
f 1224/1224/1224 1225/1225/1225 1274/1274/1274
f 1224/1224/1224 1274/1274/1274 1273/1273/1273
f 1226/1226/1226 1227/1227/1227 1276/1276/1276
f 1226/1226/1226 1276/1276/1276 1275/1275/1275
f 1227/1227/1227 1228/1228/1228 1277/1277/1277
f 1227/1227/1227 1277/1277/1277 1276/1276/1276
f 1228/1228/1228 1229/1229/1229 1278/1278/1278
f 1228/1228/1228 1278/1278/1278 1277/1277/1277
f 1229/1229/1229 1230/1230/1230 1279/1279/1279
f 1229/1229/1229 1279/1279/1279 1278/1278/1278
f 1230/1230/1230 1231/1231/1231 1280/1280/1280
f 1230/1230/1230 1280/1280/1280 1279/1279/1279
f 1231/1231/1231 1232/1232/1232 1281/1281/1281
f 1231/1231/1231 1281/1281/1281 1280/1280/1280
f 1232/1232/1232 1233/1233/1233 1282/1282/1282
f 1232/1232/1232 1282/1282/1282 1281/1281/1281
f 1233/1233/1233 1234/1234/1234 1283/1283/1283
f 1233/1233/1233 1283/1283/1283 1282/1282/1282
f 1234/1234/1234 1235/1235/1235 1284/1284/1284
f 1234/1234/1234 1284/1284/1284 1283/1283/1283
f 1235/1235/1235 1236/1236/1236 1285/1285/1285
f 1235/1235/1235 1285/1285/1285 1284/1284/1284
f 1236/1236/1236 1237/1237/1237 1286/1286/1286
f 1236/1236/1236 1286/1286/1286 1285/1285/1285
f 1237/1237/1237 1238/1238/1238 1287/1287/1287
f 1237/1237/1237 1287/1287/1287 1286/1286/1286
f 1238/1238/1238 1239/1239/1239 1288/1288/1288
f 1238/1238/1238 1288/1288/1288 1287/1287/1287
f 1239/1239/1239 1240/1240/1240 1289/1289/1289
f 1239/1239/1239 1289/1289/1289 1288/1288/1288
f 1240/1240/1240 1241/1241/1241 1290/1290/1290
f 1240/1240/1240 1290/1290/1290 1289/1289/1289
f 1241/1241/1241 1242/1242/1242 1291/1291/1291
f 1241/1241/1241 1291/1291/1291 1290/1290/1290
f 1242/1242/1242 1243/1243/1243 1292/1292/1292
f 1242/1242/1242 1292/1292/1292 1291/1291/1291
f 1243/1243/1243 1244/1244/1244 1293/1293/1293
f 1243/1243/1243 1293/1293/1293 1292/1292/1292
f 1244/1244/1244 1245/1245/1245 1294/1294/1294
f 1244/1244/1244 1294/1294/1294 1293/1293/1293
f 1245/1245/1245 1246/1246/1246 1295/1295/1295
f 1245/1245/1245 1295/1295/1295 1294/1294/1294
f 1246/1246/1246 1247/1247/1247 1296/1296/1296
f 1246/1246/1246 1296/1296/1296 1295/1295/1295
f 1247/1247/1247 1248/1248/1248 1297/1297/1297
f 1247/1247/1247 1297/1297/1297 1296/1296/1296
f 1248/1248/1248 1249/1249/1249 1298/1298/1298
f 1248/1248/1248 1298/1298/1298 1297/1297/1297
f 1249/1249/1249 1250/1250/1250 1299/1299/1299
f 1249/1249/1249 1299/1299/1299 1298/1298/1298
f 1250/1250/1250 1251/1251/1251 1300/1300/1300
f 1250/1250/1250 1300/1300/1300 1299/1299/1299
f 1251/1251/1251 1252/1252/1252 1301/1301/1301
f 1251/1251/1251 1301/1301/1301 1300/1300/1300
f 1252/1252/1252 1253/1253/1253 1302/1302/1302
f 1252/1252/1252 1302/1302/1302 1301/1301/1301
f 1253/1253/1253 1254/1254/1254 1303/1303/1303
f 1253/1253/1253 1303/1303/1303 1302/1302/1302
f 1254/1254/1254 1255/1255/1255 1304/1304/1304
f 1254/1254/1254 1304/1304/1304 1303/1303/1303
f 1255/1255/1255 1256/1256/1256 1305/1305/1305
f 1255/1255/1255 1305/1305/1305 1304/1304/1304
f 1256/1256/1256 1257/1257/1257 1306/1306/1306
f 1256/1256/1256 1306/1306/1306 1305/1305/1305
f 1257/1257/1257 1258/1258/1258 1307/1307/1307
f 1257/1257/1257 1307/1307/1307 1306/1306/1306
f 1258/1258/1258 1259/1259/1259 1308/1308/1308
f 1258/1258/1258 1308/1308/1308 1307/1307/1307
f 1259/1259/1259 1260/1260/1260 1309/1309/1309
f 1259/1259/1259 1309/1309/1309 1308/1308/1308
f 1260/1260/1260 1261/1261/1261 1310/1310/1310
f 1260/1260/1260 1310/1310/1310 1309/1309/1309
f 1261/1261/1261 1262/1262/1262 1311/1311/1311
f 1261/1261/1261 1311/1311/1311 1310/1310/1310
f 1262/1262/1262 1263/1263/1263 1312/1312/1312
f 1262/1262/1262 1312/1312/1312 1311/1311/1311
f 1263/1263/1263 1264/1264/1264 1313/1313/1313
f 1263/1263/1263 1313/1313/1313 1312/1312/1312
f 1264/1264/1264 1265/1265/1265 1314/1314/1314
f 1264/1264/1264 1314/1314/1314 1313/1313/1313
f 1265/1265/1265 1266/1266/1266 1315/1315/1315
f 1265/1265/1265 1315/1315/1315 1314/1314/1314
f 1266/1266/1266 1267/1267/1267 1316/1316/1316
f 1266/1266/1266 1316/1316/1316 1315/1315/1315
f 1267/1267/1267 1268/1268/1268 1317/1317/1317
f 1267/1267/1267 1317/1317/1317 1316/1316/1316
f 1268/1268/1268 1269/1269/1269 1318/1318/1318
f 1268/1268/1268 1318/1318/1318 1317/1317/1317
f 1269/1269/1269 1270/1270/1270 1319/1319/1319
f 1269/1269/1269 1319/1319/1319 1318/1318/1318
f 1270/1270/1270 1271/1271/1271 1320/1320/1320
f 1270/1270/1270 1320/1320/1320 1319/1319/1319
f 1271/1271/1271 1272/1272/1272 1321/1321/1321
f 1271/1271/1271 1321/1321/1321 1320/1320/1320
f 1272/1272/1272 1273/1273/1273 1322/1322/1322
f 1272/1272/1272 1322/1322/1322 1321/1321/1321
f 1273/1273/1273 1274/1274/1274 1323/1323/1323
f 1273/1273/1273 1323/1323/1323 1322/1322/1322
f 1275/1275/1275 1276/1276/1276 1325/1325/1325
f 1275/1275/1275 1325/1325/1325 1324/1324/1324
f 1276/1276/1276 1277/1277/1277 1326/1326/1326
f 1276/1276/1276 1326/1326/1326 1325/1325/1325
f 1277/1277/1277 1278/1278/1278 1327/1327/1327
f 1277/1277/1277 1327/1327/1327 1326/1326/1326
f 1278/1278/1278 1279/1279/1279 1328/1328/1328
f 1278/1278/1278 1328/1328/1328 1327/1327/1327
f 1279/1279/1279 1280/1280/1280 1329/1329/1329
f 1279/1279/1279 1329/1329/1329 1328/1328/1328
f 1280/1280/1280 1281/1281/1281 1330/1330/1330
f 1280/1280/1280 1330/1330/1330 1329/1329/1329
f 1281/1281/1281 1282/1282/1282 1331/1331/1331
f 1281/1281/1281 1331/1331/1331 1330/1330/1330
f 1282/1282/1282 1283/1283/1283 1332/1332/1332
f 1282/1282/1282 1332/1332/1332 1331/1331/1331
f 1283/1283/1283 1284/1284/1284 1333/1333/1333
f 1283/1283/1283 1333/1333/1333 1332/1332/1332
f 1284/1284/1284 1285/1285/1285 1334/1334/1334
f 1284/1284/1284 1334/1334/1334 1333/1333/1333
f 1285/1285/1285 1286/1286/1286 1335/1335/1335
f 1285/1285/1285 1335/1335/1335 1334/1334/1334
f 1286/1286/1286 1287/1287/1287 1336/1336/1336
f 1286/1286/1286 1336/1336/1336 1335/1335/1335
f 1287/1287/1287 1288/1288/1288 1337/1337/1337
f 1287/1287/1287 1337/1337/1337 1336/1336/1336
f 1288/1288/1288 1289/1289/1289 1338/1338/1338
f 1288/1288/1288 1338/1338/1338 1337/1337/1337
f 1289/1289/1289 1290/1290/1290 1339/1339/1339
f 1289/1289/1289 1339/1339/1339 1338/1338/1338
f 1290/1290/1290 1291/1291/1291 1340/1340/1340
f 1290/1290/1290 1340/1340/1340 1339/1339/1339
f 1291/1291/1291 1292/1292/1292 1341/1341/1341
f 1291/1291/1291 1341/1341/1341 1340/1340/1340
f 1292/1292/1292 1293/1293/1293 1342/1342/1342
f 1292/1292/1292 1342/1342/1342 1341/1341/1341
f 1293/1293/1293 1294/1294/1294 1343/1343/1343
f 1293/1293/1293 1343/1343/1343 1342/1342/1342
f 1294/1294/1294 1295/1295/1295 1344/1344/1344
f 1294/1294/1294 1344/1344/1344 1343/1343/1343
f 1295/1295/1295 1296/1296/1296 1345/1345/1345
f 1295/1295/1295 1345/1345/1345 1344/1344/1344
f 1296/1296/1296 1297/1297/1297 1346/1346/1346
f 1296/1296/1296 1346/1346/1346 1345/1345/1345
f 1297/1297/1297 1298/1298/1298 1347/1347/1347
f 1297/1297/1297 1347/1347/1347 1346/1346/1346
f 1298/1298/1298 1299/1299/1299 1348/1348/1348
f 1298/1298/1298 1348/1348/1348 1347/1347/1347
f 1299/1299/1299 1300/1300/1300 1349/1349/1349
f 1299/1299/1299 1349/1349/1349 1348/1348/1348
f 1300/1300/1300 1301/1301/1301 1350/1350/1350
f 1300/1300/1300 1350/1350/1350 1349/1349/1349
f 1301/1301/1301 1302/1302/1302 1351/1351/1351
f 1301/1301/1301 1351/1351/1351 1350/1350/1350
f 1302/1302/1302 1303/1303/1303 1352/1352/1352
f 1302/1302/1302 1352/1352/1352 1351/1351/1351
f 1303/1303/1303 1304/1304/1304 1353/1353/1353
f 1303/1303/1303 1353/1353/1353 1352/1352/1352
f 1304/1304/1304 1305/1305/1305 1354/1354/1354
f 1304/1304/1304 1354/1354/1354 1353/1353/1353
f 1305/1305/1305 1306/1306/1306 1355/1355/1355
f 1305/1305/1305 1355/1355/1355 1354/1354/1354
f 1306/1306/1306 1307/1307/1307 1356/1356/1356
f 1306/1306/1306 1356/1356/1356 1355/1355/1355
f 1307/1307/1307 1308/1308/1308 1357/1357/1357
f 1307/1307/1307 1357/1357/1357 1356/1356/1356
f 1308/1308/1308 1309/1309/1309 1358/1358/1358
f 1308/1308/1308 1358/1358/1358 1357/1357/1357
f 1309/1309/1309 1310/1310/1310 1359/1359/1359
f 1309/1309/1309 1359/1359/1359 1358/1358/1358
f 1310/1310/1310 1311/1311/1311 1360/1360/1360
f 1310/1310/1310 1360/1360/1360 1359/1359/1359
f 1311/1311/1311 1312/1312/1312 1361/1361/1361
f 1311/1311/1311 1361/1361/1361 1360/1360/1360
f 1312/1312/1312 1313/1313/1313 1362/1362/1362
f 1312/1312/1312 1362/1362/1362 1361/1361/1361
f 1313/1313/1313 1314/1314/1314 1363/1363/1363
f 1313/1313/1313 1363/1363/1363 1362/1362/1362
f 1314/1314/1314 1315/1315/1315 1364/1364/1364
f 1314/1314/1314 1364/1364/1364 1363/1363/1363
f 1315/1315/1315 1316/1316/1316 1365/1365/1365
f 1315/1315/1315 1365/1365/1365 1364/1364/1364
f 1316/1316/1316 1317/1317/1317 1366/1366/1366
f 1316/1316/1316 1366/1366/1366 1365/1365/1365
f 1317/1317/1317 1318/1318/1318 1367/1367/1367
f 1317/1317/1317 1367/1367/1367 1366/1366/1366
f 1318/1318/1318 1319/1319/1319 1368/1368/1368
f 1318/1318/1318 1368/1368/1368 1367/1367/1367
f 1319/1319/1319 1320/1320/1320 1369/1369/1369
f 1319/1319/1319 1369/1369/1369 1368/1368/1368
f 1320/1320/1320 1321/1321/1321 1370/1370/1370
f 1320/1320/1320 1370/1370/1370 1369/1369/1369
f 1321/1321/1321 1322/1322/1322 1371/1371/1371
f 1321/1321/1321 1371/1371/1371 1370/1370/1370
f 1322/1322/1322 1323/1323/1323 1372/1372/1372
f 1322/1322/1322 1372/1372/1372 1371/1371/1371
f 1324/1324/1324 1325/1325/1325 1374/1374/1374
f 1324/1324/1324 1374/1374/1374 1373/1373/1373
f 1325/1325/1325 1326/1326/1326 1375/1375/1375
f 1325/1325/1325 1375/1375/1375 1374/1374/1374
f 1326/1326/1326 1327/1327/1327 1376/1376/1376
f 1326/1326/1326 1376/1376/1376 1375/1375/1375
f 1327/1327/1327 1328/1328/1328 1377/1377/1377
f 1327/1327/1327 1377/1377/1377 1376/1376/1376
f 1328/1328/1328 1329/1329/1329 1378/1378/1378
f 1328/1328/1328 1378/1378/1378 1377/1377/1377
f 1329/1329/1329 1330/1330/1330 1379/1379/1379
f 1329/1329/1329 1379/1379/1379 1378/1378/1378
f 1330/1330/1330 1331/1331/1331 1380/1380/1380
f 1330/1330/1330 1380/1380/1380 1379/1379/1379
f 1331/1331/1331 1332/1332/1332 1381/1381/1381
f 1331/1331/1331 1381/1381/1381 1380/1380/1380
f 1332/1332/1332 1333/1333/1333 1382/1382/1382
f 1332/1332/1332 1382/1382/1382 1381/1381/1381
f 1333/1333/1333 1334/1334/1334 1383/1383/1383
f 1333/1333/1333 1383/1383/1383 1382/1382/1382
f 1334/1334/1334 1335/1335/1335 1384/1384/1384
f 1334/1334/1334 1384/1384/1384 1383/1383/1383
f 1335/1335/1335 1336/1336/1336 1385/1385/1385
f 1335/1335/1335 1385/1385/1385 1384/1384/1384
f 1336/1336/1336 1337/1337/1337 1386/1386/1386
f 1336/1336/1336 1386/1386/1386 1385/1385/1385
f 1337/1337/1337 1338/1338/1338 1387/1387/1387
f 1337/1337/1337 1387/1387/1387 1386/1386/1386
f 1338/1338/1338 1339/1339/1339 1388/1388/1388
f 1338/1338/1338 1388/1388/1388 1387/1387/1387
f 1339/1339/1339 1340/1340/1340 1389/1389/1389
f 1339/1339/1339 1389/1389/1389 1388/1388/1388
f 1340/1340/1340 1341/1341/1341 1390/1390/1390
f 1340/1340/1340 1390/1390/1390 1389/1389/1389
f 1341/1341/1341 1342/1342/1342 1391/1391/1391
f 1341/1341/1341 1391/1391/1391 1390/1390/1390
f 1342/1342/1342 1343/1343/1343 1392/1392/1392
f 1342/1342/1342 1392/1392/1392 1391/1391/1391
f 1343/1343/1343 1344/1344/1344 1393/1393/1393
f 1343/1343/1343 1393/1393/1393 1392/1392/1392
f 1344/1344/1344 1345/1345/1345 1394/1394/1394
f 1344/1344/1344 1394/1394/1394 1393/1393/1393
f 1345/1345/1345 1346/1346/1346 1395/1395/1395
f 1345/1345/1345 1395/1395/1395 1394/1394/1394
f 1346/1346/1346 1347/1347/1347 1396/1396/1396
f 1346/1346/1346 1396/1396/1396 1395/1395/1395
f 1347/1347/1347 1348/1348/1348 1397/1397/1397
f 1347/1347/1347 1397/1397/1397 1396/1396/1396
f 1348/1348/1348 1349/1349/1349 1398/1398/1398
f 1348/1348/1348 1398/1398/1398 1397/1397/1397
f 1349/1349/1349 1350/1350/1350 1399/1399/1399
f 1349/1349/1349 1399/1399/1399 1398/1398/1398
f 1350/1350/1350 1351/1351/1351 1400/1400/1400
f 1350/1350/1350 1400/1400/1400 1399/1399/1399
f 1351/1351/1351 1352/1352/1352 1401/1401/1401
f 1351/1351/1351 1401/1401/1401 1400/1400/1400
f 1352/1352/1352 1353/1353/1353 1402/1402/1402
f 1352/1352/1352 1402/1402/1402 1401/1401/1401
f 1353/1353/1353 1354/1354/1354 1403/1403/1403
f 1353/1353/1353 1403/1403/1403 1402/1402/1402
f 1354/1354/1354 1355/1355/1355 1404/1404/1404
f 1354/1354/1354 1404/1404/1404 1403/1403/1403
f 1355/1355/1355 1356/1356/1356 1405/1405/1405
f 1355/1355/1355 1405/1405/1405 1404/1404/1404
f 1356/1356/1356 1357/1357/1357 1406/1406/1406
f 1356/1356/1356 1406/1406/1406 1405/1405/1405
f 1357/1357/1357 1358/1358/1358 1407/1407/1407
f 1357/1357/1357 1407/1407/1407 1406/1406/1406
f 1358/1358/1358 1359/1359/1359 1408/1408/1408
f 1358/1358/1358 1408/1408/1408 1407/1407/1407
f 1359/1359/1359 1360/1360/1360 1409/1409/1409
f 1359/1359/1359 1409/1409/1409 1408/1408/1408
f 1360/1360/1360 1361/1361/1361 1410/1410/1410
f 1360/1360/1360 1410/1410/1410 1409/1409/1409
f 1361/1361/1361 1362/1362/1362 1411/1411/1411
f 1361/1361/1361 1411/1411/1411 1410/1410/1410
f 1362/1362/1362 1363/1363/1363 1412/1412/1412
f 1362/1362/1362 1412/1412/1412 1411/1411/1411
f 1363/1363/1363 1364/1364/1364 1413/1413/1413
f 1363/1363/1363 1413/1413/1413 1412/1412/1412
f 1364/1364/1364 1365/1365/1365 1414/1414/1414
f 1364/1364/1364 1414/1414/1414 1413/1413/1413
f 1365/1365/1365 1366/1366/1366 1415/1415/1415
f 1365/1365/1365 1415/1415/1415 1414/1414/1414
f 1366/1366/1366 1367/1367/1367 1416/1416/1416
f 1366/1366/1366 1416/1416/1416 1415/1415/1415
f 1367/1367/1367 1368/1368/1368 1417/1417/1417
f 1367/1367/1367 1417/1417/1417 1416/1416/1416
f 1368/1368/1368 1369/1369/1369 1418/1418/1418
f 1368/1368/1368 1418/1418/1418 1417/1417/1417
f 1369/1369/1369 1370/1370/1370 1419/1419/1419
f 1369/1369/1369 1419/1419/1419 1418/1418/1418
f 1370/1370/1370 1371/1371/1371 1420/1420/1420
f 1370/1370/1370 1420/1420/1420 1419/1419/1419
f 1371/1371/1371 1372/1372/1372 1421/1421/1421
f 1371/1371/1371 1421/1421/1421 1420/1420/1420
f 1373/1373/1373 1374/1374/1374 1423/1423/1423
f 1373/1373/1373 1423/1423/1423 1422/1422/1422
f 1374/1374/1374 1375/1375/1375 1424/1424/1424
f 1374/1374/1374 1424/1424/1424 1423/1423/1423
f 1375/1375/1375 1376/1376/1376 1425/1425/1425
f 1375/1375/1375 1425/1425/1425 1424/1424/1424
f 1376/1376/1376 1377/1377/1377 1426/1426/1426
f 1376/1376/1376 1426/1426/1426 1425/1425/1425
f 1377/1377/1377 1378/1378/1378 1427/1427/1427
f 1377/1377/1377 1427/1427/1427 1426/1426/1426
f 1378/1378/1378 1379/1379/1379 1428/1428/1428
f 1378/1378/1378 1428/1428/1428 1427/1427/1427
f 1379/1379/1379 1380/1380/1380 1429/1429/1429
f 1379/1379/1379 1429/1429/1429 1428/1428/1428
f 1380/1380/1380 1381/1381/1381 1430/1430/1430
f 1380/1380/1380 1430/1430/1430 1429/1429/1429
f 1381/1381/1381 1382/1382/1382 1431/1431/1431
f 1381/1381/1381 1431/1431/1431 1430/1430/1430
f 1382/1382/1382 1383/1383/1383 1432/1432/1432
f 1382/1382/1382 1432/1432/1432 1431/1431/1431
f 1383/1383/1383 1384/1384/1384 1433/1433/1433
f 1383/1383/1383 1433/1433/1433 1432/1432/1432
f 1384/1384/1384 1385/1385/1385 1434/1434/1434
f 1384/1384/1384 1434/1434/1434 1433/1433/1433
f 1385/1385/1385 1386/1386/1386 1435/1435/1435
f 1385/1385/1385 1435/1435/1435 1434/1434/1434
f 1386/1386/1386 1387/1387/1387 1436/1436/1436
f 1386/1386/1386 1436/1436/1436 1435/1435/1435
f 1387/1387/1387 1388/1388/1388 1437/1437/1437
f 1387/1387/1387 1437/1437/1437 1436/1436/1436
f 1388/1388/1388 1389/1389/1389 1438/1438/1438
f 1388/1388/1388 1438/1438/1438 1437/1437/1437
f 1389/1389/1389 1390/1390/1390 1439/1439/1439
f 1389/1389/1389 1439/1439/1439 1438/1438/1438
f 1390/1390/1390 1391/1391/1391 1440/1440/1440
f 1390/1390/1390 1440/1440/1440 1439/1439/1439
f 1391/1391/1391 1392/1392/1392 1441/1441/1441
f 1391/1391/1391 1441/1441/1441 1440/1440/1440
f 1392/1392/1392 1393/1393/1393 1442/1442/1442
f 1392/1392/1392 1442/1442/1442 1441/1441/1441
f 1393/1393/1393 1394/1394/1394 1443/1443/1443
f 1393/1393/1393 1443/1443/1443 1442/1442/1442
f 1394/1394/1394 1395/1395/1395 1444/1444/1444
f 1394/1394/1394 1444/1444/1444 1443/1443/1443
f 1395/1395/1395 1396/1396/1396 1445/1445/1445
f 1395/1395/1395 1445/1445/1445 1444/1444/1444
f 1396/1396/1396 1397/1397/1397 1446/1446/1446
f 1396/1396/1396 1446/1446/1446 1445/1445/1445
f 1397/1397/1397 1398/1398/1398 1447/1447/1447
f 1397/1397/1397 1447/1447/1447 1446/1446/1446
f 1398/1398/1398 1399/1399/1399 1448/1448/1448
f 1398/1398/1398 1448/1448/1448 1447/1447/1447
f 1399/1399/1399 1400/1400/1400 1449/1449/1449
f 1399/1399/1399 1449/1449/1449 1448/1448/1448
f 1400/1400/1400 1401/1401/1401 1450/1450/1450
f 1400/1400/1400 1450/1450/1450 1449/1449/1449
f 1401/1401/1401 1402/1402/1402 1451/1451/1451
f 1401/1401/1401 1451/1451/1451 1450/1450/1450
f 1402/1402/1402 1403/1403/1403 1452/1452/1452
f 1402/1402/1402 1452/1452/1452 1451/1451/1451
f 1403/1403/1403 1404/1404/1404 1453/1453/1453
f 1403/1403/1403 1453/1453/1453 1452/1452/1452
f 1404/1404/1404 1405/1405/1405 1454/1454/1454
f 1404/1404/1404 1454/1454/1454 1453/1453/1453
f 1405/1405/1405 1406/1406/1406 1455/1455/1455
f 1405/1405/1405 1455/1455/1455 1454/1454/1454
f 1406/1406/1406 1407/1407/1407 1456/1456/1456
f 1406/1406/1406 1456/1456/1456 1455/1455/1455
f 1407/1407/1407 1408/1408/1408 1457/1457/1457
f 1407/1407/1407 1457/1457/1457 1456/1456/1456
f 1408/1408/1408 1409/1409/1409 1458/1458/1458
f 1408/1408/1408 1458/1458/1458 1457/1457/1457
f 1409/1409/1409 1410/1410/1410 1459/1459/1459
f 1409/1409/1409 1459/1459/1459 1458/1458/1458
f 1410/1410/1410 1411/1411/1411 1460/1460/1460
f 1410/1410/1410 1460/1460/1460 1459/1459/1459
f 1411/1411/1411 1412/1412/1412 1461/1461/1461
f 1411/1411/1411 1461/1461/1461 1460/1460/1460
f 1412/1412/1412 1413/1413/1413 1462/1462/1462
f 1412/1412/1412 1462/1462/1462 1461/1461/1461
f 1413/1413/1413 1414/1414/1414 1463/1463/1463
f 1413/1413/1413 1463/1463/1463 1462/1462/1462
f 1414/1414/1414 1415/1415/1415 1464/1464/1464
f 1414/1414/1414 1464/1464/1464 1463/1463/1463
f 1415/1415/1415 1416/1416/1416 1465/1465/1465
f 1415/1415/1415 1465/1465/1465 1464/1464/1464
f 1416/1416/1416 1417/1417/1417 1466/1466/1466
f 1416/1416/1416 1466/1466/1466 1465/1465/1465
f 1417/1417/1417 1418/1418/1418 1467/1467/1467
f 1417/1417/1417 1467/1467/1467 1466/1466/1466
f 1418/1418/1418 1419/1419/1419 1468/1468/1468
f 1418/1418/1418 1468/1468/1468 1467/1467/1467
f 1419/1419/1419 1420/1420/1420 1469/1469/1469
f 1419/1419/1419 1469/1469/1469 1468/1468/1468
f 1420/1420/1420 1421/1421/1421 1470/1470/1470
f 1420/1420/1420 1470/1470/1470 1469/1469/1469
f 1422/1422/1422 1423/1423/1423 1472/1472/1472
f 1422/1422/1422 1472/1472/1472 1471/1471/1471
f 1423/1423/1423 1424/1424/1424 1473/1473/1473
f 1423/1423/1423 1473/1473/1473 1472/1472/1472
f 1424/1424/1424 1425/1425/1425 1474/1474/1474
f 1424/1424/1424 1474/1474/1474 1473/1473/1473
f 1425/1425/1425 1426/1426/1426 1475/1475/1475
f 1425/1425/1425 1475/1475/1475 1474/1474/1474
f 1426/1426/1426 1427/1427/1427 1476/1476/1476
f 1426/1426/1426 1476/1476/1476 1475/1475/1475
f 1427/1427/1427 1428/1428/1428 1477/1477/1477
f 1427/1427/1427 1477/1477/1477 1476/1476/1476
f 1428/1428/1428 1429/1429/1429 1478/1478/1478
f 1428/1428/1428 1478/1478/1478 1477/1477/1477
f 1429/1429/1429 1430/1430/1430 1479/1479/1479
f 1429/1429/1429 1479/1479/1479 1478/1478/1478
f 1430/1430/1430 1431/1431/1431 1480/1480/1480
f 1430/1430/1430 1480/1480/1480 1479/1479/1479
f 1431/1431/1431 1432/1432/1432 1481/1481/1481
f 1431/1431/1431 1481/1481/1481 1480/1480/1480
f 1432/1432/1432 1433/1433/1433 1482/1482/1482
f 1432/1432/1432 1482/1482/1482 1481/1481/1481
f 1433/1433/1433 1434/1434/1434 1483/1483/1483
f 1433/1433/1433 1483/1483/1483 1482/1482/1482
f 1434/1434/1434 1435/1435/1435 1484/1484/1484
f 1434/1434/1434 1484/1484/1484 1483/1483/1483
f 1435/1435/1435 1436/1436/1436 1485/1485/1485
f 1435/1435/1435 1485/1485/1485 1484/1484/1484
f 1436/1436/1436 1437/1437/1437 1486/1486/1486
f 1436/1436/1436 1486/1486/1486 1485/1485/1485
f 1437/1437/1437 1438/1438/1438 1487/1487/1487
f 1437/1437/1437 1487/1487/1487 1486/1486/1486
f 1438/1438/1438 1439/1439/1439 1488/1488/1488
f 1438/1438/1438 1488/1488/1488 1487/1487/1487
f 1439/1439/1439 1440/1440/1440 1489/1489/1489
f 1439/1439/1439 1489/1489/1489 1488/1488/1488
f 1440/1440/1440 1441/1441/1441 1490/1490/1490
f 1440/1440/1440 1490/1490/1490 1489/1489/1489
f 1441/1441/1441 1442/1442/1442 1491/1491/1491
f 1441/1441/1441 1491/1491/1491 1490/1490/1490
f 1442/1442/1442 1443/1443/1443 1492/1492/1492
f 1442/1442/1442 1492/1492/1492 1491/1491/1491
f 1443/1443/1443 1444/1444/1444 1493/1493/1493
f 1443/1443/1443 1493/1493/1493 1492/1492/1492
f 1444/1444/1444 1445/1445/1445 1494/1494/1494
f 1444/1444/1444 1494/1494/1494 1493/1493/1493
f 1445/1445/1445 1446/1446/1446 1495/1495/1495
f 1445/1445/1445 1495/1495/1495 1494/1494/1494
f 1446/1446/1446 1447/1447/1447 1496/1496/1496
f 1446/1446/1446 1496/1496/1496 1495/1495/1495
f 1447/1447/1447 1448/1448/1448 1497/1497/1497
f 1447/1447/1447 1497/1497/1497 1496/1496/1496
f 1448/1448/1448 1449/1449/1449 1498/1498/1498
f 1448/1448/1448 1498/1498/1498 1497/1497/1497
f 1449/1449/1449 1450/1450/1450 1499/1499/1499
f 1449/1449/1449 1499/1499/1499 1498/1498/1498
f 1450/1450/1450 1451/1451/1451 1500/1500/1500
f 1450/1450/1450 1500/1500/1500 1499/1499/1499
f 1451/1451/1451 1452/1452/1452 1501/1501/1501
f 1451/1451/1451 1501/1501/1501 1500/1500/1500
f 1452/1452/1452 1453/1453/1453 1502/1502/1502
f 1452/1452/1452 1502/1502/1502 1501/1501/1501
f 1453/1453/1453 1454/1454/1454 1503/1503/1503
f 1453/1453/1453 1503/1503/1503 1502/1502/1502
f 1454/1454/1454 1455/1455/1455 1504/1504/1504
f 1454/1454/1454 1504/1504/1504 1503/1503/1503
f 1455/1455/1455 1456/1456/1456 1505/1505/1505
f 1455/1455/1455 1505/1505/1505 1504/1504/1504
f 1456/1456/1456 1457/1457/1457 1506/1506/1506
f 1456/1456/1456 1506/1506/1506 1505/1505/1505
f 1457/1457/1457 1458/1458/1458 1507/1507/1507
f 1457/1457/1457 1507/1507/1507 1506/1506/1506
f 1458/1458/1458 1459/1459/1459 1508/1508/1508
f 1458/1458/1458 1508/1508/1508 1507/1507/1507
f 1459/1459/1459 1460/1460/1460 1509/1509/1509
f 1459/1459/1459 1509/1509/1509 1508/1508/1508
f 1460/1460/1460 1461/1461/1461 1510/1510/1510
f 1460/1460/1460 1510/1510/1510 1509/1509/1509
f 1461/1461/1461 1462/1462/1462 1511/1511/1511
f 1461/1461/1461 1511/1511/1511 1510/1510/1510
f 1462/1462/1462 1463/1463/1463 1512/1512/1512
f 1462/1462/1462 1512/1512/1512 1511/1511/1511
f 1463/1463/1463 1464/1464/1464 1513/1513/1513
f 1463/1463/1463 1513/1513/1513 1512/1512/1512
f 1464/1464/1464 1465/1465/1465 1514/1514/1514
f 1464/1464/1464 1514/1514/1514 1513/1513/1513
f 1465/1465/1465 1466/1466/1466 1515/1515/1515
f 1465/1465/1465 1515/1515/1515 1514/1514/1514
f 1466/1466/1466 1467/1467/1467 1516/1516/1516
f 1466/1466/1466 1516/1516/1516 1515/1515/1515
f 1467/1467/1467 1468/1468/1468 1517/1517/1517
f 1467/1467/1467 1517/1517/1517 1516/1516/1516
f 1468/1468/1468 1469/1469/1469 1518/1518/1518
f 1468/1468/1468 1518/1518/1518 1517/1517/1517
f 1469/1469/1469 1470/1470/1470 1519/1519/1519
f 1469/1469/1469 1519/1519/1519 1518/1518/1518
f 1471/1471/1471 1472/1472/1472 1521/1521/1521
f 1471/1471/1471 1521/1521/1521 1520/1520/1520
f 1472/1472/1472 1473/1473/1473 1522/1522/1522
f 1472/1472/1472 1522/1522/1522 1521/1521/1521
f 1473/1473/1473 1474/1474/1474 1523/1523/1523
f 1473/1473/1473 1523/1523/1523 1522/1522/1522
f 1474/1474/1474 1475/1475/1475 1524/1524/1524
f 1474/1474/1474 1524/1524/1524 1523/1523/1523
f 1475/1475/1475 1476/1476/1476 1525/1525/1525
f 1475/1475/1475 1525/1525/1525 1524/1524/1524
f 1476/1476/1476 1477/1477/1477 1526/1526/1526
f 1476/1476/1476 1526/1526/1526 1525/1525/1525
f 1477/1477/1477 1478/1478/1478 1527/1527/1527
f 1477/1477/1477 1527/1527/1527 1526/1526/1526
f 1478/1478/1478 1479/1479/1479 1528/1528/1528
f 1478/1478/1478 1528/1528/1528 1527/1527/1527
f 1479/1479/1479 1480/1480/1480 1529/1529/1529
f 1479/1479/1479 1529/1529/1529 1528/1528/1528
f 1480/1480/1480 1481/1481/1481 1530/1530/1530
f 1480/1480/1480 1530/1530/1530 1529/1529/1529
f 1481/1481/1481 1482/1482/1482 1531/1531/1531
f 1481/1481/1481 1531/1531/1531 1530/1530/1530
f 1482/1482/1482 1483/1483/1483 1532/1532/1532
f 1482/1482/1482 1532/1532/1532 1531/1531/1531
f 1483/1483/1483 1484/1484/1484 1533/1533/1533
f 1483/1483/1483 1533/1533/1533 1532/1532/1532
f 1484/1484/1484 1485/1485/1485 1534/1534/1534
f 1484/1484/1484 1534/1534/1534 1533/1533/1533
f 1485/1485/1485 1486/1486/1486 1535/1535/1535
f 1485/1485/1485 1535/1535/1535 1534/1534/1534
f 1486/1486/1486 1487/1487/1487 1536/1536/1536
f 1486/1486/1486 1536/1536/1536 1535/1535/1535
f 1487/1487/1487 1488/1488/1488 1537/1537/1537
f 1487/1487/1487 1537/1537/1537 1536/1536/1536
f 1488/1488/1488 1489/1489/1489 1538/1538/1538
f 1488/1488/1488 1538/1538/1538 1537/1537/1537
f 1489/1489/1489 1490/1490/1490 1539/1539/1539
f 1489/1489/1489 1539/1539/1539 1538/1538/1538
f 1490/1490/1490 1491/1491/1491 1540/1540/1540
f 1490/1490/1490 1540/1540/1540 1539/1539/1539
f 1491/1491/1491 1492/1492/1492 1541/1541/1541
f 1491/1491/1491 1541/1541/1541 1540/1540/1540
f 1492/1492/1492 1493/1493/1493 1542/1542/1542
f 1492/1492/1492 1542/1542/1542 1541/1541/1541
f 1493/1493/1493 1494/1494/1494 1543/1543/1543
f 1493/1493/1493 1543/1543/1543 1542/1542/1542
f 1494/1494/1494 1495/1495/1495 1544/1544/1544
f 1494/1494/1494 1544/1544/1544 1543/1543/1543
f 1495/1495/1495 1496/1496/1496 1545/1545/1545
f 1495/1495/1495 1545/1545/1545 1544/1544/1544
f 1496/1496/1496 1497/1497/1497 1546/1546/1546
f 1496/1496/1496 1546/1546/1546 1545/1545/1545
f 1497/1497/1497 1498/1498/1498 1547/1547/1547
f 1497/1497/1497 1547/1547/1547 1546/1546/1546
f 1498/1498/1498 1499/1499/1499 1548/1548/1548
f 1498/1498/1498 1548/1548/1548 1547/1547/1547
f 1499/1499/1499 1500/1500/1500 1549/1549/1549
f 1499/1499/1499 1549/1549/1549 1548/1548/1548
f 1500/1500/1500 1501/1501/1501 1550/1550/1550
f 1500/1500/1500 1550/1550/1550 1549/1549/1549
f 1501/1501/1501 1502/1502/1502 1551/1551/1551
f 1501/1501/1501 1551/1551/1551 1550/1550/1550
f 1502/1502/1502 1503/1503/1503 1552/1552/1552
f 1502/1502/1502 1552/1552/1552 1551/1551/1551
f 1503/1503/1503 1504/1504/1504 1553/1553/1553
f 1503/1503/1503 1553/1553/1553 1552/1552/1552
f 1504/1504/1504 1505/1505/1505 1554/1554/1554
f 1504/1504/1504 1554/1554/1554 1553/1553/1553
f 1505/1505/1505 1506/1506/1506 1555/1555/1555
f 1505/1505/1505 1555/1555/1555 1554/1554/1554
f 1506/1506/1506 1507/1507/1507 1556/1556/1556
f 1506/1506/1506 1556/1556/1556 1555/1555/1555
f 1507/1507/1507 1508/1508/1508 1557/1557/1557
f 1507/1507/1507 1557/1557/1557 1556/1556/1556
f 1508/1508/1508 1509/1509/1509 1558/1558/1558
f 1508/1508/1508 1558/1558/1558 1557/1557/1557
f 1509/1509/1509 1510/1510/1510 1559/1559/1559
f 1509/1509/1509 1559/1559/1559 1558/1558/1558
f 1510/1510/1510 1511/1511/1511 1560/1560/1560
f 1510/1510/1510 1560/1560/1560 1559/1559/1559
f 1511/1511/1511 1512/1512/1512 1561/1561/1561
f 1511/1511/1511 1561/1561/1561 1560/1560/1560
f 1512/1512/1512 1513/1513/1513 1562/1562/1562
f 1512/1512/1512 1562/1562/1562 1561/1561/1561
f 1513/1513/1513 1514/1514/1514 1563/1563/1563
f 1513/1513/1513 1563/1563/1563 1562/1562/1562
f 1514/1514/1514 1515/1515/1515 1564/1564/1564
f 1514/1514/1514 1564/1564/1564 1563/1563/1563
f 1515/1515/1515 1516/1516/1516 1565/1565/1565
f 1515/1515/1515 1565/1565/1565 1564/1564/1564
f 1516/1516/1516 1517/1517/1517 1566/1566/1566
f 1516/1516/1516 1566/1566/1566 1565/1565/1565
f 1517/1517/1517 1518/1518/1518 1567/1567/1567
f 1517/1517/1517 1567/1567/1567 1566/1566/1566
f 1518/1518/1518 1519/1519/1519 1568/1568/1568
f 1518/1518/1518 1568/1568/1568 1567/1567/1567
f 1520/1520/1520 1521/1521/1521 1570/1570/1570
f 1520/1520/1520 1570/1570/1570 1569/1569/1569
f 1521/1521/1521 1522/1522/1522 1571/1571/1571
f 1521/1521/1521 1571/1571/1571 1570/1570/1570
f 1522/1522/1522 1523/1523/1523 1572/1572/1572
f 1522/1522/1522 1572/1572/1572 1571/1571/1571
f 1523/1523/1523 1524/1524/1524 1573/1573/1573
f 1523/1523/1523 1573/1573/1573 1572/1572/1572
f 1524/1524/1524 1525/1525/1525 1574/1574/1574
f 1524/1524/1524 1574/1574/1574 1573/1573/1573
f 1525/1525/1525 1526/1526/1526 1575/1575/1575
f 1525/1525/1525 1575/1575/1575 1574/1574/1574
f 1526/1526/1526 1527/1527/1527 1576/1576/1576
f 1526/1526/1526 1576/1576/1576 1575/1575/1575
f 1527/1527/1527 1528/1528/1528 1577/1577/1577
f 1527/1527/1527 1577/1577/1577 1576/1576/1576
f 1528/1528/1528 1529/1529/1529 1578/1578/1578
f 1528/1528/1528 1578/1578/1578 1577/1577/1577
f 1529/1529/1529 1530/1530/1530 1579/1579/1579
f 1529/1529/1529 1579/1579/1579 1578/1578/1578
f 1530/1530/1530 1531/1531/1531 1580/1580/1580
f 1530/1530/1530 1580/1580/1580 1579/1579/1579
f 1531/1531/1531 1532/1532/1532 1581/1581/1581
f 1531/1531/1531 1581/1581/1581 1580/1580/1580
f 1532/1532/1532 1533/1533/1533 1582/1582/1582
f 1532/1532/1532 1582/1582/1582 1581/1581/1581
f 1533/1533/1533 1534/1534/1534 1583/1583/1583
f 1533/1533/1533 1583/1583/1583 1582/1582/1582
f 1534/1534/1534 1535/1535/1535 1584/1584/1584
f 1534/1534/1534 1584/1584/1584 1583/1583/1583
f 1535/1535/1535 1536/1536/1536 1585/1585/1585
f 1535/1535/1535 1585/1585/1585 1584/1584/1584
f 1536/1536/1536 1537/1537/1537 1586/1586/1586
f 1536/1536/1536 1586/1586/1586 1585/1585/1585
f 1537/1537/1537 1538/1538/1538 1587/1587/1587
f 1537/1537/1537 1587/1587/1587 1586/1586/1586
f 1538/1538/1538 1539/1539/1539 1588/1588/1588
f 1538/1538/1538 1588/1588/1588 1587/1587/1587
f 1539/1539/1539 1540/1540/1540 1589/1589/1589
f 1539/1539/1539 1589/1589/1589 1588/1588/1588
f 1540/1540/1540 1541/1541/1541 1590/1590/1590
f 1540/1540/1540 1590/1590/1590 1589/1589/1589
f 1541/1541/1541 1542/1542/1542 1591/1591/1591
f 1541/1541/1541 1591/1591/1591 1590/1590/1590
f 1542/1542/1542 1543/1543/1543 1592/1592/1592
f 1542/1542/1542 1592/1592/1592 1591/1591/1591
f 1543/1543/1543 1544/1544/1544 1593/1593/1593
f 1543/1543/1543 1593/1593/1593 1592/1592/1592
f 1544/1544/1544 1545/1545/1545 1594/1594/1594
f 1544/1544/1544 1594/1594/1594 1593/1593/1593
f 1545/1545/1545 1546/1546/1546 1595/1595/1595
f 1545/1545/1545 1595/1595/1595 1594/1594/1594
f 1546/1546/1546 1547/1547/1547 1596/1596/1596
f 1546/1546/1546 1596/1596/1596 1595/1595/1595
f 1547/1547/1547 1548/1548/1548 1597/1597/1597
f 1547/1547/1547 1597/1597/1597 1596/1596/1596
f 1548/1548/1548 1549/1549/1549 1598/1598/1598
f 1548/1548/1548 1598/1598/1598 1597/1597/1597
f 1549/1549/1549 1550/1550/1550 1599/1599/1599
f 1549/1549/1549 1599/1599/1599 1598/1598/1598
f 1550/1550/1550 1551/1551/1551 1600/1600/1600
f 1550/1550/1550 1600/1600/1600 1599/1599/1599
f 1551/1551/1551 1552/1552/1552 1601/1601/1601
f 1551/1551/1551 1601/1601/1601 1600/1600/1600
f 1552/1552/1552 1553/1553/1553 1602/1602/1602
f 1552/1552/1552 1602/1602/1602 1601/1601/1601
f 1553/1553/1553 1554/1554/1554 1603/1603/1603
f 1553/1553/1553 1603/1603/1603 1602/1602/1602
f 1554/1554/1554 1555/1555/1555 1604/1604/1604
f 1554/1554/1554 1604/1604/1604 1603/1603/1603
f 1555/1555/1555 1556/1556/1556 1605/1605/1605
f 1555/1555/1555 1605/1605/1605 1604/1604/1604
f 1556/1556/1556 1557/1557/1557 1606/1606/1606
f 1556/1556/1556 1606/1606/1606 1605/1605/1605
f 1557/1557/1557 1558/1558/1558 1607/1607/1607
f 1557/1557/1557 1607/1607/1607 1606/1606/1606
f 1558/1558/1558 1559/1559/1559 1608/1608/1608
f 1558/1558/1558 1608/1608/1608 1607/1607/1607
f 1559/1559/1559 1560/1560/1560 1609/1609/1609
f 1559/1559/1559 1609/1609/1609 1608/1608/1608
f 1560/1560/1560 1561/1561/1561 1610/1610/1610
f 1560/1560/1560 1610/1610/1610 1609/1609/1609
f 1561/1561/1561 1562/1562/1562 1611/1611/1611
f 1561/1561/1561 1611/1611/1611 1610/1610/1610
f 1562/1562/1562 1563/1563/1563 1612/1612/1612
f 1562/1562/1562 1612/1612/1612 1611/1611/1611
f 1563/1563/1563 1564/1564/1564 1613/1613/1613
f 1563/1563/1563 1613/1613/1613 1612/1612/1612
f 1564/1564/1564 1565/1565/1565 1614/1614/1614
f 1564/1564/1564 1614/1614/1614 1613/1613/1613
f 1565/1565/1565 1566/1566/1566 1615/1615/1615
f 1565/1565/1565 1615/1615/1615 1614/1614/1614
f 1566/1566/1566 1567/1567/1567 1616/1616/1616
f 1566/1566/1566 1616/1616/1616 1615/1615/1615
f 1567/1567/1567 1568/1568/1568 1617/1617/1617
f 1567/1567/1567 1617/1617/1617 1616/1616/1616
f 1569/1569/1569 1570/1570/1570 1619/1619/1619
f 1569/1569/1569 1619/1619/1619 1618/1618/1618
f 1570/1570/1570 1571/1571/1571 1620/1620/1620
f 1570/1570/1570 1620/1620/1620 1619/1619/1619
f 1571/1571/1571 1572/1572/1572 1621/1621/1621
f 1571/1571/1571 1621/1621/1621 1620/1620/1620
f 1572/1572/1572 1573/1573/1573 1622/1622/1622
f 1572/1572/1572 1622/1622/1622 1621/1621/1621
f 1573/1573/1573 1574/1574/1574 1623/1623/1623
f 1573/1573/1573 1623/1623/1623 1622/1622/1622
f 1574/1574/1574 1575/1575/1575 1624/1624/1624
f 1574/1574/1574 1624/1624/1624 1623/1623/1623
f 1575/1575/1575 1576/1576/1576 1625/1625/1625
f 1575/1575/1575 1625/1625/1625 1624/1624/1624
f 1576/1576/1576 1577/1577/1577 1626/1626/1626
f 1576/1576/1576 1626/1626/1626 1625/1625/1625
f 1577/1577/1577 1578/1578/1578 1627/1627/1627
f 1577/1577/1577 1627/1627/1627 1626/1626/1626
f 1578/1578/1578 1579/1579/1579 1628/1628/1628
f 1578/1578/1578 1628/1628/1628 1627/1627/1627
f 1579/1579/1579 1580/1580/1580 1629/1629/1629
f 1579/1579/1579 1629/1629/1629 1628/1628/1628
f 1580/1580/1580 1581/1581/1581 1630/1630/1630
f 1580/1580/1580 1630/1630/1630 1629/1629/1629
f 1581/1581/1581 1582/1582/1582 1631/1631/1631
f 1581/1581/1581 1631/1631/1631 1630/1630/1630
f 1582/1582/1582 1583/1583/1583 1632/1632/1632
f 1582/1582/1582 1632/1632/1632 1631/1631/1631
f 1583/1583/1583 1584/1584/1584 1633/1633/1633
f 1583/1583/1583 1633/1633/1633 1632/1632/1632
f 1584/1584/1584 1585/1585/1585 1634/1634/1634
f 1584/1584/1584 1634/1634/1634 1633/1633/1633
f 1585/1585/1585 1586/1586/1586 1635/1635/1635
f 1585/1585/1585 1635/1635/1635 1634/1634/1634
f 1586/1586/1586 1587/1587/1587 1636/1636/1636
f 1586/1586/1586 1636/1636/1636 1635/1635/1635
f 1587/1587/1587 1588/1588/1588 1637/1637/1637
f 1587/1587/1587 1637/1637/1637 1636/1636/1636
f 1588/1588/1588 1589/1589/1589 1638/1638/1638
f 1588/1588/1588 1638/1638/1638 1637/1637/1637
f 1589/1589/1589 1590/1590/1590 1639/1639/1639
f 1589/1589/1589 1639/1639/1639 1638/1638/1638
f 1590/1590/1590 1591/1591/1591 1640/1640/1640
f 1590/1590/1590 1640/1640/1640 1639/1639/1639
f 1591/1591/1591 1592/1592/1592 1641/1641/1641
f 1591/1591/1591 1641/1641/1641 1640/1640/1640
f 1592/1592/1592 1593/1593/1593 1642/1642/1642
f 1592/1592/1592 1642/1642/1642 1641/1641/1641
f 1593/1593/1593 1594/1594/1594 1643/1643/1643
f 1593/1593/1593 1643/1643/1643 1642/1642/1642
f 1594/1594/1594 1595/1595/1595 1644/1644/1644
f 1594/1594/1594 1644/1644/1644 1643/1643/1643
f 1595/1595/1595 1596/1596/1596 1645/1645/1645
f 1595/1595/1595 1645/1645/1645 1644/1644/1644
f 1596/1596/1596 1597/1597/1597 1646/1646/1646
f 1596/1596/1596 1646/1646/1646 1645/1645/1645
f 1597/1597/1597 1598/1598/1598 1647/1647/1647
f 1597/1597/1597 1647/1647/1647 1646/1646/1646
f 1598/1598/1598 1599/1599/1599 1648/1648/1648
f 1598/1598/1598 1648/1648/1648 1647/1647/1647
f 1599/1599/1599 1600/1600/1600 1649/1649/1649
f 1599/1599/1599 1649/1649/1649 1648/1648/1648
f 1600/1600/1600 1601/1601/1601 1650/1650/1650
f 1600/1600/1600 1650/1650/1650 1649/1649/1649
f 1601/1601/1601 1602/1602/1602 1651/1651/1651
f 1601/1601/1601 1651/1651/1651 1650/1650/1650
f 1602/1602/1602 1603/1603/1603 1652/1652/1652
f 1602/1602/1602 1652/1652/1652 1651/1651/1651
f 1603/1603/1603 1604/1604/1604 1653/1653/1653
f 1603/1603/1603 1653/1653/1653 1652/1652/1652
f 1604/1604/1604 1605/1605/1605 1654/1654/1654
f 1604/1604/1604 1654/1654/1654 1653/1653/1653
f 1605/1605/1605 1606/1606/1606 1655/1655/1655
f 1605/1605/1605 1655/1655/1655 1654/1654/1654
f 1606/1606/1606 1607/1607/1607 1656/1656/1656
f 1606/1606/1606 1656/1656/1656 1655/1655/1655
f 1607/1607/1607 1608/1608/1608 1657/1657/1657
f 1607/1607/1607 1657/1657/1657 1656/1656/1656
f 1608/1608/1608 1609/1609/1609 1658/1658/1658
f 1608/1608/1608 1658/1658/1658 1657/1657/1657
f 1609/1609/1609 1610/1610/1610 1659/1659/1659
f 1609/1609/1609 1659/1659/1659 1658/1658/1658
f 1610/1610/1610 1611/1611/1611 1660/1660/1660
f 1610/1610/1610 1660/1660/1660 1659/1659/1659
f 1611/1611/1611 1612/1612/1612 1661/1661/1661
f 1611/1611/1611 1661/1661/1661 1660/1660/1660
f 1612/1612/1612 1613/1613/1613 1662/1662/1662
f 1612/1612/1612 1662/1662/1662 1661/1661/1661
f 1613/1613/1613 1614/1614/1614 1663/1663/1663
f 1613/1613/1613 1663/1663/1663 1662/1662/1662
f 1614/1614/1614 1615/1615/1615 1664/1664/1664
f 1614/1614/1614 1664/1664/1664 1663/1663/1663
f 1615/1615/1615 1616/1616/1616 1665/1665/1665
f 1615/1615/1615 1665/1665/1665 1664/1664/1664
f 1616/1616/1616 1617/1617/1617 1666/1666/1666
f 1616/1616/1616 1666/1666/1666 1665/1665/1665
f 1618/1618/1618 1619/1619/1619 1668/1668/1668
f 1618/1618/1618 1668/1668/1668 1667/1667/1667
f 1619/1619/1619 1620/1620/1620 1669/1669/1669
f 1619/1619/1619 1669/1669/1669 1668/1668/1668
f 1620/1620/1620 1621/1621/1621 1670/1670/1670
f 1620/1620/1620 1670/1670/1670 1669/1669/1669
f 1621/1621/1621 1622/1622/1622 1671/1671/1671
f 1621/1621/1621 1671/1671/1671 1670/1670/1670
f 1622/1622/1622 1623/1623/1623 1672/1672/1672
f 1622/1622/1622 1672/1672/1672 1671/1671/1671
f 1623/1623/1623 1624/1624/1624 1673/1673/1673
f 1623/1623/1623 1673/1673/1673 1672/1672/1672
f 1624/1624/1624 1625/1625/1625 1674/1674/1674
f 1624/1624/1624 1674/1674/1674 1673/1673/1673
f 1625/1625/1625 1626/1626/1626 1675/1675/1675
f 1625/1625/1625 1675/1675/1675 1674/1674/1674
f 1626/1626/1626 1627/1627/1627 1676/1676/1676
f 1626/1626/1626 1676/1676/1676 1675/1675/1675
f 1627/1627/1627 1628/1628/1628 1677/1677/1677
f 1627/1627/1627 1677/1677/1677 1676/1676/1676
f 1628/1628/1628 1629/1629/1629 1678/1678/1678
f 1628/1628/1628 1678/1678/1678 1677/1677/1677
f 1629/1629/1629 1630/1630/1630 1679/1679/1679
f 1629/1629/1629 1679/1679/1679 1678/1678/1678
f 1630/1630/1630 1631/1631/1631 1680/1680/1680
f 1630/1630/1630 1680/1680/1680 1679/1679/1679
f 1631/1631/1631 1632/1632/1632 1681/1681/1681
f 1631/1631/1631 1681/1681/1681 1680/1680/1680
f 1632/1632/1632 1633/1633/1633 1682/1682/1682
f 1632/1632/1632 1682/1682/1682 1681/1681/1681
f 1633/1633/1633 1634/1634/1634 1683/1683/1683
f 1633/1633/1633 1683/1683/1683 1682/1682/1682
f 1634/1634/1634 1635/1635/1635 1684/1684/1684
f 1634/1634/1634 1684/1684/1684 1683/1683/1683
f 1635/1635/1635 1636/1636/1636 1685/1685/1685
f 1635/1635/1635 1685/1685/1685 1684/1684/1684
f 1636/1636/1636 1637/1637/1637 1686/1686/1686
f 1636/1636/1636 1686/1686/1686 1685/1685/1685
f 1637/1637/1637 1638/1638/1638 1687/1687/1687
f 1637/1637/1637 1687/1687/1687 1686/1686/1686
f 1638/1638/1638 1639/1639/1639 1688/1688/1688
f 1638/1638/1638 1688/1688/1688 1687/1687/1687
f 1639/1639/1639 1640/1640/1640 1689/1689/1689
f 1639/1639/1639 1689/1689/1689 1688/1688/1688
f 1640/1640/1640 1641/1641/1641 1690/1690/1690
f 1640/1640/1640 1690/1690/1690 1689/1689/1689
f 1641/1641/1641 1642/1642/1642 1691/1691/1691
f 1641/1641/1641 1691/1691/1691 1690/1690/1690
f 1642/1642/1642 1643/1643/1643 1692/1692/1692
f 1642/1642/1642 1692/1692/1692 1691/1691/1691
f 1643/1643/1643 1644/1644/1644 1693/1693/1693
f 1643/1643/1643 1693/1693/1693 1692/1692/1692
f 1644/1644/1644 1645/1645/1645 1694/1694/1694
f 1644/1644/1644 1694/1694/1694 1693/1693/1693
f 1645/1645/1645 1646/1646/1646 1695/1695/1695
f 1645/1645/1645 1695/1695/1695 1694/1694/1694
f 1646/1646/1646 1647/1647/1647 1696/1696/1696
f 1646/1646/1646 1696/1696/1696 1695/1695/1695
f 1647/1647/1647 1648/1648/1648 1697/1697/1697
f 1647/1647/1647 1697/1697/1697 1696/1696/1696
f 1648/1648/1648 1649/1649/1649 1698/1698/1698
f 1648/1648/1648 1698/1698/1698 1697/1697/1697
f 1649/1649/1649 1650/1650/1650 1699/1699/1699
f 1649/1649/1649 1699/1699/1699 1698/1698/1698
f 1650/1650/1650 1651/1651/1651 1700/1700/1700
f 1650/1650/1650 1700/1700/1700 1699/1699/1699
f 1651/1651/1651 1652/1652/1652 1701/1701/1701
f 1651/1651/1651 1701/1701/1701 1700/1700/1700
f 1652/1652/1652 1653/1653/1653 1702/1702/1702
f 1652/1652/1652 1702/1702/1702 1701/1701/1701
f 1653/1653/1653 1654/1654/1654 1703/1703/1703
f 1653/1653/1653 1703/1703/1703 1702/1702/1702
f 1654/1654/1654 1655/1655/1655 1704/1704/1704
f 1654/1654/1654 1704/1704/1704 1703/1703/1703
f 1655/1655/1655 1656/1656/1656 1705/1705/1705
f 1655/1655/1655 1705/1705/1705 1704/1704/1704
f 1656/1656/1656 1657/1657/1657 1706/1706/1706
f 1656/1656/1656 1706/1706/1706 1705/1705/1705
f 1657/1657/1657 1658/1658/1658 1707/1707/1707
f 1657/1657/1657 1707/1707/1707 1706/1706/1706
f 1658/1658/1658 1659/1659/1659 1708/1708/1708
f 1658/1658/1658 1708/1708/1708 1707/1707/1707
f 1659/1659/1659 1660/1660/1660 1709/1709/1709
f 1659/1659/1659 1709/1709/1709 1708/1708/1708
f 1660/1660/1660 1661/1661/1661 1710/1710/1710
f 1660/1660/1660 1710/1710/1710 1709/1709/1709
f 1661/1661/1661 1662/1662/1662 1711/1711/1711
f 1661/1661/1661 1711/1711/1711 1710/1710/1710
f 1662/1662/1662 1663/1663/1663 1712/1712/1712
f 1662/1662/1662 1712/1712/1712 1711/1711/1711
f 1663/1663/1663 1664/1664/1664 1713/1713/1713
f 1663/1663/1663 1713/1713/1713 1712/1712/1712
f 1664/1664/1664 1665/1665/1665 1714/1714/1714
f 1664/1664/1664 1714/1714/1714 1713/1713/1713
f 1665/1665/1665 1666/1666/1666 1715/1715/1715
f 1665/1665/1665 1715/1715/1715 1714/1714/1714
f 1667/1667/1667 1668/1668/1668 1717/1717/1717
f 1667/1667/1667 1717/1717/1717 1716/1716/1716
f 1668/1668/1668 1669/1669/1669 1718/1718/1718
f 1668/1668/1668 1718/1718/1718 1717/1717/1717
f 1669/1669/1669 1670/1670/1670 1719/1719/1719
f 1669/1669/1669 1719/1719/1719 1718/1718/1718
f 1670/1670/1670 1671/1671/1671 1720/1720/1720
f 1670/1670/1670 1720/1720/1720 1719/1719/1719
f 1671/1671/1671 1672/1672/1672 1721/1721/1721
f 1671/1671/1671 1721/1721/1721 1720/1720/1720
f 1672/1672/1672 1673/1673/1673 1722/1722/1722
f 1672/1672/1672 1722/1722/1722 1721/1721/1721
f 1673/1673/1673 1674/1674/1674 1723/1723/1723
f 1673/1673/1673 1723/1723/1723 1722/1722/1722
f 1674/1674/1674 1675/1675/1675 1724/1724/1724
f 1674/1674/1674 1724/1724/1724 1723/1723/1723
f 1675/1675/1675 1676/1676/1676 1725/1725/1725
f 1675/1675/1675 1725/1725/1725 1724/1724/1724
f 1676/1676/1676 1677/1677/1677 1726/1726/1726
f 1676/1676/1676 1726/1726/1726 1725/1725/1725
f 1677/1677/1677 1678/1678/1678 1727/1727/1727
f 1677/1677/1677 1727/1727/1727 1726/1726/1726
f 1678/1678/1678 1679/1679/1679 1728/1728/1728
f 1678/1678/1678 1728/1728/1728 1727/1727/1727
f 1679/1679/1679 1680/1680/1680 1729/1729/1729
f 1679/1679/1679 1729/1729/1729 1728/1728/1728
f 1680/1680/1680 1681/1681/1681 1730/1730/1730
f 1680/1680/1680 1730/1730/1730 1729/1729/1729
f 1681/1681/1681 1682/1682/1682 1731/1731/1731
f 1681/1681/1681 1731/1731/1731 1730/1730/1730
f 1682/1682/1682 1683/1683/1683 1732/1732/1732
f 1682/1682/1682 1732/1732/1732 1731/1731/1731
f 1683/1683/1683 1684/1684/1684 1733/1733/1733
f 1683/1683/1683 1733/1733/1733 1732/1732/1732
f 1684/1684/1684 1685/1685/1685 1734/1734/1734
f 1684/1684/1684 1734/1734/1734 1733/1733/1733
f 1685/1685/1685 1686/1686/1686 1735/1735/1735
f 1685/1685/1685 1735/1735/1735 1734/1734/1734
f 1686/1686/1686 1687/1687/1687 1736/1736/1736
f 1686/1686/1686 1736/1736/1736 1735/1735/1735
f 1687/1687/1687 1688/1688/1688 1737/1737/1737
f 1687/1687/1687 1737/1737/1737 1736/1736/1736
f 1688/1688/1688 1689/1689/1689 1738/1738/1738
f 1688/1688/1688 1738/1738/1738 1737/1737/1737
f 1689/1689/1689 1690/1690/1690 1739/1739/1739
f 1689/1689/1689 1739/1739/1739 1738/1738/1738
f 1690/1690/1690 1691/1691/1691 1740/1740/1740
f 1690/1690/1690 1740/1740/1740 1739/1739/1739
f 1691/1691/1691 1692/1692/1692 1741/1741/1741
f 1691/1691/1691 1741/1741/1741 1740/1740/1740
f 1692/1692/1692 1693/1693/1693 1742/1742/1742
f 1692/1692/1692 1742/1742/1742 1741/1741/1741
f 1693/1693/1693 1694/1694/1694 1743/1743/1743
f 1693/1693/1693 1743/1743/1743 1742/1742/1742
f 1694/1694/1694 1695/1695/1695 1744/1744/1744
f 1694/1694/1694 1744/1744/1744 1743/1743/1743
f 1695/1695/1695 1696/1696/1696 1745/1745/1745
f 1695/1695/1695 1745/1745/1745 1744/1744/1744
f 1696/1696/1696 1697/1697/1697 1746/1746/1746
f 1696/1696/1696 1746/1746/1746 1745/1745/1745
f 1697/1697/1697 1698/1698/1698 1747/1747/1747
f 1697/1697/1697 1747/1747/1747 1746/1746/1746
f 1698/1698/1698 1699/1699/1699 1748/1748/1748
f 1698/1698/1698 1748/1748/1748 1747/1747/1747
f 1699/1699/1699 1700/1700/1700 1749/1749/1749
f 1699/1699/1699 1749/1749/1749 1748/1748/1748
f 1700/1700/1700 1701/1701/1701 1750/1750/1750
f 1700/1700/1700 1750/1750/1750 1749/1749/1749
f 1701/1701/1701 1702/1702/1702 1751/1751/1751
f 1701/1701/1701 1751/1751/1751 1750/1750/1750
f 1702/1702/1702 1703/1703/1703 1752/1752/1752
f 1702/1702/1702 1752/1752/1752 1751/1751/1751
f 1703/1703/1703 1704/1704/1704 1753/1753/1753
f 1703/1703/1703 1753/1753/1753 1752/1752/1752
f 1704/1704/1704 1705/1705/1705 1754/1754/1754
f 1704/1704/1704 1754/1754/1754 1753/1753/1753
f 1705/1705/1705 1706/1706/1706 1755/1755/1755
f 1705/1705/1705 1755/1755/1755 1754/1754/1754
f 1706/1706/1706 1707/1707/1707 1756/1756/1756
f 1706/1706/1706 1756/1756/1756 1755/1755/1755
f 1707/1707/1707 1708/1708/1708 1757/1757/1757
f 1707/1707/1707 1757/1757/1757 1756/1756/1756
f 1708/1708/1708 1709/1709/1709 1758/1758/1758
f 1708/1708/1708 1758/1758/1758 1757/1757/1757
f 1709/1709/1709 1710/1710/1710 1759/1759/1759
f 1709/1709/1709 1759/1759/1759 1758/1758/1758
f 1710/1710/1710 1711/1711/1711 1760/1760/1760
f 1710/1710/1710 1760/1760/1760 1759/1759/1759
f 1711/1711/1711 1712/1712/1712 1761/1761/1761
f 1711/1711/1711 1761/1761/1761 1760/1760/1760
f 1712/1712/1712 1713/1713/1713 1762/1762/1762
f 1712/1712/1712 1762/1762/1762 1761/1761/1761
f 1713/1713/1713 1714/1714/1714 1763/1763/1763
f 1713/1713/1713 1763/1763/1763 1762/1762/1762
f 1714/1714/1714 1715/1715/1715 1764/1764/1764
f 1714/1714/1714 1764/1764/1764 1763/1763/1763
f 1716/1716/1716 1717/1717/1717 1766/1766/1766
f 1716/1716/1716 1766/1766/1766 1765/1765/1765
f 1717/1717/1717 1718/1718/1718 1767/1767/1767
f 1717/1717/1717 1767/1767/1767 1766/1766/1766
f 1718/1718/1718 1719/1719/1719 1768/1768/1768
f 1718/1718/1718 1768/1768/1768 1767/1767/1767
f 1719/1719/1719 1720/1720/1720 1769/1769/1769
f 1719/1719/1719 1769/1769/1769 1768/1768/1768
f 1720/1720/1720 1721/1721/1721 1770/1770/1770
f 1720/1720/1720 1770/1770/1770 1769/1769/1769
f 1721/1721/1721 1722/1722/1722 1771/1771/1771
f 1721/1721/1721 1771/1771/1771 1770/1770/1770
f 1722/1722/1722 1723/1723/1723 1772/1772/1772
f 1722/1722/1722 1772/1772/1772 1771/1771/1771
f 1723/1723/1723 1724/1724/1724 1773/1773/1773
f 1723/1723/1723 1773/1773/1773 1772/1772/1772
f 1724/1724/1724 1725/1725/1725 1774/1774/1774
f 1724/1724/1724 1774/1774/1774 1773/1773/1773
f 1725/1725/1725 1726/1726/1726 1775/1775/1775
f 1725/1725/1725 1775/1775/1775 1774/1774/1774
f 1726/1726/1726 1727/1727/1727 1776/1776/1776
f 1726/1726/1726 1776/1776/1776 1775/1775/1775
f 1727/1727/1727 1728/1728/1728 1777/1777/1777
f 1727/1727/1727 1777/1777/1777 1776/1776/1776
f 1728/1728/1728 1729/1729/1729 1778/1778/1778
f 1728/1728/1728 1778/1778/1778 1777/1777/1777
f 1729/1729/1729 1730/1730/1730 1779/1779/1779
f 1729/1729/1729 1779/1779/1779 1778/1778/1778
f 1730/1730/1730 1731/1731/1731 1780/1780/1780
f 1730/1730/1730 1780/1780/1780 1779/1779/1779
f 1731/1731/1731 1732/1732/1732 1781/1781/1781
f 1731/1731/1731 1781/1781/1781 1780/1780/1780
f 1732/1732/1732 1733/1733/1733 1782/1782/1782
f 1732/1732/1732 1782/1782/1782 1781/1781/1781
f 1733/1733/1733 1734/1734/1734 1783/1783/1783
f 1733/1733/1733 1783/1783/1783 1782/1782/1782
f 1734/1734/1734 1735/1735/1735 1784/1784/1784
f 1734/1734/1734 1784/1784/1784 1783/1783/1783
f 1735/1735/1735 1736/1736/1736 1785/1785/1785
f 1735/1735/1735 1785/1785/1785 1784/1784/1784
f 1736/1736/1736 1737/1737/1737 1786/1786/1786
f 1736/1736/1736 1786/1786/1786 1785/1785/1785
f 1737/1737/1737 1738/1738/1738 1787/1787/1787
f 1737/1737/1737 1787/1787/1787 1786/1786/1786
f 1738/1738/1738 1739/1739/1739 1788/1788/1788
f 1738/1738/1738 1788/1788/1788 1787/1787/1787
f 1739/1739/1739 1740/1740/1740 1789/1789/1789
f 1739/1739/1739 1789/1789/1789 1788/1788/1788
f 1740/1740/1740 1741/1741/1741 1790/1790/1790
f 1740/1740/1740 1790/1790/1790 1789/1789/1789
f 1741/1741/1741 1742/1742/1742 1791/1791/1791
f 1741/1741/1741 1791/1791/1791 1790/1790/1790
f 1742/1742/1742 1743/1743/1743 1792/1792/1792
f 1742/1742/1742 1792/1792/1792 1791/1791/1791
f 1743/1743/1743 1744/1744/1744 1793/1793/1793
f 1743/1743/1743 1793/1793/1793 1792/1792/1792
f 1744/1744/1744 1745/1745/1745 1794/1794/1794
f 1744/1744/1744 1794/1794/1794 1793/1793/1793
f 1745/1745/1745 1746/1746/1746 1795/1795/1795
f 1745/1745/1745 1795/1795/1795 1794/1794/1794
f 1746/1746/1746 1747/1747/1747 1796/1796/1796
f 1746/1746/1746 1796/1796/1796 1795/1795/1795
f 1747/1747/1747 1748/1748/1748 1797/1797/1797
f 1747/1747/1747 1797/1797/1797 1796/1796/1796
f 1748/1748/1748 1749/1749/1749 1798/1798/1798
f 1748/1748/1748 1798/1798/1798 1797/1797/1797
f 1749/1749/1749 1750/1750/1750 1799/1799/1799
f 1749/1749/1749 1799/1799/1799 1798/1798/1798
f 1750/1750/1750 1751/1751/1751 1800/1800/1800
f 1750/1750/1750 1800/1800/1800 1799/1799/1799
f 1751/1751/1751 1752/1752/1752 1801/1801/1801
f 1751/1751/1751 1801/1801/1801 1800/1800/1800
f 1752/1752/1752 1753/1753/1753 1802/1802/1802
f 1752/1752/1752 1802/1802/1802 1801/1801/1801
f 1753/1753/1753 1754/1754/1754 1803/1803/1803
f 1753/1753/1753 1803/1803/1803 1802/1802/1802
f 1754/1754/1754 1755/1755/1755 1804/1804/1804
f 1754/1754/1754 1804/1804/1804 1803/1803/1803
f 1755/1755/1755 1756/1756/1756 1805/1805/1805
f 1755/1755/1755 1805/1805/1805 1804/1804/1804
f 1756/1756/1756 1757/1757/1757 1806/1806/1806
f 1756/1756/1756 1806/1806/1806 1805/1805/1805
f 1757/1757/1757 1758/1758/1758 1807/1807/1807
f 1757/1757/1757 1807/1807/1807 1806/1806/1806
f 1758/1758/1758 1759/1759/1759 1808/1808/1808
f 1758/1758/1758 1808/1808/1808 1807/1807/1807
f 1759/1759/1759 1760/1760/1760 1809/1809/1809
f 1759/1759/1759 1809/1809/1809 1808/1808/1808
f 1760/1760/1760 1761/1761/1761 1810/1810/1810
f 1760/1760/1760 1810/1810/1810 1809/1809/1809
f 1761/1761/1761 1762/1762/1762 1811/1811/1811
f 1761/1761/1761 1811/1811/1811 1810/1810/1810
f 1762/1762/1762 1763/1763/1763 1812/1812/1812
f 1762/1762/1762 1812/1812/1812 1811/1811/1811
f 1763/1763/1763 1764/1764/1764 1813/1813/1813
f 1763/1763/1763 1813/1813/1813 1812/1812/1812
f 1765/1765/1765 1766/1766/1766 1815/1815/1815
f 1765/1765/1765 1815/1815/1815 1814/1814/1814
f 1766/1766/1766 1767/1767/1767 1816/1816/1816
f 1766/1766/1766 1816/1816/1816 1815/1815/1815
f 1767/1767/1767 1768/1768/1768 1817/1817/1817
f 1767/1767/1767 1817/1817/1817 1816/1816/1816
f 1768/1768/1768 1769/1769/1769 1818/1818/1818
f 1768/1768/1768 1818/1818/1818 1817/1817/1817
f 1769/1769/1769 1770/1770/1770 1819/1819/1819
f 1769/1769/1769 1819/1819/1819 1818/1818/1818
f 1770/1770/1770 1771/1771/1771 1820/1820/1820
f 1770/1770/1770 1820/1820/1820 1819/1819/1819
f 1771/1771/1771 1772/1772/1772 1821/1821/1821
f 1771/1771/1771 1821/1821/1821 1820/1820/1820
f 1772/1772/1772 1773/1773/1773 1822/1822/1822
f 1772/1772/1772 1822/1822/1822 1821/1821/1821
f 1773/1773/1773 1774/1774/1774 1823/1823/1823
f 1773/1773/1773 1823/1823/1823 1822/1822/1822
f 1774/1774/1774 1775/1775/1775 1824/1824/1824
f 1774/1774/1774 1824/1824/1824 1823/1823/1823
f 1775/1775/1775 1776/1776/1776 1825/1825/1825
f 1775/1775/1775 1825/1825/1825 1824/1824/1824
f 1776/1776/1776 1777/1777/1777 1826/1826/1826
f 1776/1776/1776 1826/1826/1826 1825/1825/1825
f 1777/1777/1777 1778/1778/1778 1827/1827/1827
f 1777/1777/1777 1827/1827/1827 1826/1826/1826
f 1778/1778/1778 1779/1779/1779 1828/1828/1828
f 1778/1778/1778 1828/1828/1828 1827/1827/1827
f 1779/1779/1779 1780/1780/1780 1829/1829/1829
f 1779/1779/1779 1829/1829/1829 1828/1828/1828
f 1780/1780/1780 1781/1781/1781 1830/1830/1830
f 1780/1780/1780 1830/1830/1830 1829/1829/1829
f 1781/1781/1781 1782/1782/1782 1831/1831/1831
f 1781/1781/1781 1831/1831/1831 1830/1830/1830
f 1782/1782/1782 1783/1783/1783 1832/1832/1832
f 1782/1782/1782 1832/1832/1832 1831/1831/1831
f 1783/1783/1783 1784/1784/1784 1833/1833/1833
f 1783/1783/1783 1833/1833/1833 1832/1832/1832
f 1784/1784/1784 1785/1785/1785 1834/1834/1834
f 1784/1784/1784 1834/1834/1834 1833/1833/1833
f 1785/1785/1785 1786/1786/1786 1835/1835/1835
f 1785/1785/1785 1835/1835/1835 1834/1834/1834
f 1786/1786/1786 1787/1787/1787 1836/1836/1836
f 1786/1786/1786 1836/1836/1836 1835/1835/1835
f 1787/1787/1787 1788/1788/1788 1837/1837/1837
f 1787/1787/1787 1837/1837/1837 1836/1836/1836
f 1788/1788/1788 1789/1789/1789 1838/1838/1838
f 1788/1788/1788 1838/1838/1838 1837/1837/1837
f 1789/1789/1789 1790/1790/1790 1839/1839/1839
f 1789/1789/1789 1839/1839/1839 1838/1838/1838
f 1790/1790/1790 1791/1791/1791 1840/1840/1840
f 1790/1790/1790 1840/1840/1840 1839/1839/1839
f 1791/1791/1791 1792/1792/1792 1841/1841/1841
f 1791/1791/1791 1841/1841/1841 1840/1840/1840
f 1792/1792/1792 1793/1793/1793 1842/1842/1842
f 1792/1792/1792 1842/1842/1842 1841/1841/1841
f 1793/1793/1793 1794/1794/1794 1843/1843/1843
f 1793/1793/1793 1843/1843/1843 1842/1842/1842
f 1794/1794/1794 1795/1795/1795 1844/1844/1844
f 1794/1794/1794 1844/1844/1844 1843/1843/1843
f 1795/1795/1795 1796/1796/1796 1845/1845/1845
f 1795/1795/1795 1845/1845/1845 1844/1844/1844
f 1796/1796/1796 1797/1797/1797 1846/1846/1846
f 1796/1796/1796 1846/1846/1846 1845/1845/1845
f 1797/1797/1797 1798/1798/1798 1847/1847/1847
f 1797/1797/1797 1847/1847/1847 1846/1846/1846
f 1798/1798/1798 1799/1799/1799 1848/1848/1848
f 1798/1798/1798 1848/1848/1848 1847/1847/1847
f 1799/1799/1799 1800/1800/1800 1849/1849/1849
f 1799/1799/1799 1849/1849/1849 1848/1848/1848
f 1800/1800/1800 1801/1801/1801 1850/1850/1850
f 1800/1800/1800 1850/1850/1850 1849/1849/1849
f 1801/1801/1801 1802/1802/1802 1851/1851/1851
f 1801/1801/1801 1851/1851/1851 1850/1850/1850
f 1802/1802/1802 1803/1803/1803 1852/1852/1852
f 1802/1802/1802 1852/1852/1852 1851/1851/1851
f 1803/1803/1803 1804/1804/1804 1853/1853/1853
f 1803/1803/1803 1853/1853/1853 1852/1852/1852
f 1804/1804/1804 1805/1805/1805 1854/1854/1854
f 1804/1804/1804 1854/1854/1854 1853/1853/1853
f 1805/1805/1805 1806/1806/1806 1855/1855/1855
f 1805/1805/1805 1855/1855/1855 1854/1854/1854
f 1806/1806/1806 1807/1807/1807 1856/1856/1856
f 1806/1806/1806 1856/1856/1856 1855/1855/1855
f 1807/1807/1807 1808/1808/1808 1857/1857/1857
f 1807/1807/1807 1857/1857/1857 1856/1856/1856
f 1808/1808/1808 1809/1809/1809 1858/1858/1858
f 1808/1808/1808 1858/1858/1858 1857/1857/1857
f 1809/1809/1809 1810/1810/1810 1859/1859/1859
f 1809/1809/1809 1859/1859/1859 1858/1858/1858
f 1810/1810/1810 1811/1811/1811 1860/1860/1860
f 1810/1810/1810 1860/1860/1860 1859/1859/1859
f 1811/1811/1811 1812/1812/1812 1861/1861/1861
f 1811/1811/1811 1861/1861/1861 1860/1860/1860
f 1812/1812/1812 1813/1813/1813 1862/1862/1862
f 1812/1812/1812 1862/1862/1862 1861/1861/1861
f 1814/1814/1814 1815/1815/1815 1864/1864/1864
f 1814/1814/1814 1864/1864/1864 1863/1863/1863
f 1815/1815/1815 1816/1816/1816 1865/1865/1865
f 1815/1815/1815 1865/1865/1865 1864/1864/1864
f 1816/1816/1816 1817/1817/1817 1866/1866/1866
f 1816/1816/1816 1866/1866/1866 1865/1865/1865
f 1817/1817/1817 1818/1818/1818 1867/1867/1867
f 1817/1817/1817 1867/1867/1867 1866/1866/1866
f 1818/1818/1818 1819/1819/1819 1868/1868/1868
f 1818/1818/1818 1868/1868/1868 1867/1867/1867
f 1819/1819/1819 1820/1820/1820 1869/1869/1869
f 1819/1819/1819 1869/1869/1869 1868/1868/1868
f 1820/1820/1820 1821/1821/1821 1870/1870/1870
f 1820/1820/1820 1870/1870/1870 1869/1869/1869
f 1821/1821/1821 1822/1822/1822 1871/1871/1871
f 1821/1821/1821 1871/1871/1871 1870/1870/1870
f 1822/1822/1822 1823/1823/1823 1872/1872/1872
f 1822/1822/1822 1872/1872/1872 1871/1871/1871
f 1823/1823/1823 1824/1824/1824 1873/1873/1873
f 1823/1823/1823 1873/1873/1873 1872/1872/1872
f 1824/1824/1824 1825/1825/1825 1874/1874/1874
f 1824/1824/1824 1874/1874/1874 1873/1873/1873
f 1825/1825/1825 1826/1826/1826 1875/1875/1875
f 1825/1825/1825 1875/1875/1875 1874/1874/1874
f 1826/1826/1826 1827/1827/1827 1876/1876/1876
f 1826/1826/1826 1876/1876/1876 1875/1875/1875
f 1827/1827/1827 1828/1828/1828 1877/1877/1877
f 1827/1827/1827 1877/1877/1877 1876/1876/1876
f 1828/1828/1828 1829/1829/1829 1878/1878/1878
f 1828/1828/1828 1878/1878/1878 1877/1877/1877
f 1829/1829/1829 1830/1830/1830 1879/1879/1879
f 1829/1829/1829 1879/1879/1879 1878/1878/1878
f 1830/1830/1830 1831/1831/1831 1880/1880/1880
f 1830/1830/1830 1880/1880/1880 1879/1879/1879
f 1831/1831/1831 1832/1832/1832 1881/1881/1881
f 1831/1831/1831 1881/1881/1881 1880/1880/1880
f 1832/1832/1832 1833/1833/1833 1882/1882/1882
f 1832/1832/1832 1882/1882/1882 1881/1881/1881
f 1833/1833/1833 1834/1834/1834 1883/1883/1883
f 1833/1833/1833 1883/1883/1883 1882/1882/1882
f 1834/1834/1834 1835/1835/1835 1884/1884/1884
f 1834/1834/1834 1884/1884/1884 1883/1883/1883
f 1835/1835/1835 1836/1836/1836 1885/1885/1885
f 1835/1835/1835 1885/1885/1885 1884/1884/1884
f 1836/1836/1836 1837/1837/1837 1886/1886/1886
f 1836/1836/1836 1886/1886/1886 1885/1885/1885
f 1837/1837/1837 1838/1838/1838 1887/1887/1887
f 1837/1837/1837 1887/1887/1887 1886/1886/1886
f 1838/1838/1838 1839/1839/1839 1888/1888/1888
f 1838/1838/1838 1888/1888/1888 1887/1887/1887
f 1839/1839/1839 1840/1840/1840 1889/1889/1889
f 1839/1839/1839 1889/1889/1889 1888/1888/1888
f 1840/1840/1840 1841/1841/1841 1890/1890/1890
f 1840/1840/1840 1890/1890/1890 1889/1889/1889
f 1841/1841/1841 1842/1842/1842 1891/1891/1891
f 1841/1841/1841 1891/1891/1891 1890/1890/1890
f 1842/1842/1842 1843/1843/1843 1892/1892/1892
f 1842/1842/1842 1892/1892/1892 1891/1891/1891
f 1843/1843/1843 1844/1844/1844 1893/1893/1893
f 1843/1843/1843 1893/1893/1893 1892/1892/1892
f 1844/1844/1844 1845/1845/1845 1894/1894/1894
f 1844/1844/1844 1894/1894/1894 1893/1893/1893
f 1845/1845/1845 1846/1846/1846 1895/1895/1895
f 1845/1845/1845 1895/1895/1895 1894/1894/1894
f 1846/1846/1846 1847/1847/1847 1896/1896/1896
f 1846/1846/1846 1896/1896/1896 1895/1895/1895
f 1847/1847/1847 1848/1848/1848 1897/1897/1897
f 1847/1847/1847 1897/1897/1897 1896/1896/1896
f 1848/1848/1848 1849/1849/1849 1898/1898/1898
f 1848/1848/1848 1898/1898/1898 1897/1897/1897
f 1849/1849/1849 1850/1850/1850 1899/1899/1899
f 1849/1849/1849 1899/1899/1899 1898/1898/1898
f 1850/1850/1850 1851/1851/1851 1900/1900/1900
f 1850/1850/1850 1900/1900/1900 1899/1899/1899
f 1851/1851/1851 1852/1852/1852 1901/1901/1901
f 1851/1851/1851 1901/1901/1901 1900/1900/1900
f 1852/1852/1852 1853/1853/1853 1902/1902/1902
f 1852/1852/1852 1902/1902/1902 1901/1901/1901
f 1853/1853/1853 1854/1854/1854 1903/1903/1903
f 1853/1853/1853 1903/1903/1903 1902/1902/1902
f 1854/1854/1854 1855/1855/1855 1904/1904/1904
f 1854/1854/1854 1904/1904/1904 1903/1903/1903
f 1855/1855/1855 1856/1856/1856 1905/1905/1905
f 1855/1855/1855 1905/1905/1905 1904/1904/1904
f 1856/1856/1856 1857/1857/1857 1906/1906/1906
f 1856/1856/1856 1906/1906/1906 1905/1905/1905
f 1857/1857/1857 1858/1858/1858 1907/1907/1907
f 1857/1857/1857 1907/1907/1907 1906/1906/1906
f 1858/1858/1858 1859/1859/1859 1908/1908/1908
f 1858/1858/1858 1908/1908/1908 1907/1907/1907
f 1859/1859/1859 1860/1860/1860 1909/1909/1909
f 1859/1859/1859 1909/1909/1909 1908/1908/1908
f 1860/1860/1860 1861/1861/1861 1910/1910/1910
f 1860/1860/1860 1910/1910/1910 1909/1909/1909
f 1861/1861/1861 1862/1862/1862 1911/1911/1911
f 1861/1861/1861 1911/1911/1911 1910/1910/1910
f 1863/1863/1863 1864/1864/1864 1913/1913/1913
f 1863/1863/1863 1913/1913/1913 1912/1912/1912
f 1864/1864/1864 1865/1865/1865 1914/1914/1914
f 1864/1864/1864 1914/1914/1914 1913/1913/1913
f 1865/1865/1865 1866/1866/1866 1915/1915/1915
f 1865/1865/1865 1915/1915/1915 1914/1914/1914
f 1866/1866/1866 1867/1867/1867 1916/1916/1916
f 1866/1866/1866 1916/1916/1916 1915/1915/1915
f 1867/1867/1867 1868/1868/1868 1917/1917/1917
f 1867/1867/1867 1917/1917/1917 1916/1916/1916
f 1868/1868/1868 1869/1869/1869 1918/1918/1918
f 1868/1868/1868 1918/1918/1918 1917/1917/1917
f 1869/1869/1869 1870/1870/1870 1919/1919/1919
f 1869/1869/1869 1919/1919/1919 1918/1918/1918
f 1870/1870/1870 1871/1871/1871 1920/1920/1920
f 1870/1870/1870 1920/1920/1920 1919/1919/1919
f 1871/1871/1871 1872/1872/1872 1921/1921/1921
f 1871/1871/1871 1921/1921/1921 1920/1920/1920
f 1872/1872/1872 1873/1873/1873 1922/1922/1922
f 1872/1872/1872 1922/1922/1922 1921/1921/1921
f 1873/1873/1873 1874/1874/1874 1923/1923/1923
f 1873/1873/1873 1923/1923/1923 1922/1922/1922
f 1874/1874/1874 1875/1875/1875 1924/1924/1924
f 1874/1874/1874 1924/1924/1924 1923/1923/1923
f 1875/1875/1875 1876/1876/1876 1925/1925/1925
f 1875/1875/1875 1925/1925/1925 1924/1924/1924
f 1876/1876/1876 1877/1877/1877 1926/1926/1926
f 1876/1876/1876 1926/1926/1926 1925/1925/1925
f 1877/1877/1877 1878/1878/1878 1927/1927/1927
f 1877/1877/1877 1927/1927/1927 1926/1926/1926
f 1878/1878/1878 1879/1879/1879 1928/1928/1928
f 1878/1878/1878 1928/1928/1928 1927/1927/1927
f 1879/1879/1879 1880/1880/1880 1929/1929/1929
f 1879/1879/1879 1929/1929/1929 1928/1928/1928
f 1880/1880/1880 1881/1881/1881 1930/1930/1930
f 1880/1880/1880 1930/1930/1930 1929/1929/1929
f 1881/1881/1881 1882/1882/1882 1931/1931/1931
f 1881/1881/1881 1931/1931/1931 1930/1930/1930
f 1882/1882/1882 1883/1883/1883 1932/1932/1932
f 1882/1882/1882 1932/1932/1932 1931/1931/1931
f 1883/1883/1883 1884/1884/1884 1933/1933/1933
f 1883/1883/1883 1933/1933/1933 1932/1932/1932
f 1884/1884/1884 1885/1885/1885 1934/1934/1934
f 1884/1884/1884 1934/1934/1934 1933/1933/1933
f 1885/1885/1885 1886/1886/1886 1935/1935/1935
f 1885/1885/1885 1935/1935/1935 1934/1934/1934
f 1886/1886/1886 1887/1887/1887 1936/1936/1936
f 1886/1886/1886 1936/1936/1936 1935/1935/1935
f 1887/1887/1887 1888/1888/1888 1937/1937/1937
f 1887/1887/1887 1937/1937/1937 1936/1936/1936
f 1888/1888/1888 1889/1889/1889 1938/1938/1938
f 1888/1888/1888 1938/1938/1938 1937/1937/1937
f 1889/1889/1889 1890/1890/1890 1939/1939/1939
f 1889/1889/1889 1939/1939/1939 1938/1938/1938
f 1890/1890/1890 1891/1891/1891 1940/1940/1940
f 1890/1890/1890 1940/1940/1940 1939/1939/1939
f 1891/1891/1891 1892/1892/1892 1941/1941/1941
f 1891/1891/1891 1941/1941/1941 1940/1940/1940
f 1892/1892/1892 1893/1893/1893 1942/1942/1942
f 1892/1892/1892 1942/1942/1942 1941/1941/1941
f 1893/1893/1893 1894/1894/1894 1943/1943/1943
f 1893/1893/1893 1943/1943/1943 1942/1942/1942
f 1894/1894/1894 1895/1895/1895 1944/1944/1944
f 1894/1894/1894 1944/1944/1944 1943/1943/1943
f 1895/1895/1895 1896/1896/1896 1945/1945/1945
f 1895/1895/1895 1945/1945/1945 1944/1944/1944
f 1896/1896/1896 1897/1897/1897 1946/1946/1946
f 1896/1896/1896 1946/1946/1946 1945/1945/1945
f 1897/1897/1897 1898/1898/1898 1947/1947/1947
f 1897/1897/1897 1947/1947/1947 1946/1946/1946
f 1898/1898/1898 1899/1899/1899 1948/1948/1948
f 1898/1898/1898 1948/1948/1948 1947/1947/1947
f 1899/1899/1899 1900/1900/1900 1949/1949/1949
f 1899/1899/1899 1949/1949/1949 1948/1948/1948
f 1900/1900/1900 1901/1901/1901 1950/1950/1950
f 1900/1900/1900 1950/1950/1950 1949/1949/1949
f 1901/1901/1901 1902/1902/1902 1951/1951/1951
f 1901/1901/1901 1951/1951/1951 1950/1950/1950
f 1902/1902/1902 1903/1903/1903 1952/1952/1952
f 1902/1902/1902 1952/1952/1952 1951/1951/1951
f 1903/1903/1903 1904/1904/1904 1953/1953/1953
f 1903/1903/1903 1953/1953/1953 1952/1952/1952
f 1904/1904/1904 1905/1905/1905 1954/1954/1954
f 1904/1904/1904 1954/1954/1954 1953/1953/1953
f 1905/1905/1905 1906/1906/1906 1955/1955/1955
f 1905/1905/1905 1955/1955/1955 1954/1954/1954
f 1906/1906/1906 1907/1907/1907 1956/1956/1956
f 1906/1906/1906 1956/1956/1956 1955/1955/1955
f 1907/1907/1907 1908/1908/1908 1957/1957/1957
f 1907/1907/1907 1957/1957/1957 1956/1956/1956
f 1908/1908/1908 1909/1909/1909 1958/1958/1958
f 1908/1908/1908 1958/1958/1958 1957/1957/1957
f 1909/1909/1909 1910/1910/1910 1959/1959/1959
f 1909/1909/1909 1959/1959/1959 1958/1958/1958
f 1910/1910/1910 1911/1911/1911 1960/1960/1960
f 1910/1910/1910 1960/1960/1960 1959/1959/1959
f 1912/1912/1912 1913/1913/1913 1962/1962/1962
f 1912/1912/1912 1962/1962/1962 1961/1961/1961
f 1913/1913/1913 1914/1914/1914 1963/1963/1963
f 1913/1913/1913 1963/1963/1963 1962/1962/1962
f 1914/1914/1914 1915/1915/1915 1964/1964/1964
f 1914/1914/1914 1964/1964/1964 1963/1963/1963
f 1915/1915/1915 1916/1916/1916 1965/1965/1965
f 1915/1915/1915 1965/1965/1965 1964/1964/1964
f 1916/1916/1916 1917/1917/1917 1966/1966/1966
f 1916/1916/1916 1966/1966/1966 1965/1965/1965
f 1917/1917/1917 1918/1918/1918 1967/1967/1967
f 1917/1917/1917 1967/1967/1967 1966/1966/1966
f 1918/1918/1918 1919/1919/1919 1968/1968/1968
f 1918/1918/1918 1968/1968/1968 1967/1967/1967
f 1919/1919/1919 1920/1920/1920 1969/1969/1969
f 1919/1919/1919 1969/1969/1969 1968/1968/1968
f 1920/1920/1920 1921/1921/1921 1970/1970/1970
f 1920/1920/1920 1970/1970/1970 1969/1969/1969
f 1921/1921/1921 1922/1922/1922 1971/1971/1971
f 1921/1921/1921 1971/1971/1971 1970/1970/1970
f 1922/1922/1922 1923/1923/1923 1972/1972/1972
f 1922/1922/1922 1972/1972/1972 1971/1971/1971
f 1923/1923/1923 1924/1924/1924 1973/1973/1973
f 1923/1923/1923 1973/1973/1973 1972/1972/1972
f 1924/1924/1924 1925/1925/1925 1974/1974/1974
f 1924/1924/1924 1974/1974/1974 1973/1973/1973
f 1925/1925/1925 1926/1926/1926 1975/1975/1975
f 1925/1925/1925 1975/1975/1975 1974/1974/1974
f 1926/1926/1926 1927/1927/1927 1976/1976/1976
f 1926/1926/1926 1976/1976/1976 1975/1975/1975
f 1927/1927/1927 1928/1928/1928 1977/1977/1977
f 1927/1927/1927 1977/1977/1977 1976/1976/1976
f 1928/1928/1928 1929/1929/1929 1978/1978/1978
f 1928/1928/1928 1978/1978/1978 1977/1977/1977
f 1929/1929/1929 1930/1930/1930 1979/1979/1979
f 1929/1929/1929 1979/1979/1979 1978/1978/1978
f 1930/1930/1930 1931/1931/1931 1980/1980/1980
f 1930/1930/1930 1980/1980/1980 1979/1979/1979
f 1931/1931/1931 1932/1932/1932 1981/1981/1981
f 1931/1931/1931 1981/1981/1981 1980/1980/1980
f 1932/1932/1932 1933/1933/1933 1982/1982/1982
f 1932/1932/1932 1982/1982/1982 1981/1981/1981
f 1933/1933/1933 1934/1934/1934 1983/1983/1983
f 1933/1933/1933 1983/1983/1983 1982/1982/1982
f 1934/1934/1934 1935/1935/1935 1984/1984/1984
f 1934/1934/1934 1984/1984/1984 1983/1983/1983
f 1935/1935/1935 1936/1936/1936 1985/1985/1985
f 1935/1935/1935 1985/1985/1985 1984/1984/1984
f 1936/1936/1936 1937/1937/1937 1986/1986/1986
f 1936/1936/1936 1986/1986/1986 1985/1985/1985
f 1937/1937/1937 1938/1938/1938 1987/1987/1987
f 1937/1937/1937 1987/1987/1987 1986/1986/1986
f 1938/1938/1938 1939/1939/1939 1988/1988/1988
f 1938/1938/1938 1988/1988/1988 1987/1987/1987
f 1939/1939/1939 1940/1940/1940 1989/1989/1989
f 1939/1939/1939 1989/1989/1989 1988/1988/1988
f 1940/1940/1940 1941/1941/1941 1990/1990/1990
f 1940/1940/1940 1990/1990/1990 1989/1989/1989
f 1941/1941/1941 1942/1942/1942 1991/1991/1991
f 1941/1941/1941 1991/1991/1991 1990/1990/1990
f 1942/1942/1942 1943/1943/1943 1992/1992/1992
f 1942/1942/1942 1992/1992/1992 1991/1991/1991
f 1943/1943/1943 1944/1944/1944 1993/1993/1993
f 1943/1943/1943 1993/1993/1993 1992/1992/1992
f 1944/1944/1944 1945/1945/1945 1994/1994/1994
f 1944/1944/1944 1994/1994/1994 1993/1993/1993
f 1945/1945/1945 1946/1946/1946 1995/1995/1995
f 1945/1945/1945 1995/1995/1995 1994/1994/1994
f 1946/1946/1946 1947/1947/1947 1996/1996/1996
f 1946/1946/1946 1996/1996/1996 1995/1995/1995
f 1947/1947/1947 1948/1948/1948 1997/1997/1997
f 1947/1947/1947 1997/1997/1997 1996/1996/1996
f 1948/1948/1948 1949/1949/1949 1998/1998/1998
f 1948/1948/1948 1998/1998/1998 1997/1997/1997
f 1949/1949/1949 1950/1950/1950 1999/1999/1999
f 1949/1949/1949 1999/1999/1999 1998/1998/1998
f 1950/1950/1950 1951/1951/1951 2000/2000/2000
f 1950/1950/1950 2000/2000/2000 1999/1999/1999
f 1951/1951/1951 1952/1952/1952 2001/2001/2001
f 1951/1951/1951 2001/2001/2001 2000/2000/2000
f 1952/1952/1952 1953/1953/1953 2002/2002/2002
f 1952/1952/1952 2002/2002/2002 2001/2001/2001
f 1953/1953/1953 1954/1954/1954 2003/2003/2003
f 1953/1953/1953 2003/2003/2003 2002/2002/2002
f 1954/1954/1954 1955/1955/1955 2004/2004/2004
f 1954/1954/1954 2004/2004/2004 2003/2003/2003
f 1955/1955/1955 1956/1956/1956 2005/2005/2005
f 1955/1955/1955 2005/2005/2005 2004/2004/2004
f 1956/1956/1956 1957/1957/1957 2006/2006/2006
f 1956/1956/1956 2006/2006/2006 2005/2005/2005
f 1957/1957/1957 1958/1958/1958 2007/2007/2007
f 1957/1957/1957 2007/2007/2007 2006/2006/2006
f 1958/1958/1958 1959/1959/1959 2008/2008/2008
f 1958/1958/1958 2008/2008/2008 2007/2007/2007
f 1959/1959/1959 1960/1960/1960 2009/2009/2009
f 1959/1959/1959 2009/2009/2009 2008/2008/2008
f 1961/1961/1961 1962/1962/1962 2011/2011/2011
f 1961/1961/1961 2011/2011/2011 2010/2010/2010
f 1962/1962/1962 1963/1963/1963 2012/2012/2012
f 1962/1962/1962 2012/2012/2012 2011/2011/2011
f 1963/1963/1963 1964/1964/1964 2013/2013/2013
f 1963/1963/1963 2013/2013/2013 2012/2012/2012
f 1964/1964/1964 1965/1965/1965 2014/2014/2014
f 1964/1964/1964 2014/2014/2014 2013/2013/2013
f 1965/1965/1965 1966/1966/1966 2015/2015/2015
f 1965/1965/1965 2015/2015/2015 2014/2014/2014
f 1966/1966/1966 1967/1967/1967 2016/2016/2016
f 1966/1966/1966 2016/2016/2016 2015/2015/2015
f 1967/1967/1967 1968/1968/1968 2017/2017/2017
f 1967/1967/1967 2017/2017/2017 2016/2016/2016
f 1968/1968/1968 1969/1969/1969 2018/2018/2018
f 1968/1968/1968 2018/2018/2018 2017/2017/2017
f 1969/1969/1969 1970/1970/1970 2019/2019/2019
f 1969/1969/1969 2019/2019/2019 2018/2018/2018
f 1970/1970/1970 1971/1971/1971 2020/2020/2020
f 1970/1970/1970 2020/2020/2020 2019/2019/2019
f 1971/1971/1971 1972/1972/1972 2021/2021/2021
f 1971/1971/1971 2021/2021/2021 2020/2020/2020
f 1972/1972/1972 1973/1973/1973 2022/2022/2022
f 1972/1972/1972 2022/2022/2022 2021/2021/2021
f 1973/1973/1973 1974/1974/1974 2023/2023/2023
f 1973/1973/1973 2023/2023/2023 2022/2022/2022
f 1974/1974/1974 1975/1975/1975 2024/2024/2024
f 1974/1974/1974 2024/2024/2024 2023/2023/2023
f 1975/1975/1975 1976/1976/1976 2025/2025/2025
f 1975/1975/1975 2025/2025/2025 2024/2024/2024
f 1976/1976/1976 1977/1977/1977 2026/2026/2026
f 1976/1976/1976 2026/2026/2026 2025/2025/2025
f 1977/1977/1977 1978/1978/1978 2027/2027/2027
f 1977/1977/1977 2027/2027/2027 2026/2026/2026
f 1978/1978/1978 1979/1979/1979 2028/2028/2028
f 1978/1978/1978 2028/2028/2028 2027/2027/2027
f 1979/1979/1979 1980/1980/1980 2029/2029/2029
f 1979/1979/1979 2029/2029/2029 2028/2028/2028
f 1980/1980/1980 1981/1981/1981 2030/2030/2030
f 1980/1980/1980 2030/2030/2030 2029/2029/2029
f 1981/1981/1981 1982/1982/1982 2031/2031/2031
f 1981/1981/1981 2031/2031/2031 2030/2030/2030
f 1982/1982/1982 1983/1983/1983 2032/2032/2032
f 1982/1982/1982 2032/2032/2032 2031/2031/2031
f 1983/1983/1983 1984/1984/1984 2033/2033/2033
f 1983/1983/1983 2033/2033/2033 2032/2032/2032
f 1984/1984/1984 1985/1985/1985 2034/2034/2034
f 1984/1984/1984 2034/2034/2034 2033/2033/2033
f 1985/1985/1985 1986/1986/1986 2035/2035/2035
f 1985/1985/1985 2035/2035/2035 2034/2034/2034
f 1986/1986/1986 1987/1987/1987 2036/2036/2036
f 1986/1986/1986 2036/2036/2036 2035/2035/2035
f 1987/1987/1987 1988/1988/1988 2037/2037/2037
f 1987/1987/1987 2037/2037/2037 2036/2036/2036
f 1988/1988/1988 1989/1989/1989 2038/2038/2038
f 1988/1988/1988 2038/2038/2038 2037/2037/2037
f 1989/1989/1989 1990/1990/1990 2039/2039/2039
f 1989/1989/1989 2039/2039/2039 2038/2038/2038
f 1990/1990/1990 1991/1991/1991 2040/2040/2040
f 1990/1990/1990 2040/2040/2040 2039/2039/2039
f 1991/1991/1991 1992/1992/1992 2041/2041/2041
f 1991/1991/1991 2041/2041/2041 2040/2040/2040
f 1992/1992/1992 1993/1993/1993 2042/2042/2042
f 1992/1992/1992 2042/2042/2042 2041/2041/2041
f 1993/1993/1993 1994/1994/1994 2043/2043/2043
f 1993/1993/1993 2043/2043/2043 2042/2042/2042
f 1994/1994/1994 1995/1995/1995 2044/2044/2044
f 1994/1994/1994 2044/2044/2044 2043/2043/2043
f 1995/1995/1995 1996/1996/1996 2045/2045/2045
f 1995/1995/1995 2045/2045/2045 2044/2044/2044
f 1996/1996/1996 1997/1997/1997 2046/2046/2046
f 1996/1996/1996 2046/2046/2046 2045/2045/2045
f 1997/1997/1997 1998/1998/1998 2047/2047/2047
f 1997/1997/1997 2047/2047/2047 2046/2046/2046
f 1998/1998/1998 1999/1999/1999 2048/2048/2048
f 1998/1998/1998 2048/2048/2048 2047/2047/2047
f 1999/1999/1999 2000/2000/2000 2049/2049/2049
f 1999/1999/1999 2049/2049/2049 2048/2048/2048
f 2000/2000/2000 2001/2001/2001 2050/2050/2050
f 2000/2000/2000 2050/2050/2050 2049/2049/2049
f 2001/2001/2001 2002/2002/2002 2051/2051/2051
f 2001/2001/2001 2051/2051/2051 2050/2050/2050
f 2002/2002/2002 2003/2003/2003 2052/2052/2052
f 2002/2002/2002 2052/2052/2052 2051/2051/2051
f 2003/2003/2003 2004/2004/2004 2053/2053/2053
f 2003/2003/2003 2053/2053/2053 2052/2052/2052
f 2004/2004/2004 2005/2005/2005 2054/2054/2054
f 2004/2004/2004 2054/2054/2054 2053/2053/2053
f 2005/2005/2005 2006/2006/2006 2055/2055/2055
f 2005/2005/2005 2055/2055/2055 2054/2054/2054
f 2006/2006/2006 2007/2007/2007 2056/2056/2056
f 2006/2006/2006 2056/2056/2056 2055/2055/2055
f 2007/2007/2007 2008/2008/2008 2057/2057/2057
f 2007/2007/2007 2057/2057/2057 2056/2056/2056
f 2008/2008/2008 2009/2009/2009 2058/2058/2058
f 2008/2008/2008 2058/2058/2058 2057/2057/2057
f 2010/2010/2010 2011/2011/2011 2060/2060/2060
f 2010/2010/2010 2060/2060/2060 2059/2059/2059
f 2011/2011/2011 2012/2012/2012 2061/2061/2061
f 2011/2011/2011 2061/2061/2061 2060/2060/2060
f 2012/2012/2012 2013/2013/2013 2062/2062/2062
f 2012/2012/2012 2062/2062/2062 2061/2061/2061
f 2013/2013/2013 2014/2014/2014 2063/2063/2063
f 2013/2013/2013 2063/2063/2063 2062/2062/2062
f 2014/2014/2014 2015/2015/2015 2064/2064/2064
f 2014/2014/2014 2064/2064/2064 2063/2063/2063
f 2015/2015/2015 2016/2016/2016 2065/2065/2065
f 2015/2015/2015 2065/2065/2065 2064/2064/2064
f 2016/2016/2016 2017/2017/2017 2066/2066/2066
f 2016/2016/2016 2066/2066/2066 2065/2065/2065
f 2017/2017/2017 2018/2018/2018 2067/2067/2067
f 2017/2017/2017 2067/2067/2067 2066/2066/2066
f 2018/2018/2018 2019/2019/2019 2068/2068/2068
f 2018/2018/2018 2068/2068/2068 2067/2067/2067
f 2019/2019/2019 2020/2020/2020 2069/2069/2069
f 2019/2019/2019 2069/2069/2069 2068/2068/2068
f 2020/2020/2020 2021/2021/2021 2070/2070/2070
f 2020/2020/2020 2070/2070/2070 2069/2069/2069
f 2021/2021/2021 2022/2022/2022 2071/2071/2071
f 2021/2021/2021 2071/2071/2071 2070/2070/2070
f 2022/2022/2022 2023/2023/2023 2072/2072/2072
f 2022/2022/2022 2072/2072/2072 2071/2071/2071
f 2023/2023/2023 2024/2024/2024 2073/2073/2073
f 2023/2023/2023 2073/2073/2073 2072/2072/2072
f 2024/2024/2024 2025/2025/2025 2074/2074/2074
f 2024/2024/2024 2074/2074/2074 2073/2073/2073
f 2025/2025/2025 2026/2026/2026 2075/2075/2075
f 2025/2025/2025 2075/2075/2075 2074/2074/2074
f 2026/2026/2026 2027/2027/2027 2076/2076/2076
f 2026/2026/2026 2076/2076/2076 2075/2075/2075
f 2027/2027/2027 2028/2028/2028 2077/2077/2077
f 2027/2027/2027 2077/2077/2077 2076/2076/2076
f 2028/2028/2028 2029/2029/2029 2078/2078/2078
f 2028/2028/2028 2078/2078/2078 2077/2077/2077
f 2029/2029/2029 2030/2030/2030 2079/2079/2079
f 2029/2029/2029 2079/2079/2079 2078/2078/2078
f 2030/2030/2030 2031/2031/2031 2080/2080/2080
f 2030/2030/2030 2080/2080/2080 2079/2079/2079
f 2031/2031/2031 2032/2032/2032 2081/2081/2081
f 2031/2031/2031 2081/2081/2081 2080/2080/2080
f 2032/2032/2032 2033/2033/2033 2082/2082/2082
f 2032/2032/2032 2082/2082/2082 2081/2081/2081
f 2033/2033/2033 2034/2034/2034 2083/2083/2083
f 2033/2033/2033 2083/2083/2083 2082/2082/2082
f 2034/2034/2034 2035/2035/2035 2084/2084/2084
f 2034/2034/2034 2084/2084/2084 2083/2083/2083
f 2035/2035/2035 2036/2036/2036 2085/2085/2085
f 2035/2035/2035 2085/2085/2085 2084/2084/2084
f 2036/2036/2036 2037/2037/2037 2086/2086/2086
f 2036/2036/2036 2086/2086/2086 2085/2085/2085
f 2037/2037/2037 2038/2038/2038 2087/2087/2087
f 2037/2037/2037 2087/2087/2087 2086/2086/2086
f 2038/2038/2038 2039/2039/2039 2088/2088/2088
f 2038/2038/2038 2088/2088/2088 2087/2087/2087
f 2039/2039/2039 2040/2040/2040 2089/2089/2089
f 2039/2039/2039 2089/2089/2089 2088/2088/2088
f 2040/2040/2040 2041/2041/2041 2090/2090/2090
f 2040/2040/2040 2090/2090/2090 2089/2089/2089
f 2041/2041/2041 2042/2042/2042 2091/2091/2091
f 2041/2041/2041 2091/2091/2091 2090/2090/2090
f 2042/2042/2042 2043/2043/2043 2092/2092/2092
f 2042/2042/2042 2092/2092/2092 2091/2091/2091
f 2043/2043/2043 2044/2044/2044 2093/2093/2093
f 2043/2043/2043 2093/2093/2093 2092/2092/2092
f 2044/2044/2044 2045/2045/2045 2094/2094/2094
f 2044/2044/2044 2094/2094/2094 2093/2093/2093
f 2045/2045/2045 2046/2046/2046 2095/2095/2095
f 2045/2045/2045 2095/2095/2095 2094/2094/2094
f 2046/2046/2046 2047/2047/2047 2096/2096/2096
f 2046/2046/2046 2096/2096/2096 2095/2095/2095
f 2047/2047/2047 2048/2048/2048 2097/2097/2097
f 2047/2047/2047 2097/2097/2097 2096/2096/2096
f 2048/2048/2048 2049/2049/2049 2098/2098/2098
f 2048/2048/2048 2098/2098/2098 2097/2097/2097
f 2049/2049/2049 2050/2050/2050 2099/2099/2099
f 2049/2049/2049 2099/2099/2099 2098/2098/2098
f 2050/2050/2050 2051/2051/2051 2100/2100/2100
f 2050/2050/2050 2100/2100/2100 2099/2099/2099
f 2051/2051/2051 2052/2052/2052 2101/2101/2101
f 2051/2051/2051 2101/2101/2101 2100/2100/2100
f 2052/2052/2052 2053/2053/2053 2102/2102/2102
f 2052/2052/2052 2102/2102/2102 2101/2101/2101
f 2053/2053/2053 2054/2054/2054 2103/2103/2103
f 2053/2053/2053 2103/2103/2103 2102/2102/2102
f 2054/2054/2054 2055/2055/2055 2104/2104/2104
f 2054/2054/2054 2104/2104/2104 2103/2103/2103
f 2055/2055/2055 2056/2056/2056 2105/2105/2105
f 2055/2055/2055 2105/2105/2105 2104/2104/2104
f 2056/2056/2056 2057/2057/2057 2106/2106/2106
f 2056/2056/2056 2106/2106/2106 2105/2105/2105
f 2057/2057/2057 2058/2058/2058 2107/2107/2107
f 2057/2057/2057 2107/2107/2107 2106/2106/2106
f 2059/2059/2059 2060/2060/2060 2109/2109/2109
f 2059/2059/2059 2109/2109/2109 2108/2108/2108
f 2060/2060/2060 2061/2061/2061 2110/2110/2110
f 2060/2060/2060 2110/2110/2110 2109/2109/2109
f 2061/2061/2061 2062/2062/2062 2111/2111/2111
f 2061/2061/2061 2111/2111/2111 2110/2110/2110
f 2062/2062/2062 2063/2063/2063 2112/2112/2112
f 2062/2062/2062 2112/2112/2112 2111/2111/2111
f 2063/2063/2063 2064/2064/2064 2113/2113/2113
f 2063/2063/2063 2113/2113/2113 2112/2112/2112
f 2064/2064/2064 2065/2065/2065 2114/2114/2114
f 2064/2064/2064 2114/2114/2114 2113/2113/2113
f 2065/2065/2065 2066/2066/2066 2115/2115/2115
f 2065/2065/2065 2115/2115/2115 2114/2114/2114
f 2066/2066/2066 2067/2067/2067 2116/2116/2116
f 2066/2066/2066 2116/2116/2116 2115/2115/2115
f 2067/2067/2067 2068/2068/2068 2117/2117/2117
f 2067/2067/2067 2117/2117/2117 2116/2116/2116
f 2068/2068/2068 2069/2069/2069 2118/2118/2118
f 2068/2068/2068 2118/2118/2118 2117/2117/2117
f 2069/2069/2069 2070/2070/2070 2119/2119/2119
f 2069/2069/2069 2119/2119/2119 2118/2118/2118
f 2070/2070/2070 2071/2071/2071 2120/2120/2120
f 2070/2070/2070 2120/2120/2120 2119/2119/2119
f 2071/2071/2071 2072/2072/2072 2121/2121/2121
f 2071/2071/2071 2121/2121/2121 2120/2120/2120
f 2072/2072/2072 2073/2073/2073 2122/2122/2122
f 2072/2072/2072 2122/2122/2122 2121/2121/2121
f 2073/2073/2073 2074/2074/2074 2123/2123/2123
f 2073/2073/2073 2123/2123/2123 2122/2122/2122
f 2074/2074/2074 2075/2075/2075 2124/2124/2124
f 2074/2074/2074 2124/2124/2124 2123/2123/2123
f 2075/2075/2075 2076/2076/2076 2125/2125/2125
f 2075/2075/2075 2125/2125/2125 2124/2124/2124
f 2076/2076/2076 2077/2077/2077 2126/2126/2126
f 2076/2076/2076 2126/2126/2126 2125/2125/2125
f 2077/2077/2077 2078/2078/2078 2127/2127/2127
f 2077/2077/2077 2127/2127/2127 2126/2126/2126
f 2078/2078/2078 2079/2079/2079 2128/2128/2128
f 2078/2078/2078 2128/2128/2128 2127/2127/2127
f 2079/2079/2079 2080/2080/2080 2129/2129/2129
f 2079/2079/2079 2129/2129/2129 2128/2128/2128
f 2080/2080/2080 2081/2081/2081 2130/2130/2130
f 2080/2080/2080 2130/2130/2130 2129/2129/2129
f 2081/2081/2081 2082/2082/2082 2131/2131/2131
f 2081/2081/2081 2131/2131/2131 2130/2130/2130
f 2082/2082/2082 2083/2083/2083 2132/2132/2132
f 2082/2082/2082 2132/2132/2132 2131/2131/2131
f 2083/2083/2083 2084/2084/2084 2133/2133/2133
f 2083/2083/2083 2133/2133/2133 2132/2132/2132
f 2084/2084/2084 2085/2085/2085 2134/2134/2134
f 2084/2084/2084 2134/2134/2134 2133/2133/2133
f 2085/2085/2085 2086/2086/2086 2135/2135/2135
f 2085/2085/2085 2135/2135/2135 2134/2134/2134
f 2086/2086/2086 2087/2087/2087 2136/2136/2136
f 2086/2086/2086 2136/2136/2136 2135/2135/2135
f 2087/2087/2087 2088/2088/2088 2137/2137/2137
f 2087/2087/2087 2137/2137/2137 2136/2136/2136
f 2088/2088/2088 2089/2089/2089 2138/2138/2138
f 2088/2088/2088 2138/2138/2138 2137/2137/2137
f 2089/2089/2089 2090/2090/2090 2139/2139/2139
f 2089/2089/2089 2139/2139/2139 2138/2138/2138
f 2090/2090/2090 2091/2091/2091 2140/2140/2140
f 2090/2090/2090 2140/2140/2140 2139/2139/2139
f 2091/2091/2091 2092/2092/2092 2141/2141/2141
f 2091/2091/2091 2141/2141/2141 2140/2140/2140
f 2092/2092/2092 2093/2093/2093 2142/2142/2142
f 2092/2092/2092 2142/2142/2142 2141/2141/2141
f 2093/2093/2093 2094/2094/2094 2143/2143/2143
f 2093/2093/2093 2143/2143/2143 2142/2142/2142
f 2094/2094/2094 2095/2095/2095 2144/2144/2144
f 2094/2094/2094 2144/2144/2144 2143/2143/2143
f 2095/2095/2095 2096/2096/2096 2145/2145/2145
f 2095/2095/2095 2145/2145/2145 2144/2144/2144
f 2096/2096/2096 2097/2097/2097 2146/2146/2146
f 2096/2096/2096 2146/2146/2146 2145/2145/2145
f 2097/2097/2097 2098/2098/2098 2147/2147/2147
f 2097/2097/2097 2147/2147/2147 2146/2146/2146
f 2098/2098/2098 2099/2099/2099 2148/2148/2148
f 2098/2098/2098 2148/2148/2148 2147/2147/2147
f 2099/2099/2099 2100/2100/2100 2149/2149/2149
f 2099/2099/2099 2149/2149/2149 2148/2148/2148
f 2100/2100/2100 2101/2101/2101 2150/2150/2150
f 2100/2100/2100 2150/2150/2150 2149/2149/2149
f 2101/2101/2101 2102/2102/2102 2151/2151/2151
f 2101/2101/2101 2151/2151/2151 2150/2150/2150
f 2102/2102/2102 2103/2103/2103 2152/2152/2152
f 2102/2102/2102 2152/2152/2152 2151/2151/2151
f 2103/2103/2103 2104/2104/2104 2153/2153/2153
f 2103/2103/2103 2153/2153/2153 2152/2152/2152
f 2104/2104/2104 2105/2105/2105 2154/2154/2154
f 2104/2104/2104 2154/2154/2154 2153/2153/2153
f 2105/2105/2105 2106/2106/2106 2155/2155/2155
f 2105/2105/2105 2155/2155/2155 2154/2154/2154
f 2106/2106/2106 2107/2107/2107 2156/2156/2156
f 2106/2106/2106 2156/2156/2156 2155/2155/2155
f 2108/2108/2108 2109/2109/2109 2158/2158/2158
f 2108/2108/2108 2158/2158/2158 2157/2157/2157
f 2109/2109/2109 2110/2110/2110 2159/2159/2159
f 2109/2109/2109 2159/2159/2159 2158/2158/2158
f 2110/2110/2110 2111/2111/2111 2160/2160/2160
f 2110/2110/2110 2160/2160/2160 2159/2159/2159
f 2111/2111/2111 2112/2112/2112 2161/2161/2161
f 2111/2111/2111 2161/2161/2161 2160/2160/2160
f 2112/2112/2112 2113/2113/2113 2162/2162/2162
f 2112/2112/2112 2162/2162/2162 2161/2161/2161
f 2113/2113/2113 2114/2114/2114 2163/2163/2163
f 2113/2113/2113 2163/2163/2163 2162/2162/2162
f 2114/2114/2114 2115/2115/2115 2164/2164/2164
f 2114/2114/2114 2164/2164/2164 2163/2163/2163
f 2115/2115/2115 2116/2116/2116 2165/2165/2165
f 2115/2115/2115 2165/2165/2165 2164/2164/2164
f 2116/2116/2116 2117/2117/2117 2166/2166/2166
f 2116/2116/2116 2166/2166/2166 2165/2165/2165
f 2117/2117/2117 2118/2118/2118 2167/2167/2167
f 2117/2117/2117 2167/2167/2167 2166/2166/2166
f 2118/2118/2118 2119/2119/2119 2168/2168/2168
f 2118/2118/2118 2168/2168/2168 2167/2167/2167
f 2119/2119/2119 2120/2120/2120 2169/2169/2169
f 2119/2119/2119 2169/2169/2169 2168/2168/2168
f 2120/2120/2120 2121/2121/2121 2170/2170/2170
f 2120/2120/2120 2170/2170/2170 2169/2169/2169
f 2121/2121/2121 2122/2122/2122 2171/2171/2171
f 2121/2121/2121 2171/2171/2171 2170/2170/2170
f 2122/2122/2122 2123/2123/2123 2172/2172/2172
f 2122/2122/2122 2172/2172/2172 2171/2171/2171
f 2123/2123/2123 2124/2124/2124 2173/2173/2173
f 2123/2123/2123 2173/2173/2173 2172/2172/2172
f 2124/2124/2124 2125/2125/2125 2174/2174/2174
f 2124/2124/2124 2174/2174/2174 2173/2173/2173
f 2125/2125/2125 2126/2126/2126 2175/2175/2175
f 2125/2125/2125 2175/2175/2175 2174/2174/2174
f 2126/2126/2126 2127/2127/2127 2176/2176/2176
f 2126/2126/2126 2176/2176/2176 2175/2175/2175
f 2127/2127/2127 2128/2128/2128 2177/2177/2177
f 2127/2127/2127 2177/2177/2177 2176/2176/2176
f 2128/2128/2128 2129/2129/2129 2178/2178/2178
f 2128/2128/2128 2178/2178/2178 2177/2177/2177
f 2129/2129/2129 2130/2130/2130 2179/2179/2179
f 2129/2129/2129 2179/2179/2179 2178/2178/2178
f 2130/2130/2130 2131/2131/2131 2180/2180/2180
f 2130/2130/2130 2180/2180/2180 2179/2179/2179
f 2131/2131/2131 2132/2132/2132 2181/2181/2181
f 2131/2131/2131 2181/2181/2181 2180/2180/2180
f 2132/2132/2132 2133/2133/2133 2182/2182/2182
f 2132/2132/2132 2182/2182/2182 2181/2181/2181
f 2133/2133/2133 2134/2134/2134 2183/2183/2183
f 2133/2133/2133 2183/2183/2183 2182/2182/2182
f 2134/2134/2134 2135/2135/2135 2184/2184/2184
f 2134/2134/2134 2184/2184/2184 2183/2183/2183
f 2135/2135/2135 2136/2136/2136 2185/2185/2185
f 2135/2135/2135 2185/2185/2185 2184/2184/2184
f 2136/2136/2136 2137/2137/2137 2186/2186/2186
f 2136/2136/2136 2186/2186/2186 2185/2185/2185
f 2137/2137/2137 2138/2138/2138 2187/2187/2187
f 2137/2137/2137 2187/2187/2187 2186/2186/2186
f 2138/2138/2138 2139/2139/2139 2188/2188/2188
f 2138/2138/2138 2188/2188/2188 2187/2187/2187
f 2139/2139/2139 2140/2140/2140 2189/2189/2189
f 2139/2139/2139 2189/2189/2189 2188/2188/2188
f 2140/2140/2140 2141/2141/2141 2190/2190/2190
f 2140/2140/2140 2190/2190/2190 2189/2189/2189
f 2141/2141/2141 2142/2142/2142 2191/2191/2191
f 2141/2141/2141 2191/2191/2191 2190/2190/2190
f 2142/2142/2142 2143/2143/2143 2192/2192/2192
f 2142/2142/2142 2192/2192/2192 2191/2191/2191
f 2143/2143/2143 2144/2144/2144 2193/2193/2193
f 2143/2143/2143 2193/2193/2193 2192/2192/2192
f 2144/2144/2144 2145/2145/2145 2194/2194/2194
f 2144/2144/2144 2194/2194/2194 2193/2193/2193
f 2145/2145/2145 2146/2146/2146 2195/2195/2195
f 2145/2145/2145 2195/2195/2195 2194/2194/2194
f 2146/2146/2146 2147/2147/2147 2196/2196/2196
f 2146/2146/2146 2196/2196/2196 2195/2195/2195
f 2147/2147/2147 2148/2148/2148 2197/2197/2197
f 2147/2147/2147 2197/2197/2197 2196/2196/2196
f 2148/2148/2148 2149/2149/2149 2198/2198/2198
f 2148/2148/2148 2198/2198/2198 2197/2197/2197
f 2149/2149/2149 2150/2150/2150 2199/2199/2199
f 2149/2149/2149 2199/2199/2199 2198/2198/2198
f 2150/2150/2150 2151/2151/2151 2200/2200/2200
f 2150/2150/2150 2200/2200/2200 2199/2199/2199
f 2151/2151/2151 2152/2152/2152 2201/2201/2201
f 2151/2151/2151 2201/2201/2201 2200/2200/2200
f 2152/2152/2152 2153/2153/2153 2202/2202/2202
f 2152/2152/2152 2202/2202/2202 2201/2201/2201
f 2153/2153/2153 2154/2154/2154 2203/2203/2203
f 2153/2153/2153 2203/2203/2203 2202/2202/2202
f 2154/2154/2154 2155/2155/2155 2204/2204/2204
f 2154/2154/2154 2204/2204/2204 2203/2203/2203
f 2155/2155/2155 2156/2156/2156 2205/2205/2205
f 2155/2155/2155 2205/2205/2205 2204/2204/2204
f 2157/2157/2157 2158/2158/2158 2207/2207/2207
f 2157/2157/2157 2207/2207/2207 2206/2206/2206
f 2158/2158/2158 2159/2159/2159 2208/2208/2208
f 2158/2158/2158 2208/2208/2208 2207/2207/2207
f 2159/2159/2159 2160/2160/2160 2209/2209/2209
f 2159/2159/2159 2209/2209/2209 2208/2208/2208
f 2160/2160/2160 2161/2161/2161 2210/2210/2210
f 2160/2160/2160 2210/2210/2210 2209/2209/2209
f 2161/2161/2161 2162/2162/2162 2211/2211/2211
f 2161/2161/2161 2211/2211/2211 2210/2210/2210
f 2162/2162/2162 2163/2163/2163 2212/2212/2212
f 2162/2162/2162 2212/2212/2212 2211/2211/2211
f 2163/2163/2163 2164/2164/2164 2213/2213/2213
f 2163/2163/2163 2213/2213/2213 2212/2212/2212
f 2164/2164/2164 2165/2165/2165 2214/2214/2214
f 2164/2164/2164 2214/2214/2214 2213/2213/2213
f 2165/2165/2165 2166/2166/2166 2215/2215/2215
f 2165/2165/2165 2215/2215/2215 2214/2214/2214
f 2166/2166/2166 2167/2167/2167 2216/2216/2216
f 2166/2166/2166 2216/2216/2216 2215/2215/2215
f 2167/2167/2167 2168/2168/2168 2217/2217/2217
f 2167/2167/2167 2217/2217/2217 2216/2216/2216
f 2168/2168/2168 2169/2169/2169 2218/2218/2218
f 2168/2168/2168 2218/2218/2218 2217/2217/2217
f 2169/2169/2169 2170/2170/2170 2219/2219/2219
f 2169/2169/2169 2219/2219/2219 2218/2218/2218
f 2170/2170/2170 2171/2171/2171 2220/2220/2220
f 2170/2170/2170 2220/2220/2220 2219/2219/2219
f 2171/2171/2171 2172/2172/2172 2221/2221/2221
f 2171/2171/2171 2221/2221/2221 2220/2220/2220
f 2172/2172/2172 2173/2173/2173 2222/2222/2222
f 2172/2172/2172 2222/2222/2222 2221/2221/2221
f 2173/2173/2173 2174/2174/2174 2223/2223/2223
f 2173/2173/2173 2223/2223/2223 2222/2222/2222
f 2174/2174/2174 2175/2175/2175 2224/2224/2224
f 2174/2174/2174 2224/2224/2224 2223/2223/2223
f 2175/2175/2175 2176/2176/2176 2225/2225/2225
f 2175/2175/2175 2225/2225/2225 2224/2224/2224
f 2176/2176/2176 2177/2177/2177 2226/2226/2226
f 2176/2176/2176 2226/2226/2226 2225/2225/2225
f 2177/2177/2177 2178/2178/2178 2227/2227/2227
f 2177/2177/2177 2227/2227/2227 2226/2226/2226
f 2178/2178/2178 2179/2179/2179 2228/2228/2228
f 2178/2178/2178 2228/2228/2228 2227/2227/2227
f 2179/2179/2179 2180/2180/2180 2229/2229/2229
f 2179/2179/2179 2229/2229/2229 2228/2228/2228
f 2180/2180/2180 2181/2181/2181 2230/2230/2230
f 2180/2180/2180 2230/2230/2230 2229/2229/2229
f 2181/2181/2181 2182/2182/2182 2231/2231/2231
f 2181/2181/2181 2231/2231/2231 2230/2230/2230
f 2182/2182/2182 2183/2183/2183 2232/2232/2232
f 2182/2182/2182 2232/2232/2232 2231/2231/2231
f 2183/2183/2183 2184/2184/2184 2233/2233/2233
f 2183/2183/2183 2233/2233/2233 2232/2232/2232
f 2184/2184/2184 2185/2185/2185 2234/2234/2234
f 2184/2184/2184 2234/2234/2234 2233/2233/2233
f 2185/2185/2185 2186/2186/2186 2235/2235/2235
f 2185/2185/2185 2235/2235/2235 2234/2234/2234
f 2186/2186/2186 2187/2187/2187 2236/2236/2236
f 2186/2186/2186 2236/2236/2236 2235/2235/2235
f 2187/2187/2187 2188/2188/2188 2237/2237/2237
f 2187/2187/2187 2237/2237/2237 2236/2236/2236
f 2188/2188/2188 2189/2189/2189 2238/2238/2238
f 2188/2188/2188 2238/2238/2238 2237/2237/2237
f 2189/2189/2189 2190/2190/2190 2239/2239/2239
f 2189/2189/2189 2239/2239/2239 2238/2238/2238
f 2190/2190/2190 2191/2191/2191 2240/2240/2240
f 2190/2190/2190 2240/2240/2240 2239/2239/2239
f 2191/2191/2191 2192/2192/2192 2241/2241/2241
f 2191/2191/2191 2241/2241/2241 2240/2240/2240
f 2192/2192/2192 2193/2193/2193 2242/2242/2242
f 2192/2192/2192 2242/2242/2242 2241/2241/2241
f 2193/2193/2193 2194/2194/2194 2243/2243/2243
f 2193/2193/2193 2243/2243/2243 2242/2242/2242
f 2194/2194/2194 2195/2195/2195 2244/2244/2244
f 2194/2194/2194 2244/2244/2244 2243/2243/2243
f 2195/2195/2195 2196/2196/2196 2245/2245/2245
f 2195/2195/2195 2245/2245/2245 2244/2244/2244
f 2196/2196/2196 2197/2197/2197 2246/2246/2246
f 2196/2196/2196 2246/2246/2246 2245/2245/2245
f 2197/2197/2197 2198/2198/2198 2247/2247/2247
f 2197/2197/2197 2247/2247/2247 2246/2246/2246
f 2198/2198/2198 2199/2199/2199 2248/2248/2248
f 2198/2198/2198 2248/2248/2248 2247/2247/2247
f 2199/2199/2199 2200/2200/2200 2249/2249/2249
f 2199/2199/2199 2249/2249/2249 2248/2248/2248
f 2200/2200/2200 2201/2201/2201 2250/2250/2250
f 2200/2200/2200 2250/2250/2250 2249/2249/2249
f 2201/2201/2201 2202/2202/2202 2251/2251/2251
f 2201/2201/2201 2251/2251/2251 2250/2250/2250
f 2202/2202/2202 2203/2203/2203 2252/2252/2252
f 2202/2202/2202 2252/2252/2252 2251/2251/2251
f 2203/2203/2203 2204/2204/2204 2253/2253/2253
f 2203/2203/2203 2253/2253/2253 2252/2252/2252
f 2204/2204/2204 2205/2205/2205 2254/2254/2254
f 2204/2204/2204 2254/2254/2254 2253/2253/2253
f 2206/2206/2206 2207/2207/2207 2256/2256/2256
f 2206/2206/2206 2256/2256/2256 2255/2255/2255
f 2207/2207/2207 2208/2208/2208 2257/2257/2257
f 2207/2207/2207 2257/2257/2257 2256/2256/2256
f 2208/2208/2208 2209/2209/2209 2258/2258/2258
f 2208/2208/2208 2258/2258/2258 2257/2257/2257
f 2209/2209/2209 2210/2210/2210 2259/2259/2259
f 2209/2209/2209 2259/2259/2259 2258/2258/2258
f 2210/2210/2210 2211/2211/2211 2260/2260/2260
f 2210/2210/2210 2260/2260/2260 2259/2259/2259
f 2211/2211/2211 2212/2212/2212 2261/2261/2261
f 2211/2211/2211 2261/2261/2261 2260/2260/2260
f 2212/2212/2212 2213/2213/2213 2262/2262/2262
f 2212/2212/2212 2262/2262/2262 2261/2261/2261
f 2213/2213/2213 2214/2214/2214 2263/2263/2263
f 2213/2213/2213 2263/2263/2263 2262/2262/2262
f 2214/2214/2214 2215/2215/2215 2264/2264/2264
f 2214/2214/2214 2264/2264/2264 2263/2263/2263
f 2215/2215/2215 2216/2216/2216 2265/2265/2265
f 2215/2215/2215 2265/2265/2265 2264/2264/2264
f 2216/2216/2216 2217/2217/2217 2266/2266/2266
f 2216/2216/2216 2266/2266/2266 2265/2265/2265
f 2217/2217/2217 2218/2218/2218 2267/2267/2267
f 2217/2217/2217 2267/2267/2267 2266/2266/2266
f 2218/2218/2218 2219/2219/2219 2268/2268/2268
f 2218/2218/2218 2268/2268/2268 2267/2267/2267
f 2219/2219/2219 2220/2220/2220 2269/2269/2269
f 2219/2219/2219 2269/2269/2269 2268/2268/2268
f 2220/2220/2220 2221/2221/2221 2270/2270/2270
f 2220/2220/2220 2270/2270/2270 2269/2269/2269
f 2221/2221/2221 2222/2222/2222 2271/2271/2271
f 2221/2221/2221 2271/2271/2271 2270/2270/2270
f 2222/2222/2222 2223/2223/2223 2272/2272/2272
f 2222/2222/2222 2272/2272/2272 2271/2271/2271
f 2223/2223/2223 2224/2224/2224 2273/2273/2273
f 2223/2223/2223 2273/2273/2273 2272/2272/2272
f 2224/2224/2224 2225/2225/2225 2274/2274/2274
f 2224/2224/2224 2274/2274/2274 2273/2273/2273
f 2225/2225/2225 2226/2226/2226 2275/2275/2275
f 2225/2225/2225 2275/2275/2275 2274/2274/2274
f 2226/2226/2226 2227/2227/2227 2276/2276/2276
f 2226/2226/2226 2276/2276/2276 2275/2275/2275
f 2227/2227/2227 2228/2228/2228 2277/2277/2277
f 2227/2227/2227 2277/2277/2277 2276/2276/2276
f 2228/2228/2228 2229/2229/2229 2278/2278/2278
f 2228/2228/2228 2278/2278/2278 2277/2277/2277
f 2229/2229/2229 2230/2230/2230 2279/2279/2279
f 2229/2229/2229 2279/2279/2279 2278/2278/2278
f 2230/2230/2230 2231/2231/2231 2280/2280/2280
f 2230/2230/2230 2280/2280/2280 2279/2279/2279
f 2231/2231/2231 2232/2232/2232 2281/2281/2281
f 2231/2231/2231 2281/2281/2281 2280/2280/2280
f 2232/2232/2232 2233/2233/2233 2282/2282/2282
f 2232/2232/2232 2282/2282/2282 2281/2281/2281
f 2233/2233/2233 2234/2234/2234 2283/2283/2283
f 2233/2233/2233 2283/2283/2283 2282/2282/2282
f 2234/2234/2234 2235/2235/2235 2284/2284/2284
f 2234/2234/2234 2284/2284/2284 2283/2283/2283
f 2235/2235/2235 2236/2236/2236 2285/2285/2285
f 2235/2235/2235 2285/2285/2285 2284/2284/2284
f 2236/2236/2236 2237/2237/2237 2286/2286/2286
f 2236/2236/2236 2286/2286/2286 2285/2285/2285
f 2237/2237/2237 2238/2238/2238 2287/2287/2287
f 2237/2237/2237 2287/2287/2287 2286/2286/2286
f 2238/2238/2238 2239/2239/2239 2288/2288/2288
f 2238/2238/2238 2288/2288/2288 2287/2287/2287
f 2239/2239/2239 2240/2240/2240 2289/2289/2289
f 2239/2239/2239 2289/2289/2289 2288/2288/2288
f 2240/2240/2240 2241/2241/2241 2290/2290/2290
f 2240/2240/2240 2290/2290/2290 2289/2289/2289
f 2241/2241/2241 2242/2242/2242 2291/2291/2291
f 2241/2241/2241 2291/2291/2291 2290/2290/2290
f 2242/2242/2242 2243/2243/2243 2292/2292/2292
f 2242/2242/2242 2292/2292/2292 2291/2291/2291
f 2243/2243/2243 2244/2244/2244 2293/2293/2293
f 2243/2243/2243 2293/2293/2293 2292/2292/2292
f 2244/2244/2244 2245/2245/2245 2294/2294/2294
f 2244/2244/2244 2294/2294/2294 2293/2293/2293
f 2245/2245/2245 2246/2246/2246 2295/2295/2295
f 2245/2245/2245 2295/2295/2295 2294/2294/2294
f 2246/2246/2246 2247/2247/2247 2296/2296/2296
f 2246/2246/2246 2296/2296/2296 2295/2295/2295
f 2247/2247/2247 2248/2248/2248 2297/2297/2297
f 2247/2247/2247 2297/2297/2297 2296/2296/2296
f 2248/2248/2248 2249/2249/2249 2298/2298/2298
f 2248/2248/2248 2298/2298/2298 2297/2297/2297
f 2249/2249/2249 2250/2250/2250 2299/2299/2299
f 2249/2249/2249 2299/2299/2299 2298/2298/2298
f 2250/2250/2250 2251/2251/2251 2300/2300/2300
f 2250/2250/2250 2300/2300/2300 2299/2299/2299
f 2251/2251/2251 2252/2252/2252 2301/2301/2301
f 2251/2251/2251 2301/2301/2301 2300/2300/2300
f 2252/2252/2252 2253/2253/2253 2302/2302/2302
f 2252/2252/2252 2302/2302/2302 2301/2301/2301
f 2253/2253/2253 2254/2254/2254 2303/2303/2303
f 2253/2253/2253 2303/2303/2303 2302/2302/2302
f 2255/2255/2255 2256/2256/2256 2305/2305/2305
f 2255/2255/2255 2305/2305/2305 2304/2304/2304
f 2256/2256/2256 2257/2257/2257 2306/2306/2306
f 2256/2256/2256 2306/2306/2306 2305/2305/2305
f 2257/2257/2257 2258/2258/2258 2307/2307/2307
f 2257/2257/2257 2307/2307/2307 2306/2306/2306
f 2258/2258/2258 2259/2259/2259 2308/2308/2308
f 2258/2258/2258 2308/2308/2308 2307/2307/2307
f 2259/2259/2259 2260/2260/2260 2309/2309/2309
f 2259/2259/2259 2309/2309/2309 2308/2308/2308
f 2260/2260/2260 2261/2261/2261 2310/2310/2310
f 2260/2260/2260 2310/2310/2310 2309/2309/2309
f 2261/2261/2261 2262/2262/2262 2311/2311/2311
f 2261/2261/2261 2311/2311/2311 2310/2310/2310
f 2262/2262/2262 2263/2263/2263 2312/2312/2312
f 2262/2262/2262 2312/2312/2312 2311/2311/2311
f 2263/2263/2263 2264/2264/2264 2313/2313/2313
f 2263/2263/2263 2313/2313/2313 2312/2312/2312
f 2264/2264/2264 2265/2265/2265 2314/2314/2314
f 2264/2264/2264 2314/2314/2314 2313/2313/2313
f 2265/2265/2265 2266/2266/2266 2315/2315/2315
f 2265/2265/2265 2315/2315/2315 2314/2314/2314
f 2266/2266/2266 2267/2267/2267 2316/2316/2316
f 2266/2266/2266 2316/2316/2316 2315/2315/2315
f 2267/2267/2267 2268/2268/2268 2317/2317/2317
f 2267/2267/2267 2317/2317/2317 2316/2316/2316
f 2268/2268/2268 2269/2269/2269 2318/2318/2318
f 2268/2268/2268 2318/2318/2318 2317/2317/2317
f 2269/2269/2269 2270/2270/2270 2319/2319/2319
f 2269/2269/2269 2319/2319/2319 2318/2318/2318
f 2270/2270/2270 2271/2271/2271 2320/2320/2320
f 2270/2270/2270 2320/2320/2320 2319/2319/2319
f 2271/2271/2271 2272/2272/2272 2321/2321/2321
f 2271/2271/2271 2321/2321/2321 2320/2320/2320
f 2272/2272/2272 2273/2273/2273 2322/2322/2322
f 2272/2272/2272 2322/2322/2322 2321/2321/2321
f 2273/2273/2273 2274/2274/2274 2323/2323/2323
f 2273/2273/2273 2323/2323/2323 2322/2322/2322
f 2274/2274/2274 2275/2275/2275 2324/2324/2324
f 2274/2274/2274 2324/2324/2324 2323/2323/2323
f 2275/2275/2275 2276/2276/2276 2325/2325/2325
f 2275/2275/2275 2325/2325/2325 2324/2324/2324
f 2276/2276/2276 2277/2277/2277 2326/2326/2326
f 2276/2276/2276 2326/2326/2326 2325/2325/2325
f 2277/2277/2277 2278/2278/2278 2327/2327/2327
f 2277/2277/2277 2327/2327/2327 2326/2326/2326
f 2278/2278/2278 2279/2279/2279 2328/2328/2328
f 2278/2278/2278 2328/2328/2328 2327/2327/2327
f 2279/2279/2279 2280/2280/2280 2329/2329/2329
f 2279/2279/2279 2329/2329/2329 2328/2328/2328
f 2280/2280/2280 2281/2281/2281 2330/2330/2330
f 2280/2280/2280 2330/2330/2330 2329/2329/2329
f 2281/2281/2281 2282/2282/2282 2331/2331/2331
f 2281/2281/2281 2331/2331/2331 2330/2330/2330
f 2282/2282/2282 2283/2283/2283 2332/2332/2332
f 2282/2282/2282 2332/2332/2332 2331/2331/2331
f 2283/2283/2283 2284/2284/2284 2333/2333/2333
f 2283/2283/2283 2333/2333/2333 2332/2332/2332
f 2284/2284/2284 2285/2285/2285 2334/2334/2334
f 2284/2284/2284 2334/2334/2334 2333/2333/2333
f 2285/2285/2285 2286/2286/2286 2335/2335/2335
f 2285/2285/2285 2335/2335/2335 2334/2334/2334
f 2286/2286/2286 2287/2287/2287 2336/2336/2336
f 2286/2286/2286 2336/2336/2336 2335/2335/2335
f 2287/2287/2287 2288/2288/2288 2337/2337/2337
f 2287/2287/2287 2337/2337/2337 2336/2336/2336
f 2288/2288/2288 2289/2289/2289 2338/2338/2338
f 2288/2288/2288 2338/2338/2338 2337/2337/2337
f 2289/2289/2289 2290/2290/2290 2339/2339/2339
f 2289/2289/2289 2339/2339/2339 2338/2338/2338
f 2290/2290/2290 2291/2291/2291 2340/2340/2340
f 2290/2290/2290 2340/2340/2340 2339/2339/2339
f 2291/2291/2291 2292/2292/2292 2341/2341/2341
f 2291/2291/2291 2341/2341/2341 2340/2340/2340
f 2292/2292/2292 2293/2293/2293 2342/2342/2342
f 2292/2292/2292 2342/2342/2342 2341/2341/2341
f 2293/2293/2293 2294/2294/2294 2343/2343/2343
f 2293/2293/2293 2343/2343/2343 2342/2342/2342
f 2294/2294/2294 2295/2295/2295 2344/2344/2344
f 2294/2294/2294 2344/2344/2344 2343/2343/2343
f 2295/2295/2295 2296/2296/2296 2345/2345/2345
f 2295/2295/2295 2345/2345/2345 2344/2344/2344
f 2296/2296/2296 2297/2297/2297 2346/2346/2346
f 2296/2296/2296 2346/2346/2346 2345/2345/2345
f 2297/2297/2297 2298/2298/2298 2347/2347/2347
f 2297/2297/2297 2347/2347/2347 2346/2346/2346
f 2298/2298/2298 2299/2299/2299 2348/2348/2348
f 2298/2298/2298 2348/2348/2348 2347/2347/2347
f 2299/2299/2299 2300/2300/2300 2349/2349/2349
f 2299/2299/2299 2349/2349/2349 2348/2348/2348
f 2300/2300/2300 2301/2301/2301 2350/2350/2350
f 2300/2300/2300 2350/2350/2350 2349/2349/2349
f 2301/2301/2301 2302/2302/2302 2351/2351/2351
f 2301/2301/2301 2351/2351/2351 2350/2350/2350
f 2302/2302/2302 2303/2303/2303 2352/2352/2352
f 2302/2302/2302 2352/2352/2352 2351/2351/2351
f 2304/2304/2304 2305/2305/2305 2354/2354/2354
f 2304/2304/2304 2354/2354/2354 2353/2353/2353
f 2305/2305/2305 2306/2306/2306 2355/2355/2355
f 2305/2305/2305 2355/2355/2355 2354/2354/2354
f 2306/2306/2306 2307/2307/2307 2356/2356/2356
f 2306/2306/2306 2356/2356/2356 2355/2355/2355
f 2307/2307/2307 2308/2308/2308 2357/2357/2357
f 2307/2307/2307 2357/2357/2357 2356/2356/2356
f 2308/2308/2308 2309/2309/2309 2358/2358/2358
f 2308/2308/2308 2358/2358/2358 2357/2357/2357
f 2309/2309/2309 2310/2310/2310 2359/2359/2359
f 2309/2309/2309 2359/2359/2359 2358/2358/2358
f 2310/2310/2310 2311/2311/2311 2360/2360/2360
f 2310/2310/2310 2360/2360/2360 2359/2359/2359
f 2311/2311/2311 2312/2312/2312 2361/2361/2361
f 2311/2311/2311 2361/2361/2361 2360/2360/2360
f 2312/2312/2312 2313/2313/2313 2362/2362/2362
f 2312/2312/2312 2362/2362/2362 2361/2361/2361
f 2313/2313/2313 2314/2314/2314 2363/2363/2363
f 2313/2313/2313 2363/2363/2363 2362/2362/2362
f 2314/2314/2314 2315/2315/2315 2364/2364/2364
f 2314/2314/2314 2364/2364/2364 2363/2363/2363
f 2315/2315/2315 2316/2316/2316 2365/2365/2365
f 2315/2315/2315 2365/2365/2365 2364/2364/2364
f 2316/2316/2316 2317/2317/2317 2366/2366/2366
f 2316/2316/2316 2366/2366/2366 2365/2365/2365
f 2317/2317/2317 2318/2318/2318 2367/2367/2367
f 2317/2317/2317 2367/2367/2367 2366/2366/2366
f 2318/2318/2318 2319/2319/2319 2368/2368/2368
f 2318/2318/2318 2368/2368/2368 2367/2367/2367
f 2319/2319/2319 2320/2320/2320 2369/2369/2369
f 2319/2319/2319 2369/2369/2369 2368/2368/2368
f 2320/2320/2320 2321/2321/2321 2370/2370/2370
f 2320/2320/2320 2370/2370/2370 2369/2369/2369
f 2321/2321/2321 2322/2322/2322 2371/2371/2371
f 2321/2321/2321 2371/2371/2371 2370/2370/2370
f 2322/2322/2322 2323/2323/2323 2372/2372/2372
f 2322/2322/2322 2372/2372/2372 2371/2371/2371
f 2323/2323/2323 2324/2324/2324 2373/2373/2373
f 2323/2323/2323 2373/2373/2373 2372/2372/2372
f 2324/2324/2324 2325/2325/2325 2374/2374/2374
f 2324/2324/2324 2374/2374/2374 2373/2373/2373
f 2325/2325/2325 2326/2326/2326 2375/2375/2375
f 2325/2325/2325 2375/2375/2375 2374/2374/2374
f 2326/2326/2326 2327/2327/2327 2376/2376/2376
f 2326/2326/2326 2376/2376/2376 2375/2375/2375
f 2327/2327/2327 2328/2328/2328 2377/2377/2377
f 2327/2327/2327 2377/2377/2377 2376/2376/2376
f 2328/2328/2328 2329/2329/2329 2378/2378/2378
f 2328/2328/2328 2378/2378/2378 2377/2377/2377
f 2329/2329/2329 2330/2330/2330 2379/2379/2379
f 2329/2329/2329 2379/2379/2379 2378/2378/2378
f 2330/2330/2330 2331/2331/2331 2380/2380/2380
f 2330/2330/2330 2380/2380/2380 2379/2379/2379
f 2331/2331/2331 2332/2332/2332 2381/2381/2381
f 2331/2331/2331 2381/2381/2381 2380/2380/2380
f 2332/2332/2332 2333/2333/2333 2382/2382/2382
f 2332/2332/2332 2382/2382/2382 2381/2381/2381
f 2333/2333/2333 2334/2334/2334 2383/2383/2383
f 2333/2333/2333 2383/2383/2383 2382/2382/2382
f 2334/2334/2334 2335/2335/2335 2384/2384/2384
f 2334/2334/2334 2384/2384/2384 2383/2383/2383
f 2335/2335/2335 2336/2336/2336 2385/2385/2385
f 2335/2335/2335 2385/2385/2385 2384/2384/2384
f 2336/2336/2336 2337/2337/2337 2386/2386/2386
f 2336/2336/2336 2386/2386/2386 2385/2385/2385
f 2337/2337/2337 2338/2338/2338 2387/2387/2387
f 2337/2337/2337 2387/2387/2387 2386/2386/2386
f 2338/2338/2338 2339/2339/2339 2388/2388/2388
f 2338/2338/2338 2388/2388/2388 2387/2387/2387
f 2339/2339/2339 2340/2340/2340 2389/2389/2389
f 2339/2339/2339 2389/2389/2389 2388/2388/2388
f 2340/2340/2340 2341/2341/2341 2390/2390/2390
f 2340/2340/2340 2390/2390/2390 2389/2389/2389
f 2341/2341/2341 2342/2342/2342 2391/2391/2391
f 2341/2341/2341 2391/2391/2391 2390/2390/2390
f 2342/2342/2342 2343/2343/2343 2392/2392/2392
f 2342/2342/2342 2392/2392/2392 2391/2391/2391
f 2343/2343/2343 2344/2344/2344 2393/2393/2393
f 2343/2343/2343 2393/2393/2393 2392/2392/2392
f 2344/2344/2344 2345/2345/2345 2394/2394/2394
f 2344/2344/2344 2394/2394/2394 2393/2393/2393
f 2345/2345/2345 2346/2346/2346 2395/2395/2395
f 2345/2345/2345 2395/2395/2395 2394/2394/2394
f 2346/2346/2346 2347/2347/2347 2396/2396/2396
f 2346/2346/2346 2396/2396/2396 2395/2395/2395
f 2347/2347/2347 2348/2348/2348 2397/2397/2397
f 2347/2347/2347 2397/2397/2397 2396/2396/2396
f 2348/2348/2348 2349/2349/2349 2398/2398/2398
f 2348/2348/2348 2398/2398/2398 2397/2397/2397
f 2349/2349/2349 2350/2350/2350 2399/2399/2399
f 2349/2349/2349 2399/2399/2399 2398/2398/2398
f 2350/2350/2350 2351/2351/2351 2400/2400/2400
f 2350/2350/2350 2400/2400/2400 2399/2399/2399
f 2351/2351/2351 2352/2352/2352 2401/2401/2401
f 2351/2351/2351 2401/2401/2401 2400/2400/2400
