# Blender 4.4.1
# www.blender.org
mtllib title.mtl
o テキスト
v 6.237913 0.307920 0.002342
v 6.204768 0.520152 0.003957
v 6.213504 0.522985 0.003979
v 6.222491 0.525758 0.004000
v 6.231729 0.528471 0.004020
v 6.241217 0.531125 0.004040
v 6.250955 0.533719 0.004060
v 6.260943 0.536254 0.004079
v 6.271183 0.538729 0.004098
v 6.281672 0.541144 0.004117
v 6.292413 0.543499 0.004135
v 6.303403 0.545795 0.004152
v 6.314644 0.548032 0.004169
v 6.326134 0.550208 0.004186
v 6.337829 0.552334 0.004202
v 6.349679 0.554417 0.004218
v 6.361685 0.556457 0.004233
v 6.373847 0.558455 0.004248
v 6.386164 0.560410 0.004263
v 6.398637 0.562323 0.004278
v 6.411266 0.564193 0.004292
v 6.424050 0.566020 0.004306
v 6.436990 0.567805 0.004319
v 6.450086 0.569547 0.004333
v 6.463337 0.571247 0.004346
v 6.476745 0.572904 0.004358
v 6.490254 0.574505 0.004370
v 6.503810 0.576039 0.004382
v 6.517414 0.577504 0.004393
v 6.531065 0.578901 0.004404
v 6.544764 0.580230 0.004414
v 6.558509 0.581491 0.004424
v 6.572302 0.582684 0.004433
v 6.586143 0.583808 0.004441
v 6.600030 0.584865 0.004449
v 6.613965 0.585853 0.004457
v 6.627948 0.586773 0.004464
v 6.641978 0.587625 0.004470
v 6.656001 0.588409 0.004476
v 6.669963 0.589124 0.004482
v 6.683865 0.589772 0.004487
v 6.697705 0.590351 0.004491
v 6.711485 0.590862 0.004495
v 6.725204 0.591305 0.004498
v 6.738862 0.591680 0.004501
v 6.752459 0.591987 0.004503
v 6.765994 0.592225 0.004505
v 6.779469 0.592396 0.004507
v 6.792883 0.592498 0.004507
v 6.806236 0.592532 0.004508
v 6.818686 0.592498 0.004507
v 6.831013 0.592396 0.004507
v 6.843219 0.592225 0.004505
v 6.855302 0.591987 0.004503
v 6.867264 0.591680 0.004501
v 6.879105 0.591305 0.004498
v 6.890823 0.590862 0.004495
v 6.902420 0.590351 0.004491
v 6.913894 0.589772 0.004487
v 6.925246 0.589124 0.004482
v 6.936477 0.588409 0.004476
v 6.947586 0.587625 0.004470
v 6.958526 0.586773 0.004464
v 6.969249 0.585853 0.004457
v 6.979755 0.584865 0.004449
v 6.990045 0.583808 0.004441
v 7.000118 0.582684 0.004433
v 7.009974 0.581491 0.004424
v 7.019615 0.580230 0.004414
v 7.029038 0.578901 0.004404
v 7.038245 0.577504 0.004393
v 7.047235 0.576039 0.004382
v 7.056009 0.574505 0.004370
v 7.064565 0.572904 0.004358
v 7.046043 0.356991 0.002716
v 7.038627 0.358589 0.002728
v 7.031001 0.360109 0.002739
v 7.023165 0.361553 0.002750
v 7.015119 0.362921 0.002761
v 7.006864 0.364211 0.002771
v 6.998399 0.365425 0.002780
v 6.989723 0.366563 0.002789
v 6.980838 0.367623 0.002797
v 6.971743 0.368607 0.002804
v 6.962438 0.369515 0.002811
v 6.952924 0.370345 0.002817
v 6.943199 0.371099 0.002823
v 6.933305 0.371785 0.002828
v 6.923283 0.372411 0.002833
v 6.913132 0.372978 0.002837
v 6.902852 0.373485 0.002841
v 6.892443 0.373932 0.002845
v 6.881906 0.374320 0.002848
v 6.871241 0.374647 0.002850
v 6.860446 0.374916 0.002852
v 6.849524 0.375125 0.002854
v 6.838472 0.375274 0.002855
v 6.827292 0.375363 0.002855
v 6.815985 0.375393 0.002856
v 6.803275 0.375359 0.002855
v 6.790491 0.375257 0.002855
v 6.777631 0.375086 0.002853
v 6.764698 0.374848 0.002852
v 6.751690 0.374541 0.002849
v 6.738608 0.374166 0.002846
v 6.725451 0.373723 0.002843
v 6.712220 0.373212 0.002839
v 6.698915 0.372633 0.002835
v 6.685534 0.371985 0.002830
v 6.672080 0.371270 0.002824
v 6.658550 0.370486 0.002818
v 6.645003 0.369638 0.002812
v 6.631498 0.368731 0.002805
v 6.618033 0.367764 0.002798
v 6.604609 0.366737 0.002790
v 6.591226 0.365651 0.002782
v 6.577883 0.364505 0.002773
v 6.564580 0.363300 0.002764
v 6.551319 0.362035 0.002754
v 6.538098 0.360710 0.002744
v 6.524918 0.359326 0.002733
v 6.511778 0.357882 0.002723
v 6.498678 0.356378 0.002711
v 6.485677 0.354823 0.002699
v 6.472831 0.353226 0.002687
v 6.460142 0.351586 0.002675
v 6.447608 0.349903 0.002662
v 6.435230 0.348178 0.002649
v 6.423008 0.346410 0.002635
v 6.410941 0.344600 0.002621
v 6.399030 0.342747 0.002607
v 6.387274 0.340852 0.002593
v 6.375675 0.338913 0.002578
v 6.364230 0.336933 0.002563
v 6.352942 0.334909 0.002548
v 6.341867 0.332848 0.002532
v 6.331062 0.330752 0.002516
v 6.320529 0.328622 0.002500
v 6.310266 0.326458 0.002483
v 6.300274 0.324260 0.002467
v 6.290553 0.322028 0.002450
v 6.281103 0.319762 0.002433
v 6.271923 0.317462 0.002415
v 6.263014 0.315128 0.002397
v 6.254376 0.312759 0.002379
v 6.246009 0.310357 0.002361
v 5.411260 -0.023309 -0.000177
v 5.240665 0.066246 0.000504
v 5.249950 0.088341 0.000672
v 5.258956 0.110461 0.000840
v 5.267686 0.132607 0.001009
v 5.276138 0.154778 0.001177
v 5.284312 0.176975 0.001346
v 5.292209 0.199197 0.001515
v 5.299828 0.221446 0.001685
v 5.307169 0.243719 0.001854
v 5.314233 0.266018 0.002024
v 5.321020 0.288343 0.002194
v 5.327529 0.310693 0.002364
v 5.333761 0.333069 0.002534
v 5.339756 0.355420 0.002704
v 5.345554 0.377693 0.002873
v 5.351156 0.399890 0.003042
v 5.356561 0.422010 0.003210
v 5.361771 0.444054 0.003378
v 5.366783 0.466021 0.003545
v 5.371600 0.487911 0.003712
v 5.376220 0.509725 0.003878
v 5.380644 0.531462 0.004043
v 5.384872 0.553122 0.004208
v 5.388903 0.574705 0.004372
v 5.392738 0.596212 0.004536
v 5.396407 0.617587 0.004698
v 5.399941 0.638775 0.004859
v 5.403339 0.659775 0.005019
v 5.406602 0.680587 0.005177
v 5.409730 0.701212 0.005334
v 5.412722 0.721650 0.005490
v 5.415579 0.741900 0.005644
v 5.418300 0.761963 0.005796
v 5.420886 0.781839 0.005948
v 5.423337 0.801527 0.006097
v 5.425652 0.821027 0.006246
v 5.427832 0.840340 0.006393
v 5.594527 0.798630 0.006075
v 5.592963 0.779449 0.005929
v 5.591197 0.759936 0.005781
v 5.589227 0.740090 0.005630
v 5.587054 0.719912 0.005477
v 5.584678 0.699402 0.005321
v 5.582098 0.678560 0.005162
v 5.579316 0.657385 0.005001
v 5.576330 0.635878 0.004837
v 5.573142 0.614039 0.004671
v 5.569750 0.591867 0.004503
v 5.566155 0.569364 0.004331
v 5.562358 0.546528 0.004158
v 5.558361 0.523466 0.003982
v 5.554167 0.500285 0.003806
v 5.549777 0.476985 0.003629
v 5.545190 0.453566 0.003450
v 5.540407 0.430027 0.003271
v 5.535428 0.406369 0.003091
v 5.530253 0.382592 0.002910
v 5.524881 0.358695 0.002729
v 5.519313 0.334679 0.002546
v 5.513548 0.310544 0.002362
v 5.507588 0.286290 0.002178
v 5.501431 0.261916 0.001992
v 5.495071 0.237538 0.001807
v 5.488501 0.213271 0.001622
v 5.481721 0.189115 0.001439
v 5.474732 0.165069 0.001256
v 5.467533 0.141134 0.001074
v 5.460123 0.117310 0.000892
v 5.452504 0.093597 0.000712
v 5.444674 0.069994 0.000532
v 5.436635 0.046502 0.000354
v 5.428387 0.023121 0.000176
v 5.419928 -0.000149 -0.000001
v 6.042947 0.783909 0.005963
v 6.036526 0.784152 0.005965
v 6.030260 0.784880 0.005971
v 6.024150 0.786094 0.005980
v 6.018197 0.787794 0.005993
v 6.012399 0.789979 0.006010
v 6.006757 0.792650 0.006030
v 6.001270 0.795806 0.006054
v 5.995939 0.799448 0.006082
v 5.990764 0.803576 0.006113
v 5.985744 0.808189 0.006148
v 5.980880 0.813287 0.006187
v 5.976172 0.818872 0.006229
v 5.971735 0.824797 0.006274
v 5.967682 0.830918 0.006321
v 5.964017 0.837235 0.006369
v 5.960737 0.843748 0.006419
v 5.957843 0.850457 0.006470
v 5.955335 0.857362 0.006522
v 5.953212 0.864463 0.006576
v 5.951476 0.871759 0.006632
v 5.950125 0.879252 0.006689
v 5.949161 0.886941 0.006747
v 5.948581 0.894825 0.006807
v 5.948389 0.902906 0.006869
v 5.948582 0.911182 0.006932
v 5.949161 0.919246 0.006993
v 5.950126 0.927096 0.007053
v 5.951477 0.934734 0.007111
v 5.953213 0.942159 0.007167
v 5.955335 0.949370 0.007222
v 5.957843 0.956369 0.007275
v 5.960738 0.963154 0.007327
v 5.964017 0.969727 0.007377
v 5.967683 0.976086 0.007425
v 5.971735 0.982233 0.007472
v 5.976172 0.988167 0.007517
v 5.980880 0.993751 0.007560
v 5.985744 0.998850 0.007599
v 5.990764 1.003463 0.007634
v 5.995940 1.007591 0.007665
v 6.001271 1.011233 0.007693
v 6.006757 1.014389 0.007717
v 6.012400 1.017060 0.007737
v 6.018198 1.019245 0.007754
v 6.024151 1.020945 0.007767
v 6.030261 1.022159 0.007776
v 6.036526 1.022887 0.007781
v 6.042947 1.023130 0.007783
v 6.049520 1.022887 0.007781
v 6.055917 1.022159 0.007776
v 6.062139 1.020945 0.007767
v 6.068184 1.019245 0.007754
v 6.074053 1.017060 0.007737
v 6.079746 1.014389 0.007717
v 6.085264 1.011233 0.007693
v 6.090605 1.007591 0.007665
v 6.095770 1.003463 0.007634
v 6.100760 0.998850 0.007599
v 6.105573 0.993751 0.007560
v 6.110209 0.988167 0.007517
v 6.114570 0.982233 0.007472
v 6.118550 0.976087 0.007425
v 6.122151 0.969727 0.007377
v 6.125374 0.963154 0.007327
v 6.128217 0.956369 0.007275
v 6.130682 0.949370 0.007222
v 6.132767 0.942159 0.007167
v 6.134473 0.934734 0.007111
v 6.135799 0.927097 0.007053
v 6.136747 0.919246 0.006993
v 6.137316 0.911183 0.006932
v 6.137506 0.902906 0.006869
v 6.137316 0.894825 0.006807
v 6.136747 0.886941 0.006747
v 6.135799 0.879252 0.006689
v 6.134473 0.871760 0.006632
v 6.132767 0.864463 0.006576
v 6.130682 0.857362 0.006522
v 6.128217 0.850457 0.006470
v 6.125374 0.843748 0.006419
v 6.122151 0.837235 0.006369
v 6.118550 0.830918 0.006321
v 6.114570 0.824797 0.006274
v 6.110209 0.818872 0.006229
v 6.105573 0.813287 0.006187
v 6.100760 0.808189 0.006148
v 6.095770 0.803576 0.006113
v 6.090605 0.799448 0.006082
v 6.085264 0.795806 0.006054
v 6.079746 0.792650 0.006030
v 6.074053 0.789979 0.006010
v 6.068184 0.787794 0.005993
v 6.062139 0.786094 0.005980
v 6.055917 0.784880 0.005971
v 6.049520 0.784152 0.005965
v 5.978609 -0.008587 -0.000065
v 5.974012 0.013282 0.000101
v 5.969321 0.035133 0.000267
v 5.964535 0.056968 0.000433
v 5.959654 0.078786 0.000599
v 5.954679 0.100587 0.000765
v 5.949608 0.122371 0.000931
v 5.944443 0.144137 0.001096
v 5.939182 0.165887 0.001262
v 5.933827 0.187620 0.001427
v 5.928378 0.209335 0.001592
v 5.922834 0.231034 0.001758
v 5.917194 0.252715 0.001922
v 5.911485 0.274312 0.002087
v 5.905727 0.295755 0.002250
v 5.899923 0.317044 0.002412
v 5.894071 0.338181 0.002573
v 5.888171 0.359164 0.002732
v 5.882225 0.379993 0.002891
v 5.876230 0.400670 0.003048
v 5.870188 0.421193 0.003204
v 5.864099 0.441562 0.003359
v 5.857963 0.461778 0.003513
v 5.851779 0.481841 0.003666
v 5.845544 0.501751 0.003817
v 5.839286 0.521447 0.003967
v 5.833022 0.540871 0.004115
v 5.826749 0.560023 0.004260
v 5.820470 0.578901 0.004404
v 5.814185 0.597507 0.004545
v 5.807892 0.615841 0.004685
v 5.801594 0.633902 0.004822
v 5.795288 0.651690 0.004958
v 5.788974 0.669205 0.005091
v 5.782655 0.686449 0.005222
v 5.776329 0.703419 0.005351
v 5.769996 0.720117 0.005478
v 5.763679 0.736474 0.005603
v 5.757404 0.752422 0.005724
v 5.751169 0.767961 0.005842
v 5.744975 0.783091 0.005957
v 5.738822 0.797812 0.006069
v 5.732708 0.812125 0.006178
v 5.726636 0.826028 0.006284
v 5.720604 0.839523 0.006386
v 5.714613 0.852608 0.006486
v 5.708663 0.865285 0.006582
v 5.702754 0.877553 0.006676
v 5.696884 0.889411 0.006766
v 5.843108 0.978966 0.007447
v 5.849948 0.965693 0.007346
v 5.856823 0.952045 0.007242
v 5.863731 0.938022 0.007136
v 5.870673 0.923625 0.007026
v 5.877649 0.908852 0.006914
v 5.884659 0.893705 0.006799
v 5.891703 0.878183 0.006681
v 5.898781 0.862286 0.006560
v 5.905892 0.846014 0.006436
v 5.913038 0.829368 0.006309
v 5.920217 0.812346 0.006180
v 5.927430 0.794950 0.006047
v 5.934646 0.777251 0.005913
v 5.941836 0.759322 0.005776
v 5.948997 0.741163 0.005638
v 5.956133 0.722775 0.005498
v 5.963241 0.704156 0.005357
v 5.970322 0.685307 0.005213
v 5.977376 0.666228 0.005068
v 5.984403 0.646919 0.004921
v 5.991402 0.627380 0.004773
v 5.998375 0.607611 0.004622
v 6.005321 0.587612 0.004470
v 6.012240 0.567383 0.004316
v 6.019111 0.546997 0.004161
v 6.025915 0.526525 0.004005
v 6.032650 0.505968 0.003849
v 6.039319 0.485326 0.003692
v 6.045918 0.464598 0.003534
v 6.052452 0.443786 0.003376
v 6.058917 0.422888 0.003217
v 6.065314 0.401905 0.003057
v 6.071643 0.380837 0.002897
v 6.077906 0.359683 0.002736
v 6.084100 0.338445 0.002575
v 6.090226 0.317121 0.002412
v 6.096254 0.295785 0.002250
v 6.102154 0.274508 0.002088
v 6.107925 0.253291 0.001927
v 6.113567 0.232133 0.001766
v 6.119081 0.211035 0.001605
v 6.124467 0.189997 0.001445
v 6.129724 0.169018 0.001286
v 6.134851 0.148099 0.001127
v 6.139851 0.127240 0.000968
v 6.144722 0.106440 0.000810
v 6.149463 0.085700 0.000652
v 6.154077 0.065019 0.000495
v 6.042947 0.863649 0.006570
v 6.045188 0.863730 0.006571
v 6.047361 0.863973 0.006572
v 6.049466 0.864377 0.006576
v 6.051504 0.864944 0.006580
v 6.053474 0.865672 0.006585
v 6.055377 0.866563 0.006592
v 6.057211 0.867615 0.006600
v 6.058978 0.868829 0.006609
v 6.060678 0.870205 0.006620
v 6.062309 0.871742 0.006632
v 6.063872 0.873442 0.006645
v 6.065368 0.875304 0.006659
v 6.066769 0.877276 0.006674
v 6.068049 0.879308 0.006689
v 6.069207 0.881399 0.006705
v 6.070243 0.883550 0.006721
v 6.071157 0.885761 0.006738
v 6.071949 0.888031 0.006756
v 6.072618 0.890361 0.006773
v 6.073167 0.892751 0.006791
v 6.073593 0.895200 0.006810
v 6.073898 0.897709 0.006829
v 6.074081 0.900278 0.006849
v 6.074142 0.902906 0.006869
v 6.074081 0.905726 0.006890
v 6.073898 0.908461 0.006911
v 6.073593 0.911110 0.006931
v 6.073167 0.913674 0.006951
v 6.072618 0.916153 0.006969
v 6.071949 0.918547 0.006988
v 6.071157 0.920856 0.007005
v 6.070243 0.923080 0.007022
v 6.069207 0.925218 0.007038
v 6.068049 0.927271 0.007054
v 6.066769 0.929239 0.007069
v 6.065368 0.931122 0.007083
v 6.063871 0.932885 0.007097
v 6.062308 0.934495 0.007109
v 6.060677 0.935952 0.007120
v 6.058978 0.937256 0.007130
v 6.057210 0.938406 0.007139
v 6.055376 0.939402 0.007146
v 6.053473 0.940246 0.007153
v 6.051504 0.940936 0.007158
v 6.049466 0.941473 0.007162
v 6.047360 0.941856 0.007165
v 6.045187 0.942086 0.007167
v 6.042947 0.942163 0.007167
v 6.040858 0.942086 0.007167
v 6.038817 0.941856 0.007165
v 6.036823 0.941473 0.007162
v 6.034876 0.940936 0.007158
v 6.032978 0.940246 0.007153
v 6.031126 0.939402 0.007146
v 6.029322 0.938406 0.007139
v 6.027565 0.937256 0.007130
v 6.025856 0.935952 0.007120
v 6.024194 0.934495 0.007109
v 6.022579 0.932885 0.007097
v 6.021014 0.931122 0.007083
v 6.019535 0.929239 0.007069
v 6.018184 0.927271 0.007054
v 6.016963 0.925218 0.007038
v 6.015869 0.923080 0.007022
v 6.014904 0.920856 0.007005
v 6.014068 0.918547 0.006988
v 6.013361 0.916153 0.006969
v 6.012782 0.913674 0.006951
v 6.012332 0.911110 0.006931
v 6.012011 0.908461 0.006911
v 6.011818 0.905726 0.006890
v 6.011753 0.902906 0.006869
v 6.011817 0.900278 0.006849
v 6.012010 0.897709 0.006829
v 6.012331 0.895200 0.006810
v 6.012782 0.892751 0.006791
v 6.013360 0.890361 0.006773
v 6.014068 0.888031 0.006756
v 6.014904 0.885761 0.006738
v 6.015868 0.883550 0.006721
v 6.016962 0.881399 0.006705
v 6.018183 0.879308 0.006689
v 6.019534 0.877276 0.006674
v 6.021014 0.875304 0.006659
v 6.022581 0.873442 0.006645
v 6.024195 0.871742 0.006632
v 6.025857 0.870205 0.006620
v 6.027566 0.868829 0.006609
v 6.029323 0.867615 0.006600
v 6.031127 0.866563 0.006592
v 6.032979 0.865673 0.006585
v 6.034878 0.864944 0.006580
v 6.036824 0.864378 0.006576
v 6.038818 0.863973 0.006572
v 6.040860 0.863730 0.006571
v 4.610928 0.550822 0.004190
v 4.602875 0.564018 0.004291
v 4.594640 0.577027 0.004390
v 4.586222 0.589848 0.004487
v 4.577621 0.602482 0.004583
v 4.568838 0.614929 0.004678
v 4.559871 0.627188 0.004771
v 4.550722 0.639260 0.004863
v 4.541390 0.651145 0.004953
v 4.531875 0.662841 0.005042
v 4.522178 0.674351 0.005130
v 4.512298 0.685673 0.005216
v 4.502234 0.696808 0.005301
v 4.492063 0.707704 0.005384
v 4.481858 0.718310 0.005464
v 4.471619 0.728627 0.005543
v 4.461346 0.738654 0.005619
v 4.451039 0.748392 0.005693
v 4.440698 0.757840 0.005765
v 4.430324 0.766998 0.005835
v 4.419916 0.775867 0.005902
v 4.409473 0.784446 0.005968
v 4.398997 0.792735 0.006031
v 4.388487 0.800734 0.006091
v 4.377944 0.808444 0.006150
v 4.490049 0.958111 0.007289
v 4.500143 0.950418 0.007230
v 4.510277 0.942469 0.007170
v 4.520452 0.934265 0.007107
v 4.530667 0.925806 0.007043
v 4.540923 0.917091 0.006977
v 4.551219 0.908120 0.006908
v 4.561557 0.898893 0.006838
v 4.571934 0.889411 0.006766
v 4.582353 0.879674 0.006692
v 4.592812 0.869681 0.006616
v 4.603312 0.859432 0.006538
v 4.613852 0.848928 0.006458
v 4.624345 0.838134 0.006376
v 4.634703 0.827016 0.006291
v 4.644925 0.815575 0.006204
v 4.655011 0.803810 0.006115
v 4.664963 0.791721 0.006023
v 4.674779 0.779308 0.005928
v 4.684459 0.766572 0.005832
v 4.694005 0.753512 0.005732
v 4.703414 0.740128 0.005630
v 4.712688 0.726421 0.005526
v 4.721828 0.712390 0.005419
v 4.730831 0.698035 0.005310
v 4.794195 0.023309 0.000177
v 4.782463 0.015761 0.000120
v 4.770988 0.008656 0.000066
v 4.759771 0.001993 0.000015
v 4.748811 -0.004226 -0.000032
v 4.738109 -0.010002 -0.000076
v 4.727663 -0.015335 -0.000117
v 4.717475 -0.020225 -0.000154
v 4.707544 -0.024672 -0.000188
v 4.697870 -0.028676 -0.000218
v 4.688453 -0.032237 -0.000245
v 4.679294 -0.035355 -0.000269
v 4.670392 -0.038030 -0.000289
v 4.661734 -0.040381 -0.000307
v 4.653306 -0.042528 -0.000324
v 4.645108 -0.044471 -0.000338
v 4.637140 -0.046208 -0.000352
v 4.629402 -0.047742 -0.000363
v 4.621894 -0.049071 -0.000373
v 4.614617 -0.050196 -0.000382
v 4.607570 -0.051116 -0.000389
v 4.600753 -0.051831 -0.000394
v 4.594166 -0.052342 -0.000398
v 4.587810 -0.052649 -0.000401
v 4.581683 -0.052751 -0.000401
v 4.550962 -0.050954 -0.000388
v 4.522164 -0.045561 -0.000347
v 4.495289 -0.036573 -0.000278
v 4.470336 -0.023990 -0.000183
v 4.447306 -0.007812 -0.000059
v 4.426198 0.011961 0.000091
v 4.407013 0.035329 0.000269
v 4.389750 0.062293 0.000474
v 4.374411 0.092852 0.000706
v 4.360993 0.127005 0.000966
v 4.349499 0.164754 0.001253
v 4.339926 0.206098 0.001568
v 4.487124 0.289519 0.002202
v 4.489480 0.278129 0.002116
v 4.491999 0.267266 0.002033
v 4.494679 0.256933 0.001955
v 4.497523 0.247127 0.001880
v 4.500529 0.237849 0.001809
v 4.503697 0.229100 0.001743
v 4.507028 0.220879 0.001680
v 4.510520 0.213186 0.001622
v 4.514176 0.206021 0.001567
v 4.517994 0.199385 0.001517
v 4.521976 0.193277 0.001470
v 4.526118 0.187696 0.001428
v 4.530430 0.182602 0.001389
v 4.534918 0.177950 0.001354
v 4.539583 0.173742 0.001322
v 4.544423 0.169976 0.001293
v 4.549440 0.166654 0.001268
v 4.554632 0.163774 0.001246
v 4.560000 0.161338 0.001227
v 4.565545 0.159344 0.001212
v 4.571266 0.157794 0.001200
v 4.577162 0.156686 0.001192
v 4.583234 0.156022 0.001187
v 4.589481 0.155800 0.001185
v 4.592229 0.155886 0.001186
v 4.595276 0.156141 0.001188
v 4.598620 0.156567 0.001191
v 4.602262 0.157163 0.001196
v 4.606202 0.157930 0.001201
v 4.610440 0.158867 0.001209
v 4.614975 0.159975 0.001217
v 4.619809 0.161253 0.001227
v 4.624940 0.162701 0.001238
v 4.630369 0.164320 0.001250
v 4.636096 0.166109 0.001264
v 4.642122 0.168068 0.001279
v 4.648394 0.170245 0.001295
v 4.654862 0.172686 0.001314
v 4.661527 0.175390 0.001334
v 4.668388 0.178359 0.001357
v 4.675446 0.181592 0.001381
v 4.682699 0.185090 0.001408
v 4.690149 0.188851 0.001437
v 4.697795 0.192876 0.001467
v 4.705638 0.197166 0.001500
v 4.713677 0.201719 0.001535
v 4.721912 0.206537 0.001571
v 4.730344 0.211619 0.001610
v 4.738924 0.217007 0.001651
v 4.747606 0.222745 0.001694
v 4.756390 0.228832 0.001741
v 4.765275 0.235268 0.001790
v 4.774261 0.242054 0.001841
v 4.783350 0.249189 0.001896
v 4.792540 0.256673 0.001953
v 4.801831 0.264506 0.002012
v 4.811224 0.272689 0.002074
v 4.820718 0.281221 0.002139
v 4.830315 0.290102 0.002207
v 4.840012 0.299333 0.002277
v 4.849760 0.308951 0.002350
v 4.859508 0.318995 0.002427
v 4.869256 0.329466 0.002506
v 4.879005 0.340362 0.002589
v 4.888753 0.351684 0.002675
v 4.898501 0.363432 0.002765
v 4.908250 0.375606 0.002857
v 4.917998 0.388206 0.002953
v 4.927746 0.401232 0.003052
v 4.937495 0.414684 0.003155
v 4.947243 0.428562 0.003260
v 4.956991 0.442866 0.003369
v 4.966685 0.457646 0.003481
v 4.976271 0.472956 0.003598
v 4.985748 0.488793 0.003718
v 4.995118 0.505158 0.003843
v 5.004379 0.522052 0.003971
v 5.013531 0.539474 0.004104
v 5.022575 0.557424 0.004240
v 5.031511 0.575902 0.004381
v 5.040339 0.594909 0.004526
v 5.049058 0.614444 0.004674
v 5.057669 0.634506 0.004827
v 5.066171 0.655097 0.004984
v 5.189974 0.511565 0.003892
v 5.189974 0.510338 0.003882
v 5.185956 0.500464 0.003807
v 5.181702 0.490471 0.003731
v 5.177210 0.480359 0.003654
v 5.172482 0.470127 0.003576
v 5.167516 0.459776 0.003498
v 5.162313 0.449306 0.003418
v 5.156874 0.438717 0.003337
v 5.151198 0.428008 0.003256
v 5.145285 0.417180 0.003174
v 5.139134 0.406233 0.003090
v 5.132747 0.395166 0.003006
v 5.126123 0.383980 0.002921
v 5.119299 0.372739 0.002836
v 5.112313 0.361507 0.002750
v 5.105165 0.350282 0.002665
v 5.097853 0.339067 0.002579
v 5.090380 0.327860 0.002494
v 5.082744 0.316661 0.002409
v 5.074945 0.305471 0.002324
v 5.066984 0.294290 0.002239
v 5.058860 0.283117 0.002154
v 5.050574 0.271952 0.002069
v 5.042126 0.260796 0.001984
v 5.033514 0.249649 0.001899
v 5.024762 0.238565 0.001815
v 5.015887 0.227601 0.001731
v 5.006890 0.216756 0.001649
v 4.997771 0.206030 0.001567
v 4.988531 0.195423 0.001487
v 4.979168 0.184936 0.001407
v 4.969684 0.174568 0.001328
v 4.960078 0.164320 0.001250
v 4.950350 0.154190 0.001173
v 4.940500 0.144180 0.001097
v 4.930528 0.134289 0.001022
v 4.920434 0.124518 0.000947
v 4.910250 0.114912 0.000874
v 4.900004 0.105520 0.000803
v 4.889697 0.096340 0.000733
v 4.879330 0.087374 0.000665
v 4.868901 0.078620 0.000598
v 4.858411 0.070079 0.000533
v 4.847861 0.061752 0.000470
v 4.837250 0.053637 0.000408
v 4.826577 0.045736 0.000348
v 4.815844 0.038047 0.000289
v 4.805050 0.030571 0.000233
v 3.932448 -0.101822 -0.000775
v 3.925794 -0.091672 -0.000697
v 3.919153 -0.081257 -0.000618
v 3.912525 -0.070578 -0.000537
v 3.905911 -0.059635 -0.000454
v 3.899311 -0.048428 -0.000368
v 3.892724 -0.036957 -0.000281
v 3.886151 -0.025221 -0.000192
v 3.879591 -0.013222 -0.000101
v 3.873045 -0.000958 -0.000007
v 3.866512 0.011569 0.000088
v 3.859993 0.024361 0.000185
v 3.853487 0.037417 0.000285
v 3.847012 0.050673 0.000385
v 3.840585 0.064065 0.000487
v 3.834204 0.077593 0.000590
v 3.827871 0.091258 0.000694
v 3.821585 0.105060 0.000799
v 3.815347 0.118997 0.000905
v 3.809157 0.133071 0.001012
v 3.803013 0.147281 0.001120
v 3.796917 0.161628 0.001230
v 3.790869 0.176110 0.001340
v 3.784867 0.190729 0.001451
v 3.778913 0.205485 0.001563
v 3.773027 0.220321 0.001676
v 3.767229 0.235183 0.001789
v 3.761519 0.250070 0.001902
v 3.755896 0.264983 0.002016
v 3.750362 0.279922 0.002129
v 3.744916 0.294886 0.002243
v 3.739558 0.309876 0.002357
v 3.734288 0.324891 0.002472
v 3.729106 0.339932 0.002586
v 3.724011 0.354998 0.002701
v 3.719005 0.370090 0.002815
v 3.714087 0.385207 0.002930
v 3.710181 0.382541 0.002910
v 3.706262 0.379857 0.002890
v 3.702328 0.377156 0.002869
v 3.698382 0.374439 0.002848
v 3.694421 0.371704 0.002828
v 3.690448 0.368952 0.002807
v 3.686460 0.366184 0.002786
v 3.682459 0.363398 0.002764
v 3.678445 0.360595 0.002743
v 3.674417 0.357775 0.002722
v 3.670376 0.354938 0.002700
v 3.666321 0.352084 0.002678
v 3.662259 0.349205 0.002657
v 3.658197 0.346291 0.002634
v 3.654135 0.343343 0.002612
v 3.650073 0.340362 0.002589
v 3.646011 0.337346 0.002566
v 3.641950 0.334296 0.002543
v 3.637888 0.331212 0.002520
v 3.633826 0.328094 0.002496
v 3.629764 0.324942 0.002472
v 3.625702 0.321756 0.002448
v 3.621640 0.318535 0.002423
v 3.617579 0.315281 0.002398
v 3.540568 0.474762 0.003612
v 3.545768 0.478634 0.003641
v 3.550967 0.482480 0.003670
v 3.556166 0.486301 0.003699
v 3.561365 0.490096 0.003728
v 3.566564 0.493866 0.003757
v 3.571763 0.497610 0.003785
v 3.576962 0.501329 0.003814
v 3.582161 0.505022 0.003842
v 3.587360 0.508690 0.003870
v 3.592560 0.512332 0.003897
v 3.597759 0.515948 0.003925
v 3.602957 0.519539 0.003952
v 3.608142 0.523096 0.003979
v 3.613301 0.526610 0.004006
v 3.618432 0.530082 0.004032
v 3.623536 0.533511 0.004059
v 3.628614 0.536897 0.004084
v 3.633664 0.540241 0.004110
v 3.638687 0.543542 0.004135
v 3.643683 0.546801 0.004160
v 3.648652 0.550017 0.004184
v 3.653594 0.553190 0.004208
v 3.658508 0.556321 0.004232
v 3.663396 0.559409 0.004256
v 3.661304 0.568171 0.004322
v 3.659253 0.576874 0.004388
v 3.657243 0.585516 0.004454
v 3.655273 0.594099 0.004519
v 3.653343 0.602623 0.004584
v 3.651455 0.611087 0.004649
v 3.649606 0.619491 0.004713
v 3.647799 0.627836 0.004776
v 3.646032 0.636121 0.004839
v 3.644306 0.644346 0.004902
v 3.642620 0.652512 0.004964
v 3.640975 0.660618 0.005026
v 3.639385 0.668647 0.005087
v 3.637861 0.676583 0.005147
v 3.636406 0.684425 0.005207
v 3.635018 0.692173 0.005266
v 3.633698 0.699828 0.005324
v 3.632445 0.707389 0.005381
v 3.631261 0.714856 0.005438
v 3.630144 0.722229 0.005494
v 3.629094 0.729509 0.005550
v 3.628113 0.736695 0.005604
v 3.627199 0.743787 0.005658
v 3.626353 0.750786 0.005711
v 3.765753 0.813351 0.006187
v 3.766433 0.806770 0.006137
v 3.767175 0.800112 0.006087
v 3.767977 0.793378 0.006035
v 3.768840 0.786567 0.005984
v 3.769764 0.779679 0.005931
v 3.770749 0.772714 0.005878
v 3.771795 0.765673 0.005825
v 3.772902 0.758555 0.005771
v 3.774070 0.751361 0.005716
v 3.775298 0.744090 0.005661
v 3.776588 0.736742 0.005605
v 3.777938 0.729317 0.005548
v 3.779343 0.721833 0.005491
v 3.780795 0.714306 0.005434
v 3.782295 0.706737 0.005376
v 3.783842 0.699125 0.005318
v 3.785436 0.691471 0.005260
v 3.787077 0.683773 0.005202
v 3.788766 0.676034 0.005143
v 3.790503 0.668251 0.005084
v 3.792287 0.660426 0.005024
v 3.794118 0.652559 0.004964
v 3.795996 0.644649 0.004904
v 3.797922 0.636696 0.004844
v 3.814017 0.644704 0.004904
v 3.829807 0.652371 0.004963
v 3.845293 0.659698 0.005019
v 3.860473 0.666684 0.005072
v 3.875350 0.673329 0.005122
v 3.889921 0.679633 0.005170
v 3.904188 0.685597 0.005216
v 3.918151 0.691219 0.005258
v 3.931808 0.696501 0.005298
v 3.945161 0.701442 0.005336
v 3.958210 0.706043 0.005371
v 3.970954 0.710302 0.005403
v 3.983342 0.714277 0.005434
v 3.995325 0.718021 0.005462
v 4.006901 0.721535 0.005489
v 4.018071 0.724819 0.005514
v 4.028834 0.727873 0.005537
v 4.039192 0.730697 0.005559
v 4.049143 0.733292 0.005578
v 4.058689 0.735656 0.005596
v 4.067828 0.737790 0.005613
v 4.076560 0.739694 0.005627
v 4.084887 0.741368 0.005640
v 4.092807 0.742812 0.005651
v 4.100271 0.744085 0.005660
v 4.107226 0.745248 0.005669
v 4.113675 0.746300 0.005677
v 4.119615 0.747242 0.005684
v 4.125048 0.748072 0.005691
v 4.129972 0.748792 0.005696
v 4.134390 0.749401 0.005701
v 4.138299 0.749900 0.005705
v 4.141701 0.750287 0.005708
v 4.144595 0.750564 0.005710
v 4.146981 0.750730 0.005711
v 4.148860 0.750786 0.005711
v 4.159248 0.750483 0.005709
v 4.169291 0.749576 0.005702
v 4.178988 0.748064 0.005691
v 4.188340 0.745947 0.005675
v 4.197347 0.743225 0.005654
v 4.206009 0.739898 0.005629
v 4.214325 0.735967 0.005599
v 4.222297 0.731430 0.005564
v 4.229922 0.726289 0.005525
v 4.237203 0.720542 0.005481
v 4.244139 0.714191 0.005433
v 4.250729 0.707235 0.005380
v 4.256879 0.699777 0.005323
v 4.262495 0.691918 0.005264
v 4.267575 0.683658 0.005201
v 4.272121 0.674999 0.005135
v 4.276132 0.665938 0.005066
v 4.279608 0.656478 0.004994
v 4.282550 0.646617 0.004919
v 4.284956 0.636355 0.004841
v 4.286829 0.625693 0.004760
v 4.288166 0.614631 0.004676
v 4.288968 0.603168 0.004588
v 4.289235 0.591305 0.004498
v 4.289140 0.585798 0.004456
v 4.288856 0.579907 0.004412
v 4.288382 0.573632 0.004364
v 4.287718 0.566974 0.004313
v 4.286866 0.559933 0.004260
v 4.285823 0.552509 0.004203
v 4.284591 0.544701 0.004144
v 4.283169 0.536509 0.004081
v 4.281558 0.527935 0.004016
v 4.279757 0.518977 0.003948
v 4.277767 0.509635 0.003877
v 4.275587 0.499911 0.003803
v 4.273160 0.489862 0.003727
v 4.270429 0.479549 0.003648
v 4.267392 0.468973 0.003568
v 4.264051 0.458132 0.003485
v 4.260406 0.447027 0.003401
v 4.256456 0.435658 0.003314
v 4.252202 0.424025 0.003226
v 4.247642 0.412128 0.003135
v 4.242778 0.399967 0.003043
v 4.237609 0.387541 0.002948
v 4.232136 0.374852 0.002852
v 4.226358 0.361898 0.002753
v 4.220229 0.348745 0.002653
v 4.213699 0.335455 0.002552
v 4.206770 0.322028 0.002450
v 4.199442 0.308466 0.002347
v 4.191715 0.294767 0.002242
v 4.183588 0.280931 0.002137
v 4.175062 0.266960 0.002031
v 4.166136 0.252852 0.001924
v 4.156811 0.238608 0.001815
v 4.147086 0.224227 0.001706
v 4.136962 0.209710 0.001595
v 4.126439 0.195057 0.001484
v 4.000686 0.301786 0.002296
v 4.006495 0.308772 0.002349
v 4.012221 0.315826 0.002403
v 4.017868 0.322948 0.002457
v 4.023432 0.330139 0.002511
v 4.028915 0.337397 0.002567
v 4.034318 0.344724 0.002622
v 4.039639 0.352118 0.002679
v 4.044878 0.359581 0.002735
v 4.050037 0.367112 0.002793
v 4.055114 0.374711 0.002851
v 4.060110 0.382379 0.002909
v 4.065025 0.390114 0.002968
v 4.069818 0.397837 0.003026
v 4.074448 0.405466 0.003084
v 4.078916 0.413001 0.003142
v 4.083221 0.420443 0.003198
v 4.087365 0.427791 0.003254
v 4.091345 0.435045 0.003310
v 4.095163 0.442205 0.003364
v 4.098819 0.449272 0.003418
v 4.102312 0.456245 0.003471
v 4.105643 0.463124 0.003523
v 4.108811 0.469910 0.003575
v 4.111816 0.476602 0.003626
v 4.114619 0.483106 0.003675
v 4.117178 0.489330 0.003722
v 4.119493 0.495272 0.003768
v 4.121564 0.500933 0.003811
v 4.123392 0.506313 0.003852
v 4.124976 0.511412 0.003890
v 4.126317 0.516229 0.003927
v 4.127413 0.520766 0.003962
v 4.128266 0.525021 0.003994
v 4.128876 0.528995 0.004024
v 4.129241 0.532688 0.004052
v 4.129363 0.536100 0.004078
v 4.129194 0.540215 0.004110
v 4.128686 0.543972 0.004138
v 4.127840 0.547371 0.004164
v 4.126655 0.550413 0.004187
v 4.125132 0.553096 0.004208
v 4.123271 0.555422 0.004225
v 4.121070 0.557390 0.004240
v 4.118532 0.559000 0.004252
v 4.115654 0.560252 0.004262
v 4.112439 0.561147 0.004269
v 4.108884 0.561684 0.004273
v 4.104992 0.561863 0.004274
v 4.103418 0.561812 0.004274
v 4.101621 0.561658 0.004273
v 4.099600 0.561403 0.004271
v 4.097356 0.561045 0.004268
v 4.094889 0.560585 0.004265
v 4.092198 0.560022 0.004260
v 4.089283 0.559358 0.004255
v 4.086146 0.558591 0.004249
v 4.082785 0.557722 0.004243
v 4.079200 0.556751 0.004235
v 4.075392 0.555678 0.004227
v 4.071361 0.554502 0.004218
v 4.067153 0.553241 0.004209
v 4.062818 0.551912 0.004199
v 4.058353 0.550515 0.004188
v 4.053760 0.549050 0.004177
v 4.049038 0.547516 0.004165
v 4.044187 0.545915 0.004153
v 4.039208 0.544245 0.004140
v 4.034101 0.542507 0.004127
v 4.028864 0.540701 0.004113
v 4.023500 0.538827 0.004099
v 4.018006 0.536884 0.004084
v 4.012384 0.534874 0.004069
v 4.006799 0.532795 0.004053
v 4.001092 0.530648 0.004037
v 3.995264 0.528433 0.004020
v 3.989313 0.526150 0.004003
v 3.983241 0.523799 0.003985
v 3.977046 0.521379 0.003966
v 3.970731 0.518891 0.003947
v 3.964293 0.516336 0.003928
v 3.957733 0.513712 0.003908
v 3.951051 0.511020 0.003887
v 3.944248 0.508259 0.003866
v 3.937323 0.505431 0.003845
v 3.930295 0.502509 0.003823
v 3.923187 0.499468 0.003800
v 3.915998 0.496307 0.003776
v 3.908728 0.493027 0.003751
v 3.901376 0.489628 0.003725
v 3.893943 0.486109 0.003698
v 3.886428 0.482472 0.003670
v 3.878833 0.478715 0.003642
v 3.871156 0.474838 0.003612
v 3.863398 0.470843 0.003582
v 3.855559 0.466728 0.003551
v 3.847638 0.462494 0.003518
v 3.852722 0.446776 0.003399
v 3.857901 0.431109 0.003280
v 3.863175 0.415493 0.003161
v 3.868543 0.399928 0.003042
v 3.874006 0.384415 0.002924
v 3.879564 0.368952 0.002807
v 3.885216 0.353541 0.002689
v 3.890964 0.338181 0.002573
v 3.896806 0.322872 0.002456
v 3.902743 0.307614 0.002340
v 3.908775 0.292407 0.002224
v 3.914901 0.277251 0.002109
v 3.921086 0.262236 0.001995
v 3.927290 0.247451 0.001882
v 3.933515 0.232895 0.001772
v 3.939759 0.218570 0.001663
v 3.946025 0.204475 0.001556
v 3.952310 0.190610 0.001450
v 3.958616 0.176975 0.001346
v 3.964942 0.163570 0.001244
v 3.971289 0.150395 0.001144
v 3.977656 0.137450 0.001046
v 3.984043 0.124735 0.000949
v 3.990450 0.112250 0.000854
v 3.996851 0.100080 0.000761
v 4.003218 0.088311 0.000672
v 4.009551 0.076942 0.000585
v 4.015850 0.065973 0.000502
v 4.022115 0.055405 0.000421
v 4.028347 0.045237 0.000344
v 4.034544 0.035470 0.000270
v 4.040708 0.026103 0.000199
v 4.046838 0.017137 0.000130
v 4.052934 0.008570 0.000065
v 4.058996 0.000405 0.000003
v 4.065025 -0.007361 -0.000056
v 3.000515 0.631789 0.004806
v 2.993193 0.640163 0.004870
v 2.985527 0.648521 0.004933
v 2.977515 0.656861 0.004997
v 2.969158 0.665184 0.005060
v 2.960455 0.673491 0.005123
v 2.951408 0.681780 0.005186
v 2.942015 0.690052 0.005249
v 2.932277 0.698307 0.005312
v 2.922194 0.706545 0.005375
v 2.911765 0.714766 0.005437
v 2.900991 0.722970 0.005500
v 2.889872 0.731157 0.005562
v 2.878543 0.739276 0.005624
v 2.867139 0.747276 0.005685
v 2.855661 0.755156 0.005745
v 2.844109 0.762917 0.005804
v 2.832482 0.770559 0.005862
v 2.820781 0.778082 0.005919
v 2.809005 0.785485 0.005975
v 2.797154 0.792769 0.006031
v 2.785230 0.799934 0.006085
v 2.773231 0.806979 0.006139
v 2.761157 0.813905 0.006192
v 2.749010 0.820712 0.006243
v 2.802625 0.999821 0.007606
v 2.811239 0.995864 0.007576
v 2.819860 0.991762 0.007545
v 2.828488 0.987515 0.007512
v 2.837123 0.983123 0.007479
v 2.845764 0.978587 0.007444
v 2.854413 0.973906 0.007409
v 2.863067 0.969079 0.007372
v 2.871729 0.964108 0.007334
v 2.880398 0.958993 0.007295
v 2.889073 0.953732 0.007255
v 2.897755 0.948327 0.007214
v 2.906444 0.942776 0.007172
v 2.915092 0.937132 0.007129
v 2.923653 0.931445 0.007086
v 2.932125 0.925716 0.007042
v 2.940509 0.919944 0.006998
v 2.948805 0.914130 0.006954
v 2.957013 0.908273 0.006909
v 2.965134 0.902373 0.006865
v 2.973166 0.896431 0.006819
v 2.981110 0.890446 0.006774
v 2.988966 0.884419 0.006728
v 2.996734 0.878349 0.006682
v 3.004414 0.872237 0.006635
v 3.011935 0.866128 0.006589
v 3.019226 0.860071 0.006543
v 3.026287 0.854065 0.006497
v 3.033117 0.848110 0.006452
v 3.039718 0.842206 0.006407
v 3.046088 0.836353 0.006362
v 3.052227 0.830552 0.006318
v 3.058137 0.824801 0.006275
v 3.063817 0.819102 0.006231
v 3.069267 0.813454 0.006188
v 3.074486 0.807856 0.006146
v 3.079476 0.802310 0.006103
v 2.896208 0.371713 0.002828
v 2.890593 0.375597 0.002857
v 2.884795 0.379482 0.002887
v 2.878814 0.383367 0.002916
v 2.872650 0.387252 0.002946
v 2.866303 0.391136 0.002975
v 2.859774 0.395021 0.003005
v 2.853062 0.398906 0.003035
v 2.846167 0.402791 0.003064
v 2.839089 0.406676 0.003094
v 2.831829 0.410560 0.003123
v 2.824386 0.414445 0.003153
v 2.816760 0.418330 0.003182
v 2.809039 0.422181 0.003212
v 2.801312 0.425963 0.003240
v 2.793577 0.429678 0.003269
v 2.785836 0.433324 0.003296
v 2.778089 0.436902 0.003324
v 2.770334 0.440412 0.003350
v 2.762573 0.443854 0.003377
v 2.754804 0.447227 0.003402
v 2.747030 0.450533 0.003427
v 2.739248 0.453770 0.003452
v 2.731459 0.456939 0.003476
v 2.723664 0.460040 0.003500
v 2.715947 0.463039 0.003522
v 2.708392 0.465902 0.003544
v 2.700999 0.468628 0.003565
v 2.693770 0.471218 0.003585
v 2.686702 0.473671 0.003603
v 2.679797 0.475988 0.003621
v 2.673054 0.478169 0.003638
v 2.666474 0.480214 0.003653
v 2.660057 0.482122 0.003668
v 2.653802 0.483894 0.003681
v 2.647709 0.485530 0.003694
v 2.641779 0.487029 0.003705
v 2.687596 0.675953 0.005142
v 2.694623 0.674057 0.005128
v 2.701730 0.672051 0.005112
v 2.708920 0.669934 0.005096
v 2.716191 0.667706 0.005079
v 2.723542 0.665367 0.005062
v 2.730975 0.662918 0.005043
v 2.738490 0.660358 0.005024
v 2.746085 0.657687 0.005003
v 2.753762 0.654906 0.004982
v 2.761520 0.652013 0.004960
v 2.769359 0.649010 0.004937
v 2.777279 0.645897 0.004914
v 2.785234 0.642698 0.004889
v 2.793175 0.639439 0.004864
v 2.801102 0.636121 0.004839
v 2.809015 0.632743 0.004813
v 2.816916 0.629305 0.004787
v 2.824802 0.625808 0.004761
v 2.832675 0.622251 0.004734
v 2.840535 0.618635 0.004706
v 2.848381 0.614959 0.004678
v 2.856213 0.611223 0.004650
v 2.864032 0.607428 0.004621
v 2.871838 0.603573 0.004592
v 2.879582 0.599680 0.004562
v 2.887218 0.595769 0.004532
v 2.894746 0.591842 0.004502
v 2.902166 0.587898 0.004472
v 2.909477 0.583936 0.004442
v 2.916680 0.579958 0.004412
v 2.923774 0.575962 0.004382
v 2.930761 0.571949 0.004351
v 2.937639 0.567920 0.004320
v 2.944408 0.563873 0.004290
v 2.951070 0.559810 0.004259
v 2.957622 0.555729 0.004228
v 3.478179 0.440412 0.003350
v 3.471082 0.426956 0.003248
v 3.463760 0.413576 0.003146
v 3.456216 0.400273 0.003045
v 3.448448 0.387047 0.002944
v 3.440456 0.373898 0.002844
v 3.432241 0.360825 0.002745
v 3.423803 0.347829 0.002646
v 3.415141 0.334909 0.002548
v 3.406256 0.322067 0.002450
v 3.397147 0.309300 0.002353
v 3.387815 0.296611 0.002256
v 3.378260 0.283998 0.002160
v 3.368532 0.271496 0.002065
v 3.358682 0.259139 0.001971
v 3.348710 0.246927 0.001878
v 3.338617 0.234859 0.001787
v 3.328401 0.222936 0.001696
v 3.318064 0.211159 0.001606
v 3.307605 0.199525 0.001518
v 3.297024 0.188037 0.001430
v 3.286321 0.176694 0.001344
v 3.275497 0.165495 0.001259
v 3.264550 0.154442 0.001175
v 3.253482 0.143533 0.001092
v 3.242332 0.132811 0.001010
v 3.231143 0.122320 0.000931
v 3.219912 0.112058 0.000852
v 3.208640 0.102027 0.000776
v 3.197328 0.092225 0.000702
v 3.185975 0.082654 0.000629
v 3.174582 0.073313 0.000558
v 3.163148 0.064201 0.000488
v 3.151674 0.055320 0.000421
v 3.140159 0.046669 0.000355
v 3.128603 0.038247 0.000291
v 3.117007 0.030056 0.000229
v 3.105414 0.022129 0.000168
v 3.093868 0.014500 0.000110
v 3.082370 0.007169 0.000055
v 3.070919 0.000136 0.000001
v 3.059515 -0.006598 -0.000050
v 3.048159 -0.013034 -0.000099
v 3.036851 -0.019173 -0.000146
v 3.025589 -0.025013 -0.000190
v 3.014376 -0.030554 -0.000232
v 3.003209 -0.035798 -0.000272
v 2.992090 -0.040743 -0.000310
v 2.981018 -0.045391 -0.000345
v 2.970038 -0.049701 -0.000378
v 2.959193 -0.053637 -0.000408
v 2.948483 -0.057198 -0.000435
v 2.937909 -0.060385 -0.000459
v 2.927471 -0.063196 -0.000481
v 2.917167 -0.065632 -0.000499
v 2.906999 -0.067694 -0.000515
v 2.896967 -0.069381 -0.000528
v 2.887069 -0.070693 -0.000538
v 2.877307 -0.071630 -0.000545
v 2.867681 -0.072192 -0.000549
v 2.858190 -0.072380 -0.000551
v 2.845494 -0.071962 -0.000547
v 2.833075 -0.070710 -0.000538
v 2.820934 -0.068623 -0.000522
v 2.809070 -0.065701 -0.000500
v 2.797484 -0.061944 -0.000471
v 2.786175 -0.057352 -0.000436
v 2.775144 -0.051925 -0.000395
v 2.764390 -0.045663 -0.000347
v 2.753914 -0.038567 -0.000293
v 2.743716 -0.030635 -0.000233
v 2.733795 -0.021869 -0.000166
v 2.724152 -0.012268 -0.000093
v 2.714880 -0.001687 -0.000013
v 2.706077 0.010019 0.000076
v 2.697740 0.022849 0.000174
v 2.689870 0.036803 0.000280
v 2.682468 0.051882 0.000395
v 2.675532 0.068086 0.000518
v 2.669064 0.085414 0.000650
v 2.663062 0.103867 0.000790
v 2.657528 0.123444 0.000939
v 2.652461 0.144146 0.001097
v 2.647861 0.165972 0.001263
v 2.643728 0.188923 0.001437
v 2.781179 0.268664 0.002044
v 2.783528 0.256685 0.001953
v 2.786026 0.245287 0.001866
v 2.788673 0.234467 0.001784
v 2.791469 0.224227 0.001706
v 2.794414 0.214566 0.001632
v 2.797507 0.205485 0.001563
v 2.800750 0.196982 0.001499
v 2.804141 0.189060 0.001438
v 2.807682 0.181716 0.001382
v 2.811371 0.174952 0.001331
v 2.815210 0.168767 0.001284
v 2.819197 0.163161 0.001241
v 2.823367 0.158066 0.001202
v 2.827754 0.153415 0.001167
v 2.832357 0.149206 0.001135
v 2.837177 0.145441 0.001106
v 2.842214 0.142118 0.001081
v 2.847467 0.139239 0.001059
v 2.852937 0.136802 0.001041
v 2.858623 0.134809 0.001026
v 2.864526 0.133258 0.001014
v 2.870646 0.132151 0.001005
v 2.876982 0.131486 0.001000
v 2.883536 0.131265 0.000999
v 2.887892 0.131405 0.001000
v 2.892512 0.131827 0.001003
v 2.897396 0.132530 0.001008
v 2.902544 0.133514 0.001016
v 2.907957 0.134779 0.001025
v 2.913633 0.136325 0.001037
v 2.919573 0.138153 0.001051
v 2.925778 0.140261 0.001067
v 2.932246 0.142651 0.001085
v 2.938978 0.145322 0.001106
v 2.945975 0.148274 0.001128
v 2.953236 0.151507 0.001153
v 2.960699 0.155012 0.001179
v 2.968305 0.158782 0.001208
v 2.976053 0.162816 0.001239
v 2.983943 0.167114 0.001271
v 2.991975 0.171676 0.001306
v 3.000149 0.176502 0.001343
v 3.008466 0.181592 0.001381
v 3.016925 0.186947 0.001422
v 3.025525 0.192565 0.001465
v 3.034268 0.198448 0.001510
v 3.043154 0.204594 0.001556
v 3.052181 0.211005 0.001605
v 3.061299 0.217676 0.001656
v 3.070458 0.224602 0.001709
v 3.079658 0.231784 0.001763
v 3.088899 0.239221 0.001820
v 3.098180 0.246914 0.001878
v 3.107502 0.254862 0.001939
v 3.116864 0.263066 0.002001
v 3.126267 0.271526 0.002066
v 3.135711 0.280241 0.002132
v 3.145195 0.289212 0.002200
v 3.154720 0.298438 0.002270
v 3.164285 0.307920 0.002342
v 3.173844 0.317649 0.002416
v 3.183348 0.327617 0.002492
v 3.192799 0.337823 0.002570
v 3.202195 0.348268 0.002649
v 3.211537 0.358951 0.002731
v 3.220825 0.369872 0.002814
v 3.230059 0.381033 0.002899
v 3.239239 0.392431 0.002985
v 3.248364 0.404069 0.003074
v 3.257435 0.415945 0.003164
v 3.266453 0.428059 0.003256
v 3.275416 0.440412 0.003350
v 3.284271 0.452986 0.003446
v 3.292963 0.465765 0.003543
v 3.301493 0.478749 0.003642
v 3.309860 0.491936 0.003742
v 3.318065 0.505329 0.003844
v 3.326107 0.518926 0.003948
v 3.333987 0.532727 0.004053
v 3.341704 0.546732 0.004159
v 3.349259 0.560943 0.004267
v 3.356652 0.575357 0.004377
v 3.363882 0.589976 0.004488
v 3.370949 0.604800 0.004601
v 3.437237 0.855062 0.006505
v 3.435555 0.856787 0.006518
v 3.433757 0.858691 0.006532
v 3.431845 0.860774 0.006548
v 3.429817 0.863036 0.006565
v 3.427675 0.865476 0.006584
v 3.425417 0.868096 0.006604
v 3.423044 0.870895 0.006625
v 3.420556 0.873872 0.006648
v 3.417953 0.877029 0.006672
v 3.415236 0.880364 0.006697
v 3.412402 0.883878 0.006724
v 3.409454 0.887571 0.006752
v 3.406459 0.891379 0.006781
v 3.403484 0.895239 0.006810
v 3.400528 0.899149 0.006840
v 3.397594 0.903110 0.006870
v 3.394680 0.907123 0.006901
v 3.391785 0.911187 0.006932
v 3.388912 0.915302 0.006963
v 3.386058 0.919467 0.006995
v 3.383225 0.923684 0.007027
v 3.380412 0.927953 0.007059
v 3.377620 0.932272 0.007092
v 3.374848 0.936642 0.007125
v 3.372147 0.940983 0.007158
v 3.369568 0.945213 0.007191
v 3.367110 0.949332 0.007222
v 3.364775 0.953340 0.007252
v 3.362561 0.957238 0.007282
v 3.360469 0.961024 0.007311
v 3.358500 0.964700 0.007339
v 3.356651 0.968266 0.007366
v 3.354925 0.971720 0.007392
v 3.353320 0.975064 0.007418
v 3.351838 0.978297 0.007442
v 3.350477 0.981419 0.007466
v 3.408967 1.037851 0.007895
v 3.411302 1.033515 0.007862
v 3.413760 1.029093 0.007829
v 3.416339 1.024587 0.007794
v 3.419040 1.019995 0.007759
v 3.421863 1.015318 0.007724
v 3.424808 1.010555 0.007688
v 3.427874 1.005708 0.007651
v 3.431063 1.000775 0.007613
v 3.434373 0.995757 0.007575
v 3.437806 0.990654 0.007536
v 3.441360 0.985466 0.007497
v 3.445035 0.980193 0.007457
v 3.448772 0.974953 0.007417
v 3.452509 0.969867 0.007378
v 3.456246 0.964935 0.007341
v 3.459983 0.960155 0.007304
v 3.463720 0.955529 0.007269
v 3.467457 0.951057 0.007235
v 3.471194 0.946737 0.007202
v 3.474931 0.942572 0.007170
v 3.478668 0.938559 0.007140
v 3.482405 0.934700 0.007111
v 3.486142 0.930994 0.007082
v 3.489877 0.927441 0.007055
v 3.315384 0.824392 0.006271
v 3.313874 0.826352 0.006286
v 3.312269 0.828550 0.006303
v 3.310570 0.830986 0.006322
v 3.308776 0.833661 0.006342
v 3.306888 0.836575 0.006364
v 3.304904 0.839727 0.006388
v 3.302826 0.843118 0.006414
v 3.300653 0.846747 0.006441
v 3.298385 0.850615 0.006471
v 3.296023 0.854721 0.006502
v 3.293565 0.859066 0.006535
v 3.291013 0.863649 0.006570
v 3.288424 0.868373 0.006606
v 3.285855 0.873140 0.006642
v 3.283306 0.877949 0.006679
v 3.280777 0.882801 0.006716
v 3.278269 0.887695 0.006753
v 3.275781 0.892632 0.006791
v 3.273314 0.897611 0.006828
v 3.270867 0.902633 0.006867
v 3.268440 0.907698 0.006905
v 3.266033 0.912805 0.006944
v 3.263647 0.917955 0.006983
v 3.261281 0.923148 0.007023
v 3.258989 0.928289 0.007062
v 3.256826 0.933286 0.007100
v 3.254792 0.938137 0.007137
v 3.252886 0.942844 0.007172
v 3.251109 0.947406 0.007207
v 3.249461 0.951824 0.007241
v 3.247941 0.956096 0.007273
v 3.246550 0.960223 0.007305
v 3.245287 0.964206 0.007335
v 3.244153 0.968044 0.007364
v 3.243148 0.971737 0.007392
v 3.242271 0.975286 0.007419
v 3.309535 1.014542 0.007718
v 3.311061 1.009780 0.007682
v 3.312716 1.004899 0.007645
v 3.314500 0.999898 0.007607
v 3.316413 0.994778 0.007568
v 3.318454 0.989538 0.007528
v 3.320623 0.984180 0.007487
v 3.322921 0.978702 0.007445
v 3.325348 0.973105 0.007403
v 3.327904 0.967388 0.007359
v 3.330588 0.961553 0.007315
v 3.333401 0.955598 0.007270
v 3.336342 0.949523 0.007223
v 3.339358 0.943466 0.007177
v 3.342394 0.937562 0.007132
v 3.345451 0.931812 0.007089
v 3.348528 0.926215 0.007046
v 3.351625 0.920771 0.007005
v 3.354742 0.915480 0.006964
v 3.357880 0.910343 0.006925
v 3.361038 0.905360 0.006887
v 3.364217 0.900529 0.006851
v 3.367415 0.895852 0.006815
v 3.370634 0.891328 0.006781
v 3.373873 0.886958 0.006747
v 2.012041 0.550822 0.004190
v 2.003989 0.564018 0.004291
v 1.995753 0.577027 0.004390
v 1.987335 0.589848 0.004487
v 1.978734 0.602482 0.004583
v 1.969951 0.614929 0.004678
v 1.960984 0.627188 0.004771
v 1.951835 0.639260 0.004863
v 1.942503 0.651145 0.004953
v 1.932989 0.662841 0.005042
v 1.923291 0.674351 0.005130
v 1.913411 0.685673 0.005216
v 1.903348 0.696808 0.005301
v 1.893176 0.707704 0.005384
v 1.882971 0.718310 0.005464
v 1.872732 0.728627 0.005543
v 1.862459 0.738654 0.005619
v 1.852153 0.748392 0.005693
v 1.841812 0.757840 0.005765
v 1.831437 0.766998 0.005835
v 1.821029 0.775867 0.005902
v 1.810587 0.784446 0.005968
v 1.800111 0.792735 0.006031
v 1.789601 0.800734 0.006091
v 1.779058 0.808444 0.006150
v 1.891163 0.958111 0.007289
v 1.901256 0.950418 0.007230
v 1.911390 0.942469 0.007170
v 1.921565 0.934265 0.007107
v 1.931780 0.925806 0.007043
v 1.942036 0.917091 0.006977
v 1.952333 0.908120 0.006908
v 1.962670 0.898893 0.006838
v 1.973048 0.889411 0.006766
v 1.983466 0.879674 0.006692
v 1.993925 0.869681 0.006616
v 2.004425 0.859432 0.006538
v 2.014966 0.848928 0.006458
v 2.025458 0.838134 0.006376
v 2.035816 0.827016 0.006291
v 2.046038 0.815575 0.006204
v 2.056125 0.803810 0.006115
v 2.066076 0.791721 0.006023
v 2.075892 0.779308 0.005928
v 2.085572 0.766572 0.005832
v 2.095118 0.753512 0.005732
v 2.104528 0.740128 0.005630
v 2.113802 0.726421 0.005526
v 2.122941 0.712390 0.005419
v 2.131945 0.698035 0.005310
v 2.195308 0.023309 0.000177
v 2.183576 0.015761 0.000120
v 2.172102 0.008656 0.000066
v 2.160885 0.001993 0.000015
v 2.149925 -0.004226 -0.000032
v 2.139222 -0.010002 -0.000076
v 2.128776 -0.015335 -0.000117
v 2.118588 -0.020225 -0.000154
v 2.108657 -0.024672 -0.000188
v 2.098983 -0.028676 -0.000218
v 2.089567 -0.032237 -0.000245
v 2.080408 -0.035355 -0.000269
v 2.071505 -0.038030 -0.000289
v 2.062847 -0.040381 -0.000307
v 2.054419 -0.042528 -0.000324
v 2.046221 -0.044471 -0.000338
v 2.038253 -0.046208 -0.000352
v 2.030515 -0.047742 -0.000363
v 2.023008 -0.049071 -0.000373
v 2.015731 -0.050196 -0.000382
v 2.008683 -0.051116 -0.000389
v 2.001866 -0.051831 -0.000394
v 1.995280 -0.052342 -0.000398
v 1.988923 -0.052649 -0.000401
v 1.982796 -0.052751 -0.000401
v 1.952076 -0.050954 -0.000388
v 1.923278 -0.045561 -0.000347
v 1.896402 -0.036573 -0.000278
v 1.871449 -0.023990 -0.000183
v 1.848419 -0.007812 -0.000059
v 1.827311 0.011961 0.000091
v 1.808126 0.035329 0.000269
v 1.790864 0.062293 0.000474
v 1.775524 0.092852 0.000706
v 1.762106 0.127005 0.000966
v 1.750611 0.164754 0.001253
v 1.741039 0.206098 0.001568
v 1.888238 0.289519 0.002202
v 1.890594 0.278129 0.002116
v 1.893112 0.267266 0.002033
v 1.895793 0.256933 0.001955
v 1.898636 0.247127 0.001880
v 1.901642 0.237849 0.001809
v 1.904810 0.229100 0.001743
v 1.908140 0.220879 0.001680
v 1.911633 0.213186 0.001622
v 1.915289 0.206021 0.001567
v 1.919107 0.199385 0.001517
v 1.923088 0.193277 0.001470
v 1.927231 0.187696 0.001428
v 1.931543 0.182602 0.001389
v 1.936032 0.177950 0.001354
v 1.940696 0.173742 0.001322
v 1.945536 0.169976 0.001293
v 1.950552 0.166654 0.001268
v 1.955745 0.163774 0.001246
v 1.961113 0.161338 0.001227
v 1.966657 0.159344 0.001212
v 1.972378 0.157794 0.001200
v 1.978274 0.156686 0.001192
v 1.984346 0.156022 0.001187
v 1.990595 0.155800 0.001185
v 1.993343 0.155886 0.001186
v 1.996390 0.156141 0.001188
v 1.999734 0.156567 0.001191
v 2.003376 0.157163 0.001196
v 2.007316 0.157930 0.001201
v 2.011554 0.158867 0.001209
v 2.016089 0.159975 0.001217
v 2.020923 0.161253 0.001227
v 2.026054 0.162701 0.001238
v 2.031483 0.164320 0.001250
v 2.037210 0.166109 0.001264
v 2.043236 0.168068 0.001279
v 2.049507 0.170245 0.001295
v 2.055976 0.172686 0.001314
v 2.062640 0.175390 0.001334
v 2.069501 0.178359 0.001357
v 2.076559 0.181592 0.001381
v 2.083812 0.185090 0.001408
v 2.091263 0.188851 0.001437
v 2.098909 0.192876 0.001467
v 2.106751 0.197166 0.001500
v 2.114790 0.201719 0.001535
v 2.123026 0.206537 0.001571
v 2.131457 0.211619 0.001610
v 2.140038 0.217007 0.001651
v 2.148720 0.222745 0.001694
v 2.157503 0.228832 0.001741
v 2.166389 0.235268 0.001790
v 2.175375 0.242054 0.001841
v 2.184463 0.249189 0.001896
v 2.193653 0.256673 0.001953
v 2.202944 0.264506 0.002012
v 2.212337 0.272689 0.002074
v 2.221832 0.281221 0.002139
v 2.231428 0.290102 0.002207
v 2.241125 0.299333 0.002277
v 2.250874 0.308951 0.002350
v 2.260622 0.318995 0.002427
v 2.270370 0.329466 0.002506
v 2.280118 0.340362 0.002589
v 2.289867 0.351684 0.002675
v 2.299615 0.363432 0.002765
v 2.309363 0.375606 0.002857
v 2.319112 0.388206 0.002953
v 2.328860 0.401232 0.003052
v 2.338608 0.414684 0.003155
v 2.348356 0.428562 0.003260
v 2.358104 0.442866 0.003369
v 2.367798 0.457646 0.003481
v 2.377384 0.472956 0.003598
v 2.386862 0.488793 0.003718
v 2.396231 0.505158 0.003843
v 2.405492 0.522052 0.003971
v 2.414644 0.539474 0.004104
v 2.423688 0.557424 0.004240
v 2.432624 0.575902 0.004381
v 2.441452 0.594909 0.004526
v 2.450171 0.614444 0.004674
v 2.458782 0.634506 0.004827
v 2.467285 0.655097 0.004984
v 2.591088 0.511565 0.003892
v 2.591088 0.510338 0.003882
v 2.587070 0.500464 0.003807
v 2.582815 0.490471 0.003731
v 2.578324 0.480359 0.003654
v 2.573595 0.470127 0.003576
v 2.568630 0.459776 0.003498
v 2.563427 0.449306 0.003418
v 2.557988 0.438717 0.003337
v 2.552311 0.428008 0.003256
v 2.546398 0.417180 0.003174
v 2.540248 0.406233 0.003090
v 2.533860 0.395166 0.003006
v 2.527236 0.383980 0.002921
v 2.520413 0.372739 0.002836
v 2.513427 0.361507 0.002750
v 2.506278 0.350282 0.002665
v 2.498966 0.339067 0.002579
v 2.491493 0.327860 0.002494
v 2.483857 0.316661 0.002409
v 2.476058 0.305471 0.002324
v 2.468097 0.294290 0.002239
v 2.459973 0.283117 0.002154
v 2.451687 0.271952 0.002069
v 2.443238 0.260796 0.001984
v 2.434628 0.249649 0.001899
v 2.425875 0.238565 0.001815
v 2.417000 0.227601 0.001731
v 2.408003 0.216756 0.001649
v 2.398885 0.206030 0.001567
v 2.389644 0.195423 0.001487
v 2.380282 0.184936 0.001407
v 2.370797 0.174568 0.001328
v 2.361191 0.164320 0.001250
v 2.351463 0.154190 0.001173
v 2.341613 0.144180 0.001097
v 2.331642 0.134289 0.001022
v 2.321548 0.124518 0.000947
v 2.311363 0.114912 0.000874
v 2.301118 0.105520 0.000803
v 2.290811 0.096340 0.000733
v 2.280443 0.087374 0.000665
v 2.270015 0.078620 0.000598
v 2.259525 0.070079 0.000533
v 2.248975 0.061752 0.000470
v 2.238363 0.053637 0.000408
v 2.227691 0.045736 0.000348
v 2.216958 0.038047 0.000289
v 2.206164 0.030571 0.000233
v 1.016744 0.236767 0.001801
v 0.900739 0.370486 0.002818
v 0.905251 0.378336 0.002878
v 0.910014 0.386349 0.002939
v 0.915026 0.394523 0.003001
v 0.920290 0.402859 0.003065
v 0.925804 0.411357 0.003129
v 0.931568 0.420017 0.003195
v 0.937583 0.428839 0.003262
v 0.943848 0.437822 0.003331
v 0.950364 0.446968 0.003400
v 0.957130 0.456275 0.003471
v 0.964147 0.465744 0.003543
v 0.971414 0.475375 0.003616
v 0.978898 0.485125 0.003690
v 0.986565 0.494952 0.003765
v 0.994414 0.504856 0.003841
v 1.002446 0.514836 0.003917
v 1.010661 0.524893 0.003993
v 1.019059 0.535027 0.004070
v 1.027639 0.545237 0.004148
v 1.036403 0.555524 0.004226
v 1.045349 0.565888 0.004305
v 1.054478 0.576328 0.004384
v 1.063789 0.586845 0.004464
v 1.073284 0.597439 0.004545
v 1.082920 0.608071 0.004626
v 1.092658 0.618703 0.004707
v 1.102498 0.629335 0.004788
v 1.112439 0.639967 0.004868
v 1.122482 0.650599 0.004949
v 1.132626 0.661232 0.005030
v 1.142872 0.671864 0.005111
v 1.153219 0.682496 0.005192
v 1.163668 0.693128 0.005273
v 1.174219 0.703760 0.005354
v 1.184871 0.714392 0.005435
v 1.195624 0.725024 0.005515
v 1.206452 0.735609 0.005596
v 1.217328 0.746100 0.005676
v 1.228251 0.756498 0.005755
v 1.239221 0.766802 0.005833
v 1.250238 0.777013 0.005911
v 1.261303 0.787129 0.005988
v 1.272416 0.797152 0.006064
v 1.283575 0.807081 0.006140
v 1.294782 0.816917 0.006215
v 1.306037 0.826658 0.006289
v 1.317339 0.836307 0.006362
v 1.328688 0.845861 0.006435
v 1.340040 0.855283 0.006506
v 1.351353 0.864535 0.006577
v 1.362624 0.873617 0.006646
v 1.373855 0.882528 0.006714
v 1.385045 0.891269 0.006780
v 1.396195 0.899839 0.006845
v 1.407304 0.908239 0.006909
v 1.418372 0.916469 0.006972
v 1.429400 0.924528 0.007033
v 1.440387 0.932417 0.007093
v 1.451333 0.940135 0.007152
v 1.462239 0.947683 0.007209
v 1.473071 0.955005 0.007265
v 1.483794 0.962047 0.007319
v 1.494408 0.968807 0.007370
v 1.504915 0.975286 0.007419
v 1.515313 0.981483 0.007466
v 1.525603 0.987400 0.007511
v 1.535784 0.993035 0.007554
v 1.545858 0.998390 0.007595
v 1.555823 1.003463 0.007634
v 1.565679 1.008255 0.007670
v 1.575427 1.012766 0.007704
v 1.585067 1.016996 0.007737
v 1.690348 0.863649 0.006570
v 1.679784 0.858648 0.006532
v 1.669214 0.853460 0.006493
v 1.658636 0.848084 0.006452
v 1.648052 0.842521 0.006409
v 1.637461 0.836771 0.006366
v 1.626863 0.830833 0.006320
v 1.616258 0.824708 0.006274
v 1.605647 0.818395 0.006226
v 1.595029 0.811895 0.006176
v 1.584404 0.805207 0.006125
v 1.573772 0.798332 0.006073
v 1.563134 0.791269 0.006019
v 1.552509 0.784062 0.005965
v 1.541918 0.776753 0.005909
v 1.531360 0.769341 0.005853
v 1.520837 0.761827 0.005795
v 1.510347 0.754211 0.005738
v 1.499892 0.746492 0.005679
v 1.489470 0.738672 0.005619
v 1.479082 0.730749 0.005559
v 1.468728 0.722724 0.005498
v 1.458408 0.714596 0.005436
v 1.448121 0.706367 0.005374
v 1.437868 0.698035 0.005310
v 1.439473 0.688902 0.005241
v 1.441037 0.679497 0.005169
v 1.442560 0.669819 0.005096
v 1.444042 0.659868 0.005020
v 1.445484 0.649645 0.004942
v 1.446886 0.639149 0.004862
v 1.448246 0.628381 0.004780
v 1.449566 0.617340 0.004696
v 1.450846 0.606027 0.004610
v 1.452085 0.594440 0.004522
v 1.453283 0.582582 0.004432
v 1.454441 0.570450 0.004340
v 1.455551 0.558114 0.004246
v 1.456607 0.545642 0.004151
v 1.457609 0.533033 0.004055
v 1.458556 0.520289 0.003958
v 1.459450 0.507408 0.003860
v 1.460289 0.494390 0.003761
v 1.461075 0.481236 0.003661
v 1.461806 0.467946 0.003560
v 1.462483 0.454520 0.003458
v 1.463105 0.440957 0.003354
v 1.463674 0.427258 0.003250
v 1.464189 0.413423 0.003145
v 1.464656 0.399511 0.003039
v 1.465082 0.385582 0.002933
v 1.465468 0.371636 0.002827
v 1.465813 0.357673 0.002721
v 1.466118 0.343693 0.002615
v 1.466382 0.329696 0.002508
v 1.466605 0.315681 0.002401
v 1.466788 0.301650 0.002295
v 1.466930 0.287602 0.002188
v 1.467032 0.273537 0.002081
v 1.467093 0.259454 0.001974
v 1.467113 0.245355 0.001866
v 1.467093 0.231081 0.001758
v 1.467032 0.216883 0.001650
v 1.466930 0.202763 0.001542
v 1.466788 0.188719 0.001436
v 1.466605 0.174751 0.001329
v 1.466382 0.160861 0.001224
v 1.466118 0.147047 0.001119
v 1.465813 0.133309 0.001014
v 1.465468 0.119649 0.000910
v 1.465082 0.106065 0.000807
v 1.464656 0.092558 0.000704
v 1.464189 0.079127 0.000602
v 1.463681 0.065850 0.000501
v 1.463133 0.052802 0.000402
v 1.462544 0.039985 0.000304
v 1.461914 0.027398 0.000208
v 1.461244 0.015041 0.000114
v 1.460533 0.002914 0.000022
v 1.459782 -0.008984 -0.000068
v 1.458990 -0.020651 -0.000157
v 1.458157 -0.032088 -0.000244
v 1.457284 -0.043295 -0.000329
v 1.456370 -0.054272 -0.000413
v 1.455415 -0.065019 -0.000495
v 1.287745 -0.053978 -0.000411
v 1.288385 -0.045246 -0.000344
v 1.289004 -0.036224 -0.000276
v 1.289603 -0.026912 -0.000205
v 1.290182 -0.017311 -0.000132
v 1.290741 -0.007420 -0.000056
v 1.291279 0.002760 0.000021
v 1.291797 0.013230 0.000101
v 1.292294 0.023990 0.000183
v 1.292772 0.035040 0.000267
v 1.293229 0.046379 0.000353
v 1.293665 0.058008 0.000441
v 1.294082 0.069926 0.000532
v 1.294471 0.082041 0.000624
v 1.294826 0.094257 0.000717
v 1.295148 0.106576 0.000811
v 1.295435 0.118997 0.000905
v 1.295689 0.131520 0.001001
v 1.295909 0.144146 0.001097
v 1.296096 0.156874 0.001193
v 1.296248 0.169704 0.001291
v 1.296366 0.182636 0.001389
v 1.296451 0.195671 0.001489
v 1.296502 0.208807 0.001588
v 1.296519 0.222046 0.001689
v 1.296495 0.236567 0.001800
v 1.296424 0.251097 0.001910
v 1.296305 0.265635 0.002021
v 1.296140 0.280182 0.002131
v 1.295926 0.294737 0.002242
v 1.295666 0.309300 0.002353
v 1.295358 0.323873 0.002464
v 1.295002 0.338453 0.002575
v 1.294600 0.353043 0.002686
v 1.294149 0.367640 0.002797
v 1.293652 0.382247 0.002908
v 1.293107 0.396861 0.003019
v 1.292501 0.411366 0.003129
v 1.291821 0.425640 0.003238
v 1.291066 0.439684 0.003345
v 1.290236 0.453498 0.003450
v 1.289333 0.467082 0.003553
v 1.288355 0.480436 0.003655
v 1.287302 0.493559 0.003755
v 1.286175 0.506453 0.003853
v 1.284973 0.519117 0.003949
v 1.283697 0.531551 0.004044
v 1.282347 0.543755 0.004137
v 1.280922 0.555729 0.004228
v 1.267054 0.541821 0.004122
v 1.253396 0.527905 0.004016
v 1.239948 0.513980 0.003910
v 1.226710 0.500047 0.003804
v 1.213682 0.486105 0.003698
v 1.200864 0.472155 0.003592
v 1.188255 0.458196 0.003486
v 1.175857 0.444229 0.003379
v 1.163668 0.430253 0.003273
v 1.151689 0.416268 0.003167
v 1.139920 0.402276 0.003060
v 1.128361 0.388274 0.002954
v 1.117086 0.374383 0.002848
v 1.106170 0.360723 0.002744
v 1.095613 0.347292 0.002642
v 1.085415 0.334092 0.002542
v 1.075575 0.321121 0.002443
v 1.066094 0.308380 0.002346
v 1.056972 0.295870 0.002251
v 1.048209 0.283589 0.002157
v 1.039804 0.271539 0.002066
v 1.031759 0.259718 0.001976
v 1.024072 0.248128 0.001888
v 0.464017 -0.100596 -0.000765
v 0.351912 0.058885 0.000448
v 0.358763 0.063669 0.000484
v 0.365668 0.068614 0.000522
v 0.372627 0.073721 0.000561
v 0.379640 0.078991 0.000601
v 0.386708 0.084422 0.000642
v 0.393830 0.090015 0.000685
v 0.401006 0.095769 0.000729
v 0.408235 0.101686 0.000774
v 0.415520 0.107764 0.000820
v 0.422858 0.114005 0.000867
v 0.430250 0.120407 0.000916
v 0.437697 0.126971 0.000966
v 0.445154 0.133646 0.001017
v 0.452577 0.140380 0.001068
v 0.459966 0.147175 0.001120
v 0.467321 0.154028 0.001172
v 0.474642 0.160942 0.001224
v 0.481930 0.167915 0.001277
v 0.489183 0.174947 0.001331
v 0.496403 0.182040 0.001385
v 0.503589 0.189192 0.001439
v 0.510741 0.196403 0.001494
v 0.517859 0.203674 0.001549
v 0.524944 0.211005 0.001605
v 0.531954 0.218362 0.001661
v 0.538849 0.225709 0.001717
v 0.545628 0.233049 0.001773
v 0.552293 0.240380 0.001829
v 0.558843 0.247702 0.001884
v 0.565277 0.255016 0.001940
v 0.571597 0.262321 0.001996
v 0.577801 0.269618 0.002051
v 0.583890 0.276906 0.002107
v 0.589865 0.284186 0.002162
v 0.595724 0.291457 0.002217
v 0.601468 0.298720 0.002272
v 0.607056 0.305940 0.002327
v 0.612448 0.313083 0.002382
v 0.617644 0.320150 0.002435
v 0.622643 0.327140 0.002489
v 0.627446 0.334053 0.002541
v 0.632053 0.340890 0.002593
v 0.636463 0.347650 0.002645
v 0.640677 0.354333 0.002696
v 0.644695 0.360940 0.002746
v 0.648517 0.367470 0.002795
v 0.652142 0.373923 0.002845
v 0.655571 0.380300 0.002893
v 0.658762 0.386553 0.002941
v 0.661677 0.392636 0.002987
v 0.664313 0.398548 0.003032
v 0.666673 0.404290 0.003076
v 0.668754 0.409862 0.003118
v 0.670558 0.415263 0.003159
v 0.672085 0.420494 0.003199
v 0.673334 0.425554 0.003237
v 0.674305 0.430444 0.003275
v 0.674999 0.435164 0.003310
v 0.675416 0.439713 0.003345
v 0.675555 0.444092 0.003378
v 0.675446 0.448084 0.003409
v 0.675121 0.451879 0.003438
v 0.674580 0.455478 0.003465
v 0.673821 0.458882 0.003491
v 0.672847 0.462089 0.003515
v 0.671655 0.465101 0.003538
v 0.670247 0.467916 0.003560
v 0.668623 0.470536 0.003580
v 0.666781 0.472960 0.003598
v 0.664723 0.475188 0.003615
v 0.662449 0.477219 0.003630
v 0.659957 0.479055 0.003644
v 0.657297 0.480738 0.003657
v 0.654514 0.482310 0.003669
v 0.651610 0.483771 0.003680
v 0.648584 0.485121 0.003690
v 0.645436 0.486361 0.003700
v 0.642167 0.487490 0.003708
v 0.638775 0.488508 0.003716
v 0.635262 0.489415 0.003723
v 0.631626 0.490212 0.003729
v 0.627869 0.490897 0.003734
v 0.623990 0.491472 0.003739
v 0.619989 0.491937 0.003742
v 0.615914 0.492328 0.003745
v 0.611812 0.492686 0.003748
v 0.607682 0.493010 0.003750
v 0.603526 0.493300 0.003753
v 0.599342 0.493555 0.003755
v 0.595131 0.493777 0.003756
v 0.590894 0.493964 0.003758
v 0.586629 0.494117 0.003759
v 0.582337 0.494237 0.003760
v 0.578018 0.494322 0.003760
v 0.573672 0.494373 0.003761
v 0.569298 0.494390 0.003761
v 0.561550 0.494343 0.003761
v 0.553579 0.494203 0.003760
v 0.545385 0.493968 0.003758
v 0.536967 0.493640 0.003755
v 0.528325 0.493219 0.003752
v 0.519460 0.492703 0.003748
v 0.510372 0.492094 0.003744
v 0.501061 0.491391 0.003738
v 0.491526 0.490595 0.003732
v 0.481767 0.489704 0.003725
v 0.471785 0.488720 0.003718
v 0.461580 0.487643 0.003710
v 0.451206 0.486467 0.003701
v 0.440716 0.485189 0.003691
v 0.430112 0.483809 0.003680
v 0.419392 0.482327 0.003669
v 0.408557 0.480742 0.003657
v 0.397607 0.479055 0.003644
v 0.386542 0.477266 0.003631
v 0.375362 0.475375 0.003616
v 0.364067 0.473382 0.003601
v 0.352657 0.471286 0.003585
v 0.341132 0.469088 0.003568
v 0.329491 0.466788 0.003551
v 0.317787 0.464389 0.003533
v 0.306068 0.461898 0.003514
v 0.294337 0.459312 0.003494
v 0.282591 0.456633 0.003474
v 0.270832 0.453860 0.003453
v 0.259060 0.450993 0.003431
v 0.247274 0.448032 0.003408
v 0.235475 0.444978 0.003385
v 0.223662 0.441830 0.003361
v 0.211835 0.438589 0.003336
v 0.199995 0.435254 0.003311
v 0.188141 0.431825 0.003285
v 0.176335 0.428289 0.003258
v 0.164637 0.424634 0.003230
v 0.153048 0.420860 0.003202
v 0.141567 0.416967 0.003172
v 0.130193 0.412954 0.003141
v 0.118929 0.408823 0.003110
v 0.107773 0.404571 0.003078
v 0.096724 0.400201 0.003044
v 0.085785 0.395711 0.003010
v 0.074953 0.391102 0.002975
v 0.064230 0.386374 0.002939
v 0.053616 0.381527 0.002902
v 0.025346 0.579038 0.004405
v 0.038617 0.584686 0.004448
v 0.052113 0.590181 0.004490
v 0.065831 0.595522 0.004530
v 0.079773 0.600711 0.004570
v 0.093939 0.605745 0.004608
v 0.108328 0.610627 0.004645
v 0.122940 0.615355 0.004681
v 0.137776 0.619930 0.004716
v 0.152834 0.624351 0.004750
v 0.168117 0.628620 0.004782
v 0.183623 0.632734 0.004813
v 0.199352 0.636696 0.004844
v 0.215203 0.640504 0.004873
v 0.231074 0.644159 0.004900
v 0.246966 0.647660 0.004927
v 0.262878 0.651008 0.004952
v 0.278810 0.654203 0.004977
v 0.294763 0.657244 0.005000
v 0.310736 0.660132 0.005022
v 0.326729 0.662867 0.005043
v 0.342743 0.665448 0.005062
v 0.358777 0.667876 0.005081
v 0.374831 0.670151 0.005098
v 0.390905 0.672272 0.005114
v 0.406895 0.674232 0.005129
v 0.422696 0.676021 0.005143
v 0.438306 0.677640 0.005155
v 0.453728 0.679088 0.005166
v 0.468959 0.680366 0.005176
v 0.484001 0.681473 0.005184
v 0.498854 0.682410 0.005191
v 0.513517 0.683177 0.005197
v 0.527990 0.683773 0.005202
v 0.542274 0.684199 0.005205
v 0.556368 0.684455 0.005207
v 0.570273 0.684540 0.005207
v 0.583433 0.684463 0.005207
v 0.596269 0.684233 0.005205
v 0.608779 0.683850 0.005202
v 0.620964 0.683313 0.005198
v 0.632825 0.682623 0.005193
v 0.644360 0.681780 0.005186
v 0.655571 0.680783 0.005179
v 0.666456 0.679633 0.005170
v 0.677017 0.678330 0.005160
v 0.687252 0.676873 0.005149
v 0.697163 0.675263 0.005137
v 0.706749 0.673499 0.005124
v 0.719127 0.670769 0.005103
v 0.730917 0.667484 0.005078
v 0.742117 0.663647 0.005049
v 0.752728 0.659255 0.005015
v 0.762751 0.654309 0.004978
v 0.772184 0.648810 0.004936
v 0.781029 0.642757 0.004890
v 0.789284 0.636151 0.004839
v 0.796951 0.628990 0.004785
v 0.804028 0.621276 0.004726
v 0.810517 0.613008 0.004663
v 0.816417 0.604186 0.004596
v 0.821788 0.595015 0.004526
v 0.826693 0.585699 0.004456
v 0.831131 0.576239 0.004384
v 0.835101 0.566633 0.004311
v 0.838604 0.556883 0.004236
v 0.841640 0.546988 0.004161
v 0.844209 0.536948 0.004085
v 0.846312 0.526763 0.004007
v 0.847946 0.516434 0.003929
v 0.849114 0.505959 0.003849
v 0.849815 0.495340 0.003768
v 0.850048 0.484576 0.003686
v 0.849828 0.474063 0.003606
v 0.849168 0.463380 0.003525
v 0.848068 0.452526 0.003443
v 0.846528 0.441502 0.003359
v 0.844548 0.430308 0.003273
v 0.842128 0.418943 0.003187
v 0.839268 0.407408 0.003099
v 0.835968 0.395703 0.003010
v 0.832227 0.383827 0.002920
v 0.828047 0.371781 0.002828
v 0.823427 0.359564 0.002735
v 0.818367 0.347177 0.002641
v 0.812927 0.334675 0.002546
v 0.807170 0.322113 0.002450
v 0.801094 0.309492 0.002354
v 0.794700 0.296811 0.002258
v 0.787988 0.284071 0.002161
v 0.780958 0.271270 0.002064
v 0.773609 0.258411 0.001966
v 0.765943 0.245491 0.001868
v 0.757958 0.232512 0.001769
v 0.749655 0.219473 0.001670
v 0.741034 0.206375 0.001570
v 0.732094 0.193217 0.001470
v 0.722895 0.180055 0.001370
v 0.713491 0.166944 0.001270
v 0.703885 0.153884 0.001171
v 0.694076 0.140875 0.001072
v 0.684064 0.127917 0.000973
v 0.673849 0.115010 0.000875
v 0.663430 0.102155 0.000777
v 0.652809 0.089350 0.000680
v 0.641984 0.076597 0.000583
v 0.630956 0.063895 0.000486
v 0.619725 0.051243 0.000390
v 0.608291 0.038643 0.000294
v 0.596715 0.026150 0.000199
v 0.585058 0.013818 0.000105
v 0.573320 0.001648 0.000013
v 0.561500 -0.010359 -0.000079
v 0.549599 -0.022205 -0.000169
v 0.537617 -0.033890 -0.000258
v 0.525553 -0.045412 -0.000345
v 0.513408 -0.056772 -0.000432
v 0.501182 -0.067971 -0.000517
v 0.488875 -0.079008 -0.000601
v 0.476487 -0.089882 -0.000684
v 0.723321 0.729931 0.005553
v 0.717347 0.732171 0.005570
v 0.711122 0.734395 0.005587
v 0.704647 0.736601 0.005604
v 0.697921 0.738791 0.005620
v 0.690945 0.740963 0.005637
v 0.683719 0.743119 0.005653
v 0.676242 0.745257 0.005669
v 0.668514 0.747378 0.005686
v 0.660536 0.749482 0.005702
v 0.652308 0.751570 0.005717
v 0.643829 0.753640 0.005733
v 0.635099 0.755693 0.005749
v 0.626180 0.757716 0.005764
v 0.617133 0.759697 0.005779
v 0.607956 0.761635 0.005794
v 0.598652 0.763531 0.005808
v 0.589218 0.765384 0.005822
v 0.579656 0.767194 0.005836
v 0.569965 0.768962 0.005850
v 0.560146 0.770687 0.005863
v 0.550198 0.772369 0.005876
v 0.540121 0.774009 0.005888
v 0.529916 0.775607 0.005900
v 0.519582 0.777162 0.005912
v 0.509164 0.778669 0.005924
v 0.498705 0.780126 0.005935
v 0.488205 0.781532 0.005945
v 0.477665 0.782887 0.005956
v 0.467084 0.784190 0.005966
v 0.456462 0.785442 0.005975
v 0.445800 0.786644 0.005984
v 0.435097 0.787794 0.005993
v 0.424354 0.788893 0.006001
v 0.413570 0.789940 0.006009
v 0.402745 0.790937 0.006017
v 0.391880 0.791883 0.006024
v 0.381042 0.792765 0.006031
v 0.370299 0.793570 0.006037
v 0.359650 0.794298 0.006042
v 0.349096 0.794950 0.006047
v 0.338637 0.795525 0.006052
v 0.328273 0.796023 0.006056
v 0.318003 0.796445 0.006059
v 0.307829 0.796790 0.006061
v 0.297749 0.797058 0.006063
v 0.287763 0.797250 0.006065
v 0.277873 0.797365 0.006066
v 0.268077 0.797403 0.006066
v 0.261930 0.797391 0.006066
v 0.255838 0.797352 0.006066
v 0.249799 0.797288 0.006065
v 0.243815 0.797199 0.006065
v 0.237885 0.797084 0.006064
v 0.232008 0.796943 0.006063
v 0.226187 0.796777 0.006061
v 0.220419 0.796585 0.006060
v 0.214705 0.796368 0.006058
v 0.209046 0.796125 0.006056
v 0.203441 0.795857 0.006054
v 0.197890 0.795563 0.006052
v 0.192413 0.795227 0.006050
v 0.187031 0.794831 0.006047
v 0.181744 0.794375 0.006043
v 0.176552 0.793859 0.006039
v 0.171454 0.793284 0.006035
v 0.166452 0.792650 0.006030
v 0.161543 0.791955 0.006025
v 0.156730 0.791201 0.006019
v 0.152012 0.790388 0.006013
v 0.147388 0.789514 0.006006
v 0.142859 0.788582 0.005999
v 0.138425 0.787589 0.005991
v 0.154997 0.985100 0.007494
v 0.159746 0.986092 0.007501
v 0.164570 0.987025 0.007509
v 0.169468 0.987898 0.007515
v 0.174440 0.988712 0.007521
v 0.179486 0.989466 0.007527
v 0.184608 0.990160 0.007532
v 0.189803 0.990795 0.007537
v 0.195074 0.991370 0.007542
v 0.200418 0.991885 0.007546
v 0.205837 0.992341 0.007549
v 0.211331 0.992737 0.007552
v 0.216899 0.993074 0.007555
v 0.222541 0.993368 0.007557
v 0.228258 0.993636 0.007559
v 0.234050 0.993879 0.007561
v 0.239915 0.994096 0.007562
v 0.245856 0.994288 0.007564
v 0.251871 0.994454 0.007565
v 0.257960 0.994594 0.007566
v 0.264124 0.994709 0.007567
v 0.270362 0.994799 0.007568
v 0.276675 0.994863 0.007568
v 0.283062 0.994901 0.007569
v 0.289523 0.994914 0.007569
v 0.299309 0.994880 0.007568
v 0.309169 0.994778 0.007568
v 0.319103 0.994607 0.007566
v 0.329112 0.994369 0.007564
v 0.339196 0.994062 0.007562
v 0.349353 0.993687 0.007559
v 0.359585 0.993244 0.007556
v 0.369892 0.992733 0.007552
v 0.380273 0.992154 0.007548
v 0.390729 0.991506 0.007543
v 0.401260 0.990791 0.007537
v 0.411864 0.990007 0.007531
v 0.422499 0.989155 0.007525
v 0.433121 0.988235 0.007518
v 0.443729 0.987247 0.007510
v 0.454323 0.986190 0.007502
v 0.464904 0.985066 0.007494
v 0.475471 0.983873 0.007485
v 0.486025 0.982612 0.007475
v 0.496565 0.981283 0.007465
v 0.507092 0.979886 0.007454
v 0.517606 0.978421 0.007443
v 0.528105 0.976887 0.007431
v 0.538591 0.975286 0.007419
v 0.549013 0.973629 0.007407
v 0.559320 0.971929 0.007394
v 0.569512 0.970187 0.007380
v 0.579588 0.968402 0.007367
v 0.589550 0.966575 0.007353
v 0.599396 0.964705 0.007339
v 0.609128 0.962792 0.007324
v 0.618744 0.960837 0.007309
v 0.628245 0.958839 0.007294
v 0.637631 0.956799 0.007279
v 0.646902 0.954716 0.007263
v 0.656058 0.952590 0.007247
v 0.665055 0.950431 0.007230
v 0.673849 0.948246 0.007214
v 0.682439 0.946035 0.007197
v 0.690827 0.943798 0.007180
v 0.699011 0.941537 0.007163
v 0.706993 0.939249 0.007145
v 0.714771 0.936936 0.007128
v 0.722346 0.934598 0.007110
v 0.729718 0.932234 0.007092
v 0.736887 0.929844 0.007074
v 0.743853 0.927429 0.007055
v 0.750616 0.924988 0.007037
v 6.237913 0.306645 0.169981
v 6.204768 0.518877 0.171596
v 6.213504 0.521710 0.171617
v 6.222491 0.524483 0.171639
v 6.231729 0.527196 0.171659
v 6.241217 0.529850 0.171679
v 6.250955 0.532444 0.171699
v 6.260943 0.534978 0.171718
v 6.271183 0.537453 0.171737
v 6.281672 0.539868 0.171756
v 6.292413 0.542224 0.171774
v 6.303403 0.544520 0.171791
v 6.314644 0.546756 0.171808
v 6.326134 0.548933 0.171825
v 6.337829 0.551059 0.171841
v 6.349679 0.553142 0.171857
v 6.361685 0.555182 0.171872
v 6.373847 0.557180 0.171887
v 6.386164 0.559135 0.171902
v 6.398637 0.561047 0.171917
v 6.411266 0.562917 0.171931
v 6.424050 0.564745 0.171945
v 6.436990 0.566530 0.171958
v 6.450086 0.568272 0.171972
v 6.463337 0.569971 0.171985
v 6.476745 0.571628 0.171997
v 6.490254 0.573230 0.172009
v 6.503810 0.574763 0.172021
v 6.517414 0.576229 0.172032
v 6.531065 0.577626 0.172043
v 6.544764 0.578955 0.172053
v 6.558509 0.580216 0.172063
v 6.572302 0.581408 0.172072
v 6.586143 0.582533 0.172080
v 6.600030 0.583589 0.172088
v 6.613965 0.584578 0.172096
v 6.627948 0.585498 0.172103
v 6.641978 0.586350 0.172109
v 6.656001 0.587133 0.172115
v 6.669963 0.587849 0.172121
v 6.683865 0.588496 0.172126
v 6.697705 0.589076 0.172130
v 6.711485 0.589587 0.172134
v 6.725204 0.590030 0.172137
v 6.738862 0.590405 0.172140
v 6.752459 0.590712 0.172142
v 6.765994 0.590950 0.172144
v 6.779469 0.591120 0.172146
v 6.792883 0.591223 0.172146
v 6.806236 0.591257 0.172147
v 6.818686 0.591223 0.172146
v 6.831013 0.591120 0.172146
v 6.843219 0.590950 0.172144
v 6.855302 0.590711 0.172142
v 6.867264 0.590405 0.172140
v 6.879105 0.590030 0.172137
v 6.890823 0.589587 0.172134
v 6.902420 0.589076 0.172130
v 6.913894 0.588496 0.172126
v 6.925246 0.587849 0.172121
v 6.936477 0.587133 0.172115
v 6.947586 0.586350 0.172109
v 6.958526 0.585498 0.172103
v 6.969249 0.584578 0.172096
v 6.979755 0.583589 0.172088
v 6.990045 0.582533 0.172080
v 7.000118 0.581409 0.172072
v 7.009974 0.580216 0.172063
v 7.019615 0.578955 0.172053
v 7.029038 0.577626 0.172043
v 7.038245 0.576229 0.172032
v 7.047235 0.574763 0.172021
v 7.056009 0.573230 0.172009
v 7.064565 0.571628 0.171997
v 7.046043 0.355716 0.170355
v 7.038627 0.357313 0.170367
v 7.031001 0.358834 0.170378
v 7.023165 0.360278 0.170389
v 7.015119 0.361645 0.170400
v 7.006864 0.362936 0.170410
v 6.998399 0.364150 0.170419
v 6.989723 0.365287 0.170428
v 6.980838 0.366348 0.170436
v 6.971743 0.367332 0.170443
v 6.962438 0.368239 0.170450
v 6.952924 0.369070 0.170456
v 6.943199 0.369824 0.170462
v 6.933305 0.370510 0.170467
v 6.923283 0.371136 0.170472
v 6.913132 0.371702 0.170476
v 6.902852 0.372209 0.170480
v 6.892443 0.372657 0.170484
v 6.881906 0.373044 0.170487
v 6.871241 0.373372 0.170489
v 6.860446 0.373641 0.170491
v 6.849524 0.373849 0.170493
v 6.838472 0.373998 0.170494
v 6.827292 0.374088 0.170494
v 6.815985 0.374118 0.170495
v 6.803275 0.374084 0.170494
v 6.790491 0.373981 0.170494
v 6.777631 0.373811 0.170492
v 6.764698 0.373572 0.170491
v 6.751690 0.373266 0.170488
v 6.738608 0.372891 0.170485
v 6.725451 0.372448 0.170482
v 6.712220 0.371937 0.170478
v 6.698915 0.371357 0.170474
v 6.685534 0.370710 0.170469
v 6.672080 0.369994 0.170463
v 6.658550 0.369211 0.170457
v 6.645003 0.368363 0.170451
v 6.631498 0.367456 0.170444
v 6.618033 0.366489 0.170437
v 6.604609 0.365462 0.170429
v 6.591226 0.364376 0.170421
v 6.577883 0.363230 0.170412
v 6.564580 0.362025 0.170403
v 6.551319 0.360759 0.170393
v 6.538098 0.359435 0.170383
v 6.524918 0.358050 0.170372
v 6.511778 0.356606 0.170361
v 6.498678 0.355103 0.170350
v 6.485677 0.353548 0.170338
v 6.472831 0.351951 0.170326
v 6.460142 0.350311 0.170314
v 6.447608 0.348628 0.170301
v 6.435230 0.346903 0.170288
v 6.423008 0.345135 0.170274
v 6.410941 0.343325 0.170260
v 6.399030 0.341472 0.170246
v 6.387274 0.339576 0.170232
v 6.375675 0.337638 0.170217
v 6.364230 0.335657 0.170202
v 6.352942 0.333634 0.170187
v 6.341867 0.331572 0.170171
v 6.331062 0.329477 0.170155
v 6.320529 0.327347 0.170139
v 6.310266 0.325183 0.170122
v 6.300274 0.322985 0.170106
v 6.290553 0.320753 0.170089
v 6.281103 0.318487 0.170071
v 6.271923 0.316187 0.170054
v 6.263014 0.313852 0.170036
v 6.254376 0.311484 0.170018
v 6.246009 0.309082 0.170000
v 5.411260 -0.024584 0.167462
v 5.240665 0.064971 0.168143
v 5.249950 0.087065 0.168311
v 5.258956 0.109186 0.168479
v 5.267686 0.131331 0.168648
v 5.276138 0.153503 0.168816
v 5.284312 0.175700 0.168985
v 5.292209 0.197922 0.169154
v 5.299828 0.220170 0.169324
v 5.307169 0.242444 0.169493
v 5.314233 0.264743 0.169663
v 5.321020 0.287068 0.169832
v 5.327529 0.309418 0.170003
v 5.333761 0.331794 0.170173
v 5.339756 0.354144 0.170343
v 5.345554 0.376418 0.170512
v 5.351156 0.398615 0.170681
v 5.356561 0.420735 0.170849
v 5.361771 0.442779 0.171017
v 5.366783 0.464746 0.171184
v 5.371600 0.486636 0.171351
v 5.376220 0.508449 0.171517
v 5.380644 0.530186 0.171682
v 5.384872 0.551847 0.171847
v 5.388903 0.573430 0.172011
v 5.392738 0.594937 0.172175
v 5.396407 0.616312 0.172337
v 5.399941 0.637499 0.172498
v 5.403339 0.658499 0.172658
v 5.406602 0.679312 0.172816
v 5.409730 0.699937 0.172973
v 5.412722 0.720375 0.173129
v 5.415579 0.740625 0.173283
v 5.418300 0.760688 0.173435
v 5.420886 0.780563 0.173587
v 5.423337 0.800251 0.173736
v 5.425652 0.819752 0.173885
v 5.427832 0.839065 0.174032
v 5.594527 0.797355 0.173714
v 5.592963 0.778174 0.173568
v 5.591197 0.758660 0.173420
v 5.589227 0.738815 0.173269
v 5.587054 0.718637 0.173116
v 5.584678 0.698127 0.172960
v 5.582098 0.677284 0.172801
v 5.579316 0.656110 0.172640
v 5.576330 0.634603 0.172476
v 5.573142 0.612764 0.172310
v 5.569750 0.590592 0.172141
v 5.566155 0.568088 0.171970
v 5.562358 0.545253 0.171797
v 5.558361 0.522191 0.171621
v 5.554167 0.499010 0.171445
v 5.549777 0.475710 0.171268
v 5.545190 0.452291 0.171089
v 5.540407 0.428752 0.170910
v 5.535428 0.405094 0.170730
v 5.530253 0.381316 0.170549
v 5.524881 0.357420 0.170368
v 5.519313 0.333404 0.170185
v 5.513548 0.309269 0.170001
v 5.507588 0.285015 0.169817
v 5.501431 0.260641 0.169631
v 5.495071 0.236263 0.169446
v 5.488501 0.211996 0.169261
v 5.481721 0.187840 0.169078
v 5.474732 0.163794 0.168895
v 5.467533 0.139859 0.168713
v 5.460123 0.116035 0.168531
v 5.452504 0.092322 0.168351
v 5.444674 0.068719 0.168171
v 5.436635 0.045227 0.167993
v 5.428387 0.021846 0.167815
v 5.419928 -0.001424 0.167638
v 6.042947 0.782634 0.173602
v 6.036526 0.782876 0.173604
v 6.030260 0.783605 0.173610
v 6.024150 0.784819 0.173619
v 6.018197 0.786518 0.173632
v 6.012399 0.788704 0.173649
v 6.006757 0.791374 0.173669
v 6.001270 0.794531 0.173693
v 5.995939 0.798173 0.173721
v 5.990764 0.802300 0.173752
v 5.985744 0.806913 0.173787
v 5.980880 0.812012 0.173826
v 5.976172 0.817597 0.173868
v 5.971735 0.823522 0.173913
v 5.967682 0.829643 0.173960
v 5.964017 0.835960 0.174008
v 5.960737 0.842473 0.174058
v 5.957843 0.849182 0.174109
v 5.955335 0.856087 0.174161
v 5.953212 0.863187 0.174215
v 5.951476 0.870484 0.174271
v 5.950125 0.877977 0.174328
v 5.949161 0.885666 0.174386
v 5.948581 0.893550 0.174446
v 5.948389 0.901631 0.174508
v 5.948582 0.909907 0.174571
v 5.949161 0.917971 0.174632
v 5.950126 0.925821 0.174692
v 5.951477 0.933459 0.174750
v 5.953213 0.940883 0.174806
v 5.955335 0.948095 0.174861
v 5.957843 0.955093 0.174914
v 5.960738 0.961879 0.174966
v 5.964017 0.968451 0.175016
v 5.967683 0.974811 0.175064
v 5.971735 0.980958 0.175111
v 5.976172 0.986891 0.175156
v 5.980880 0.992476 0.175199
v 5.985744 0.997575 0.175238
v 5.990764 1.002188 0.175273
v 5.995940 1.006315 0.175304
v 6.001271 1.009957 0.175332
v 6.006757 1.013114 0.175356
v 6.012400 1.015785 0.175376
v 6.018198 1.017970 0.175393
v 6.024151 1.019669 0.175406
v 6.030261 1.020883 0.175415
v 6.036526 1.021612 0.175420
v 6.042947 1.021855 0.175422
v 6.049520 1.021612 0.175420
v 6.055917 1.020883 0.175415
v 6.062139 1.019669 0.175406
v 6.068184 1.017970 0.175393
v 6.074053 1.015785 0.175376
v 6.079746 1.013114 0.175356
v 6.085264 1.009957 0.175332
v 6.090605 1.006315 0.175304
v 6.095770 1.002188 0.175273
v 6.100760 0.997575 0.175238
v 6.105573 0.992476 0.175199
v 6.110209 0.986891 0.175156
v 6.114570 0.980958 0.175111
v 6.118550 0.974811 0.175064
v 6.122151 0.968452 0.175016
v 6.125374 0.961879 0.174966
v 6.128217 0.955094 0.174914
v 6.130682 0.948095 0.174861
v 6.132767 0.940883 0.174806
v 6.134473 0.933459 0.174750
v 6.135799 0.925821 0.174692
v 6.136747 0.917971 0.174632
v 6.137316 0.909907 0.174571
v 6.137506 0.901631 0.174508
v 6.137316 0.893550 0.174446
v 6.136747 0.885666 0.174386
v 6.135799 0.877977 0.174328
v 6.134473 0.870484 0.174271
v 6.132767 0.863187 0.174215
v 6.130682 0.856087 0.174161
v 6.128217 0.849182 0.174109
v 6.125374 0.842473 0.174058
v 6.122151 0.835960 0.174008
v 6.118550 0.829643 0.173960
v 6.114570 0.823522 0.173913
v 6.110209 0.817597 0.173868
v 6.105573 0.812012 0.173826
v 6.100760 0.806913 0.173787
v 6.095770 0.802300 0.173752
v 6.090605 0.798173 0.173721
v 6.085264 0.794531 0.173693
v 6.079746 0.791374 0.173669
v 6.074053 0.788704 0.173649
v 6.068184 0.786518 0.173632
v 6.062139 0.784819 0.173619
v 6.055917 0.783605 0.173610
v 6.049520 0.782876 0.173604
v 5.978609 -0.009863 0.167574
v 5.974012 0.012006 0.167740
v 5.969321 0.033858 0.167906
v 5.964535 0.055693 0.168072
v 5.959654 0.077511 0.168238
v 5.954679 0.099312 0.168404
v 5.949608 0.121095 0.168570
v 5.944443 0.142862 0.168735
v 5.939182 0.164612 0.168901
v 5.933827 0.186345 0.169066
v 5.928378 0.208060 0.169231
v 5.922834 0.229759 0.169397
v 5.917194 0.251440 0.169561
v 5.911485 0.273037 0.169726
v 5.905727 0.294480 0.169889
v 5.899923 0.315769 0.170051
v 5.894071 0.336906 0.170212
v 5.888171 0.357888 0.170371
v 5.882225 0.378718 0.170530
v 5.876230 0.399394 0.170687
v 5.870188 0.419917 0.170843
v 5.864099 0.440287 0.170998
v 5.857963 0.460503 0.171152
v 5.851779 0.480566 0.171304
v 5.845544 0.500475 0.171456
v 5.839286 0.520172 0.171606
v 5.833022 0.539596 0.171754
v 5.826749 0.558747 0.171899
v 5.820470 0.577626 0.172043
v 5.814185 0.596232 0.172184
v 5.807892 0.614565 0.172324
v 5.801594 0.632626 0.172461
v 5.795288 0.650415 0.172597
v 5.788974 0.667930 0.172730
v 5.782655 0.685173 0.172861
v 5.776329 0.702144 0.172990
v 5.769996 0.718841 0.173117
v 5.763679 0.735198 0.173242
v 5.757404 0.751146 0.173363
v 5.751169 0.766685 0.173481
v 5.744975 0.781816 0.173596
v 5.738822 0.796537 0.173708
v 5.732708 0.810849 0.173817
v 5.726636 0.824753 0.173923
v 5.720604 0.838247 0.174025
v 5.714613 0.851333 0.174125
v 5.708663 0.864010 0.174221
v 5.702754 0.876277 0.174315
v 5.696884 0.888136 0.174405
v 5.843108 0.977691 0.175086
v 5.849948 0.964418 0.174985
v 5.856823 0.950770 0.174881
v 5.863731 0.936747 0.174775
v 5.870673 0.922349 0.174665
v 5.877649 0.907577 0.174553
v 5.884659 0.892430 0.174438
v 5.891703 0.876908 0.174320
v 5.898781 0.861011 0.174199
v 5.905892 0.844739 0.174075
v 5.913038 0.828092 0.173948
v 5.920217 0.811071 0.173819
v 5.927430 0.793675 0.173686
v 5.934646 0.775976 0.173552
v 5.941836 0.758047 0.173415
v 5.948997 0.739888 0.173277
v 5.956133 0.721499 0.173137
v 5.963241 0.702880 0.172996
v 5.970322 0.684032 0.172852
v 5.977376 0.664953 0.172707
v 5.984403 0.645644 0.172560
v 5.991402 0.626105 0.172412
v 5.998375 0.606336 0.172261
v 6.005321 0.586337 0.172109
v 6.012240 0.566108 0.171955
v 6.019111 0.545721 0.171800
v 6.025915 0.525249 0.171644
v 6.032650 0.504692 0.171488
v 6.039319 0.484050 0.171331
v 6.045918 0.463323 0.171173
v 6.052452 0.442510 0.171015
v 6.058917 0.421613 0.170856
v 6.065314 0.400630 0.170696
v 6.071643 0.379562 0.170536
v 6.077906 0.358408 0.170375
v 6.084100 0.337170 0.170214
v 6.090226 0.315846 0.170051
v 6.096254 0.294509 0.169889
v 6.102154 0.273233 0.169727
v 6.107925 0.252015 0.169566
v 6.113567 0.230858 0.169405
v 6.119081 0.209760 0.169244
v 6.124467 0.188721 0.169084
v 6.129724 0.167743 0.168925
v 6.134851 0.146824 0.168766
v 6.139851 0.125964 0.168607
v 6.144722 0.105164 0.168449
v 6.149463 0.084424 0.168291
v 6.154077 0.063744 0.168134
v 6.042947 0.862374 0.174209
v 6.045188 0.862455 0.174210
v 6.047361 0.862697 0.174211
v 6.049466 0.863102 0.174215
v 6.051504 0.863669 0.174219
v 6.053474 0.864397 0.174224
v 6.055377 0.865287 0.174231
v 6.057211 0.866339 0.174239
v 6.058978 0.867553 0.174248
v 6.060678 0.868929 0.174259
v 6.062309 0.870467 0.174271
v 6.063872 0.872167 0.174284
v 6.065368 0.874028 0.174298
v 6.066769 0.876000 0.174313
v 6.068049 0.878032 0.174328
v 6.069207 0.880124 0.174344
v 6.070243 0.882275 0.174360
v 6.071157 0.884486 0.174377
v 6.071949 0.886756 0.174394
v 6.072618 0.889086 0.174412
v 6.073167 0.891476 0.174430
v 6.073593 0.893925 0.174449
v 6.073898 0.896434 0.174468
v 6.074081 0.899002 0.174488
v 6.074142 0.901631 0.174508
v 6.074081 0.904451 0.174529
v 6.073898 0.907185 0.174550
v 6.073593 0.909835 0.174570
v 6.073167 0.912399 0.174590
v 6.072618 0.914878 0.174608
v 6.071949 0.917272 0.174627
v 6.071157 0.919581 0.174644
v 6.070243 0.921804 0.174661
v 6.069207 0.923943 0.174677
v 6.068049 0.925996 0.174693
v 6.066769 0.927964 0.174708
v 6.065368 0.929846 0.174722
v 6.063871 0.931610 0.174736
v 6.062308 0.933220 0.174748
v 6.060677 0.934677 0.174759
v 6.058978 0.935980 0.174769
v 6.057210 0.937130 0.174778
v 6.055376 0.938127 0.174785
v 6.053473 0.938971 0.174792
v 6.051504 0.939661 0.174797
v 6.049466 0.940197 0.174801
v 6.047360 0.940581 0.174804
v 6.045187 0.940811 0.174806
v 6.042947 0.940887 0.174806
v 6.040858 0.940811 0.174806
v 6.038817 0.940581 0.174804
v 6.036823 0.940197 0.174801
v 6.034876 0.939661 0.174797
v 6.032978 0.938971 0.174792
v 6.031126 0.938127 0.174785
v 6.029322 0.937130 0.174778
v 6.027565 0.935980 0.174769
v 6.025856 0.934677 0.174759
v 6.024194 0.933220 0.174748
v 6.022579 0.931610 0.174736
v 6.021014 0.929846 0.174722
v 6.019535 0.927964 0.174708
v 6.018184 0.925996 0.174693
v 6.016963 0.923943 0.174677
v 6.015869 0.921804 0.174661
v 6.014904 0.919581 0.174644
v 6.014068 0.917272 0.174627
v 6.013361 0.914878 0.174608
v 6.012782 0.912399 0.174590
v 6.012332 0.909835 0.174570
v 6.012011 0.907185 0.174550
v 6.011818 0.904451 0.174529
v 6.011753 0.901631 0.174508
v 6.011817 0.899002 0.174488
v 6.012010 0.896434 0.174468
v 6.012331 0.893925 0.174449
v 6.012782 0.891476 0.174430
v 6.013360 0.889086 0.174412
v 6.014068 0.886756 0.174394
v 6.014904 0.884486 0.174377
v 6.015868 0.882275 0.174360
v 6.016962 0.880124 0.174344
v 6.018183 0.878032 0.174328
v 6.019534 0.876000 0.174313
v 6.021014 0.874028 0.174298
v 6.022581 0.872167 0.174284
v 6.024195 0.870467 0.174271
v 6.025857 0.868929 0.174259
v 6.027566 0.867554 0.174248
v 6.029323 0.866340 0.174239
v 6.031127 0.865287 0.174231
v 6.032979 0.864397 0.174224
v 6.034878 0.863669 0.174219
v 6.036824 0.863102 0.174215
v 6.038818 0.862698 0.174211
v 6.040860 0.862455 0.174210
v 4.610928 0.549546 0.171829
v 4.602875 0.562743 0.171930
v 4.594640 0.575752 0.172029
v 4.586222 0.588573 0.172126
v 4.577621 0.601207 0.172222
v 4.568838 0.613654 0.172317
v 4.559871 0.625913 0.172410
v 4.550722 0.637985 0.172502
v 4.541390 0.649869 0.172592
v 4.531875 0.661566 0.172681
v 4.522178 0.673076 0.172769
v 4.512298 0.684398 0.172855
v 4.502234 0.695533 0.172940
v 4.492063 0.706429 0.173023
v 4.481858 0.717035 0.173103
v 4.471619 0.727352 0.173182
v 4.461346 0.737379 0.173258
v 4.451039 0.747117 0.173332
v 4.440698 0.756565 0.173404
v 4.430324 0.765723 0.173474
v 4.419916 0.774591 0.173541
v 4.409473 0.783170 0.173606
v 4.398997 0.791459 0.173670
v 4.388487 0.799459 0.173730
v 4.377944 0.807169 0.173789
v 4.490049 0.956835 0.174928
v 4.500143 0.949143 0.174869
v 4.510277 0.941194 0.174809
v 4.520452 0.932990 0.174746
v 4.530667 0.924530 0.174682
v 4.540923 0.915815 0.174616
v 4.551219 0.906844 0.174547
v 4.561557 0.897618 0.174477
v 4.571934 0.888136 0.174405
v 4.582353 0.878399 0.174331
v 4.592812 0.868406 0.174255
v 4.603312 0.858157 0.174177
v 4.613852 0.847653 0.174097
v 4.624345 0.836859 0.174015
v 4.634703 0.825741 0.173930
v 4.644925 0.814300 0.173843
v 4.655011 0.802535 0.173754
v 4.664963 0.790446 0.173662
v 4.674779 0.778033 0.173567
v 4.684459 0.765297 0.173471
v 4.694005 0.752237 0.173371
v 4.703414 0.738853 0.173269
v 4.712688 0.725146 0.173165
v 4.721828 0.711114 0.173058
v 4.730831 0.696759 0.172949
v 4.794195 0.022033 0.167816
v 4.782463 0.014485 0.167759
v 4.770988 0.007380 0.167705
v 4.759771 0.000718 0.167654
v 4.748811 -0.005501 0.167607
v 4.738109 -0.011277 0.167563
v 4.727663 -0.016610 0.167522
v 4.717475 -0.021500 0.167485
v 4.707544 -0.025947 0.167451
v 4.697870 -0.029951 0.167421
v 4.688453 -0.033512 0.167394
v 4.679294 -0.036630 0.167370
v 4.670392 -0.039305 0.167350
v 4.661734 -0.041657 0.167332
v 4.653306 -0.043803 0.167315
v 4.645108 -0.045746 0.167301
v 4.637140 -0.047484 0.167287
v 4.629402 -0.049017 0.167276
v 4.621894 -0.050346 0.167266
v 4.614617 -0.051471 0.167257
v 4.607570 -0.052391 0.167250
v 4.600753 -0.053107 0.167245
v 4.594166 -0.053618 0.167241
v 4.587810 -0.053924 0.167238
v 4.581683 -0.054027 0.167238
v 4.550962 -0.052229 0.167251
v 4.522164 -0.046836 0.167292
v 4.495289 -0.037848 0.167361
v 4.470336 -0.025266 0.167456
v 4.447306 -0.009087 0.167580
v 4.426198 0.010686 0.167730
v 4.407013 0.034054 0.167908
v 4.389750 0.061018 0.168113
v 4.374411 0.091576 0.168345
v 4.360993 0.125730 0.168605
v 4.349499 0.163479 0.168892
v 4.339926 0.204823 0.169207
v 4.487124 0.288244 0.169841
v 4.489480 0.276853 0.169755
v 4.491999 0.265991 0.169672
v 4.494679 0.255657 0.169594
v 4.497523 0.245852 0.169519
v 4.500529 0.236574 0.169448
v 4.503697 0.227825 0.169382
v 4.507028 0.219604 0.169319
v 4.510520 0.211911 0.169261
v 4.514176 0.204746 0.169206
v 4.517994 0.198110 0.169156
v 4.521976 0.192001 0.169109
v 4.526118 0.186421 0.169067
v 4.530430 0.181327 0.169028
v 4.534918 0.176675 0.168993
v 4.539583 0.172467 0.168961
v 4.544423 0.168701 0.168932
v 4.549440 0.165379 0.168907
v 4.554632 0.162499 0.168885
v 4.560000 0.160063 0.168866
v 4.565545 0.158069 0.168851
v 4.571266 0.156519 0.168839
v 4.577162 0.155411 0.168831
v 4.583234 0.154747 0.168826
v 4.589481 0.154525 0.168824
v 4.592229 0.154610 0.168825
v 4.595276 0.154866 0.168827
v 4.598620 0.155292 0.168830
v 4.602262 0.155888 0.168835
v 4.606202 0.156655 0.168840
v 4.610440 0.157592 0.168848
v 4.614975 0.158700 0.168856
v 4.619809 0.159977 0.168866
v 4.624940 0.161426 0.168877
v 4.630369 0.163044 0.168889
v 4.636096 0.164833 0.168903
v 4.642122 0.166793 0.168918
v 4.648394 0.168970 0.168934
v 4.654862 0.171410 0.168953
v 4.661527 0.174115 0.168973
v 4.668388 0.177084 0.168996
v 4.675446 0.180317 0.169020
v 4.682699 0.183814 0.169047
v 4.690149 0.187576 0.169076
v 4.697795 0.191601 0.169106
v 4.705638 0.195890 0.169139
v 4.713677 0.200444 0.169174
v 4.721912 0.205262 0.169210
v 4.730344 0.210343 0.169249
v 4.738924 0.215732 0.169290
v 4.747606 0.221469 0.169333
v 4.756390 0.227556 0.169380
v 4.765275 0.233993 0.169429
v 4.774261 0.240778 0.169480
v 4.783350 0.247913 0.169535
v 4.792540 0.255397 0.169592
v 4.801831 0.263231 0.169651
v 4.811224 0.271414 0.169713
v 4.820718 0.279946 0.169778
v 4.830315 0.288827 0.169846
v 4.840012 0.298058 0.169916
v 4.849760 0.307676 0.169989
v 4.859508 0.317720 0.170066
v 4.869256 0.328190 0.170145
v 4.879005 0.339086 0.170228
v 4.888753 0.350409 0.170314
v 4.898501 0.362157 0.170404
v 4.908250 0.374331 0.170496
v 4.917998 0.386931 0.170592
v 4.927746 0.399957 0.170691
v 4.937495 0.413409 0.170794
v 4.947243 0.427286 0.170899
v 4.956991 0.441590 0.171008
v 4.966685 0.456371 0.171120
v 4.976271 0.471680 0.171237
v 4.985748 0.487518 0.171357
v 4.995118 0.503883 0.171482
v 5.004379 0.520777 0.171610
v 5.013531 0.538199 0.171743
v 5.022575 0.556149 0.171879
v 5.031511 0.574627 0.172020
v 5.040339 0.593634 0.172165
v 5.049058 0.613168 0.172313
v 5.057669 0.633231 0.172466
v 5.066171 0.653822 0.172622
v 5.189974 0.510290 0.171531
v 5.189974 0.509063 0.171521
v 5.185956 0.499189 0.171446
v 5.181702 0.489196 0.171370
v 5.177210 0.479084 0.171293
v 5.172482 0.468852 0.171215
v 5.167516 0.458501 0.171137
v 5.162313 0.448031 0.171057
v 5.156874 0.437441 0.170976
v 5.151198 0.426733 0.170895
v 5.145285 0.415905 0.170813
v 5.139134 0.404957 0.170729
v 5.132747 0.393891 0.170645
v 5.126123 0.382705 0.170560
v 5.119299 0.371464 0.170475
v 5.112313 0.360231 0.170389
v 5.105165 0.349007 0.170304
v 5.097853 0.337792 0.170218
v 5.090380 0.326584 0.170133
v 5.082744 0.315386 0.170048
v 5.074945 0.304196 0.169963
v 5.066984 0.293014 0.169878
v 5.058860 0.281841 0.169793
v 5.050574 0.270677 0.169708
v 5.042126 0.259521 0.169623
v 5.033514 0.248373 0.169538
v 5.024762 0.237290 0.169454
v 5.015887 0.226325 0.169370
v 5.006890 0.215480 0.169288
v 4.997771 0.204755 0.169206
v 4.988531 0.194148 0.169126
v 4.979168 0.183661 0.169046
v 4.969684 0.173293 0.168967
v 4.960078 0.163044 0.168889
v 4.950350 0.152915 0.168812
v 4.940500 0.142905 0.168736
v 4.930528 0.133014 0.168661
v 4.920434 0.123242 0.168586
v 4.910250 0.113637 0.168513
v 4.900004 0.104244 0.168442
v 4.889697 0.095065 0.168372
v 4.879330 0.086098 0.168304
v 4.868901 0.077345 0.168237
v 4.858411 0.068804 0.168172
v 4.847861 0.060477 0.168109
v 4.837250 0.052362 0.168047
v 4.826577 0.044460 0.167987
v 4.815844 0.036772 0.167928
v 4.805050 0.029296 0.167872
v 3.932448 -0.103098 0.166864
v 3.925794 -0.092947 0.166942
v 3.919153 -0.082532 0.167021
v 3.912525 -0.071853 0.167102
v 3.905911 -0.060910 0.167185
v 3.899311 -0.049703 0.167271
v 3.892724 -0.038232 0.167358
v 3.886151 -0.026497 0.167447
v 3.879591 -0.014497 0.167538
v 3.873045 -0.002234 0.167632
v 3.866512 0.010294 0.167727
v 3.859993 0.023086 0.167824
v 3.853487 0.036141 0.167924
v 3.847012 0.049397 0.168024
v 3.840585 0.062790 0.168126
v 3.834204 0.076318 0.168229
v 3.827871 0.089983 0.168333
v 3.821585 0.103784 0.168438
v 3.815347 0.117722 0.168544
v 3.809157 0.131796 0.168651
v 3.803013 0.146006 0.168759
v 3.796917 0.160352 0.168869
v 3.790869 0.174835 0.168979
v 3.784867 0.189454 0.169090
v 3.778913 0.204209 0.169202
v 3.773027 0.219046 0.169315
v 3.767229 0.233908 0.169428
v 3.761519 0.248795 0.169541
v 3.755896 0.263708 0.169655
v 3.750362 0.278647 0.169768
v 3.744916 0.293611 0.169882
v 3.739558 0.308600 0.169996
v 3.734288 0.323615 0.170111
v 3.729106 0.338656 0.170225
v 3.724011 0.353723 0.170340
v 3.719005 0.368814 0.170454
v 3.714087 0.383932 0.170569
v 3.710181 0.381265 0.170549
v 3.706262 0.378582 0.170529
v 3.702328 0.375881 0.170508
v 3.698382 0.373164 0.170487
v 3.694421 0.370429 0.170467
v 3.690448 0.367677 0.170446
v 3.686460 0.364908 0.170425
v 3.682459 0.362123 0.170403
v 3.678445 0.359320 0.170382
v 3.674417 0.356500 0.170361
v 3.670376 0.353663 0.170339
v 3.666321 0.350809 0.170317
v 3.662259 0.347929 0.170295
v 3.658197 0.345016 0.170273
v 3.654135 0.342068 0.170251
v 3.650073 0.339086 0.170228
v 3.646011 0.336071 0.170205
v 3.641950 0.333021 0.170182
v 3.637888 0.329937 0.170159
v 3.633826 0.326819 0.170135
v 3.629764 0.323667 0.170111
v 3.625702 0.320480 0.170087
v 3.621640 0.317260 0.170062
v 3.617579 0.314006 0.170037
v 3.540568 0.473486 0.171251
v 3.545768 0.477358 0.171280
v 3.550967 0.481205 0.171309
v 3.556166 0.485026 0.171338
v 3.561365 0.488821 0.171367
v 3.566564 0.492591 0.171396
v 3.571763 0.496335 0.171424
v 3.576962 0.500054 0.171453
v 3.582161 0.503747 0.171481
v 3.587360 0.507414 0.171509
v 3.592560 0.511056 0.171536
v 3.597759 0.514673 0.171564
v 3.602957 0.518264 0.171591
v 3.608142 0.521820 0.171618
v 3.613301 0.525335 0.171645
v 3.618432 0.528806 0.171671
v 3.623536 0.532235 0.171698
v 3.628614 0.535622 0.171723
v 3.633664 0.538965 0.171749
v 3.638687 0.542267 0.171774
v 3.643683 0.545525 0.171799
v 3.648652 0.548741 0.171823
v 3.653594 0.551915 0.171847
v 3.658508 0.555046 0.171871
v 3.663396 0.558134 0.171895
v 3.661304 0.566896 0.171961
v 3.659253 0.575598 0.172027
v 3.657243 0.584241 0.172093
v 3.655273 0.592824 0.172158
v 3.653343 0.601348 0.172223
v 3.651455 0.609812 0.172288
v 3.649606 0.618216 0.172352
v 3.647799 0.626560 0.172415
v 3.646032 0.634845 0.172478
v 3.644306 0.643071 0.172541
v 3.642620 0.651237 0.172603
v 3.640975 0.659343 0.172664
v 3.639385 0.667372 0.172726
v 3.637861 0.675308 0.172786
v 3.636406 0.683150 0.172846
v 3.635018 0.690898 0.172905
v 3.633698 0.698553 0.172963
v 3.632445 0.706113 0.173020
v 3.631261 0.713581 0.173077
v 3.630144 0.720954 0.173133
v 3.629094 0.728234 0.173189
v 3.628113 0.735420 0.173243
v 3.627199 0.742512 0.173297
v 3.626353 0.749511 0.173350
v 3.765753 0.812076 0.173826
v 3.766433 0.805495 0.173776
v 3.767175 0.798837 0.173726
v 3.767977 0.792103 0.173674
v 3.768840 0.785292 0.173623
v 3.769764 0.778404 0.173570
v 3.770749 0.771439 0.173517
v 3.771795 0.764398 0.173464
v 3.772902 0.757280 0.173410
v 3.774070 0.750086 0.173355
v 3.775298 0.742814 0.173299
v 3.776588 0.735467 0.173244
v 3.777938 0.728042 0.173187
v 3.779343 0.720558 0.173130
v 3.780795 0.713031 0.173073
v 3.782295 0.705462 0.173015
v 3.783842 0.697850 0.172957
v 3.785436 0.690195 0.172899
v 3.787077 0.682498 0.172841
v 3.788766 0.674758 0.172782
v 3.790503 0.666976 0.172723
v 3.792287 0.659151 0.172663
v 3.794118 0.651284 0.172603
v 3.795996 0.643373 0.172543
v 3.797922 0.635421 0.172483
v 3.814017 0.643429 0.172543
v 3.829807 0.651096 0.172602
v 3.845293 0.658423 0.172657
v 3.860473 0.665408 0.172711
v 3.875350 0.672053 0.172761
v 3.889921 0.678358 0.172809
v 3.904188 0.684321 0.172855
v 3.918151 0.689944 0.172897
v 3.931808 0.695226 0.172937
v 3.945161 0.700167 0.172975
v 3.958210 0.704767 0.173010
v 3.970954 0.709027 0.173042
v 3.983342 0.713001 0.173073
v 3.995325 0.716745 0.173101
v 4.006901 0.720260 0.173128
v 4.018071 0.723544 0.173153
v 4.028834 0.726598 0.173176
v 4.039192 0.729422 0.173198
v 4.049143 0.732016 0.173217
v 4.058689 0.734380 0.173235
v 4.067828 0.736514 0.173252
v 4.076560 0.738419 0.173266
v 4.084887 0.740093 0.173279
v 4.092807 0.741537 0.173290
v 4.100271 0.742810 0.173299
v 4.107226 0.743973 0.173308
v 4.113675 0.745025 0.173316
v 4.119615 0.745967 0.173323
v 4.125048 0.746797 0.173330
v 4.129972 0.747517 0.173335
v 4.134390 0.748126 0.173340
v 4.138299 0.748625 0.173344
v 4.141701 0.749012 0.173347
v 4.144595 0.749289 0.173349
v 4.146981 0.749455 0.173350
v 4.148860 0.749511 0.173350
v 4.159248 0.749208 0.173348
v 4.169291 0.748301 0.173341
v 4.178988 0.746789 0.173330
v 4.188340 0.744672 0.173314
v 4.197347 0.741950 0.173293
v 4.206009 0.738623 0.173268
v 4.214325 0.734691 0.173238
v 4.222297 0.730155 0.173203
v 4.229922 0.725013 0.173164
v 4.237203 0.719267 0.173120
v 4.244139 0.712916 0.173072
v 4.250729 0.705960 0.173019
v 4.256879 0.698502 0.172962
v 4.262495 0.690642 0.172903
v 4.267575 0.682383 0.172840
v 4.272121 0.673723 0.172774
v 4.276132 0.664663 0.172705
v 4.279608 0.655202 0.172633
v 4.282550 0.645341 0.172558
v 4.284956 0.635080 0.172480
v 4.286829 0.624418 0.172399
v 4.288166 0.613356 0.172315
v 4.288968 0.601893 0.172227
v 4.289235 0.590030 0.172137
v 4.289140 0.584522 0.172095
v 4.288856 0.578631 0.172050
v 4.288382 0.572357 0.172003
v 4.287718 0.565699 0.171952
v 4.286866 0.558658 0.171899
v 4.285823 0.551233 0.171842
v 4.284591 0.543425 0.171783
v 4.283169 0.535234 0.171720
v 4.281558 0.526659 0.171655
v 4.279757 0.517701 0.171587
v 4.277767 0.508360 0.171516
v 4.275587 0.498635 0.171442
v 4.273160 0.488587 0.171365
v 4.270429 0.478274 0.171287
v 4.267392 0.467698 0.171207
v 4.264051 0.456857 0.171124
v 4.260406 0.445752 0.171040
v 4.256456 0.434383 0.170953
v 4.252202 0.422750 0.170865
v 4.247642 0.410853 0.170774
v 4.242778 0.398692 0.170682
v 4.237609 0.386266 0.170587
v 4.232136 0.373577 0.170491
v 4.226358 0.360623 0.170392
v 4.220229 0.347469 0.170292
v 4.213699 0.334179 0.170191
v 4.206770 0.320753 0.170089
v 4.199442 0.307190 0.169986
v 4.191715 0.293491 0.169881
v 4.183588 0.279656 0.169776
v 4.175062 0.265684 0.169670
v 4.166136 0.251577 0.169562
v 4.156811 0.237332 0.169454
v 4.147086 0.222952 0.169345
v 4.136962 0.208435 0.169234
v 4.126439 0.193782 0.169123
v 4.000686 0.300511 0.169935
v 4.006495 0.307497 0.169988
v 4.012221 0.314551 0.170042
v 4.017868 0.321673 0.170096
v 4.023432 0.328863 0.170150
v 4.028915 0.336122 0.170206
v 4.034318 0.343448 0.170261
v 4.039639 0.350843 0.170318
v 4.044878 0.358306 0.170374
v 4.050037 0.365837 0.170432
v 4.055114 0.373436 0.170490
v 4.060110 0.381103 0.170548
v 4.065025 0.388839 0.170607
v 4.069818 0.396562 0.170665
v 4.074448 0.404191 0.170723
v 4.078916 0.411726 0.170781
v 4.083221 0.419168 0.170837
v 4.087365 0.426515 0.170893
v 4.091345 0.433770 0.170948
v 4.095163 0.440930 0.171003
v 4.098819 0.447997 0.171057
v 4.102312 0.454970 0.171110
v 4.105643 0.461849 0.171162
v 4.108811 0.468635 0.171214
v 4.111816 0.475327 0.171265
v 4.114619 0.481831 0.171314
v 4.117178 0.488054 0.171361
v 4.119493 0.493997 0.171407
v 4.121564 0.499658 0.171450
v 4.123392 0.505037 0.171491
v 4.124976 0.510136 0.171529
v 4.126317 0.514954 0.171566
v 4.127413 0.519490 0.171601
v 4.128266 0.523746 0.171633
v 4.128876 0.527720 0.171663
v 4.129241 0.531413 0.171691
v 4.129363 0.534825 0.171717
v 4.129194 0.538940 0.171749
v 4.128686 0.542697 0.171777
v 4.127840 0.546096 0.171803
v 4.126655 0.549137 0.171826
v 4.125132 0.551821 0.171847
v 4.123271 0.554147 0.171864
v 4.121070 0.556115 0.171879
v 4.118532 0.557725 0.171891
v 4.115654 0.558977 0.171901
v 4.112439 0.559872 0.171908
v 4.108884 0.560408 0.171912
v 4.104992 0.560587 0.171913
v 4.103418 0.560536 0.171913
v 4.101621 0.560383 0.171912
v 4.099600 0.560127 0.171910
v 4.097356 0.559769 0.171907
v 4.094889 0.559309 0.171904
v 4.092198 0.558747 0.171899
v 4.089283 0.558083 0.171894
v 4.086146 0.557316 0.171888
v 4.082785 0.556447 0.171882
v 4.079200 0.555476 0.171874
v 4.075392 0.554402 0.171866
v 4.071361 0.553227 0.171857
v 4.067153 0.551966 0.171848
v 4.062818 0.550637 0.171838
v 4.058353 0.549240 0.171827
v 4.053760 0.547774 0.171816
v 4.049038 0.546241 0.171804
v 4.044187 0.544639 0.171792
v 4.039208 0.542970 0.171779
v 4.034101 0.541232 0.171766
v 4.028864 0.539426 0.171752
v 4.023500 0.537551 0.171738
v 4.018006 0.535609 0.171723
v 4.012384 0.533598 0.171708
v 4.006799 0.531520 0.171692
v 4.001092 0.529373 0.171676
v 3.995264 0.527158 0.171659
v 3.989313 0.524875 0.171642
v 3.983241 0.522523 0.171624
v 3.977046 0.520104 0.171605
v 3.970731 0.517616 0.171586
v 3.964293 0.515060 0.171567
v 3.957733 0.512436 0.171547
v 3.951051 0.509744 0.171526
v 3.944248 0.506984 0.171505
v 3.937323 0.504156 0.171484
v 3.930295 0.501234 0.171462
v 3.923187 0.498192 0.171439
v 3.915998 0.495032 0.171415
v 3.908728 0.491752 0.171390
v 3.901376 0.488352 0.171364
v 3.893943 0.484834 0.171337
v 3.886428 0.481196 0.171309
v 3.878833 0.477439 0.171281
v 3.871156 0.473563 0.171251
v 3.863398 0.469568 0.171221
v 3.855559 0.465453 0.171190
v 3.847638 0.461219 0.171157
v 3.852722 0.445501 0.171038
v 3.857901 0.429834 0.170919
v 3.863175 0.414218 0.170800
v 3.868543 0.398653 0.170681
v 3.874006 0.383140 0.170563
v 3.879564 0.367677 0.170446
v 3.885216 0.352266 0.170328
v 3.890964 0.336906 0.170212
v 3.896806 0.321596 0.170095
v 3.902743 0.306338 0.169979
v 3.908775 0.291132 0.169863
v 3.914901 0.275976 0.169748
v 3.921086 0.260961 0.169634
v 3.927290 0.246175 0.169521
v 3.933515 0.231620 0.169411
v 3.939759 0.217295 0.169302
v 3.946025 0.203200 0.169194
v 3.952310 0.189335 0.169089
v 3.958616 0.175700 0.168985
v 3.964942 0.162295 0.168883
v 3.971289 0.149120 0.168783
v 3.977656 0.136175 0.168685
v 3.984043 0.123460 0.168588
v 3.990450 0.110975 0.168493
v 3.996851 0.098805 0.168400
v 4.003218 0.087035 0.168311
v 4.009551 0.075666 0.168224
v 4.015850 0.064698 0.168141
v 4.022115 0.054130 0.168060
v 4.028347 0.043962 0.167983
v 4.034544 0.034195 0.167909
v 4.040708 0.024828 0.167838
v 4.046838 0.015861 0.167769
v 4.052934 0.007295 0.167704
v 4.058996 -0.000871 0.167642
v 4.065025 -0.008636 0.167583
v 3.000515 0.630513 0.172445
v 2.993193 0.638888 0.172509
v 2.985527 0.647245 0.172572
v 2.977515 0.655586 0.172636
v 2.969158 0.663909 0.172699
v 2.960455 0.672215 0.172762
v 2.951408 0.680505 0.172825
v 2.942015 0.688777 0.172888
v 2.932277 0.697032 0.172951
v 2.922194 0.705270 0.173014
v 2.911765 0.713491 0.173076
v 2.900991 0.721695 0.173139
v 2.889872 0.729882 0.173201
v 2.878543 0.738001 0.173263
v 2.867139 0.746001 0.173324
v 2.855661 0.753881 0.173384
v 2.844109 0.761642 0.173443
v 2.832482 0.769284 0.173501
v 2.820781 0.776806 0.173558
v 2.809005 0.784210 0.173614
v 2.797154 0.791494 0.173670
v 2.785230 0.798658 0.173724
v 2.773231 0.805704 0.173778
v 2.761157 0.812630 0.173831
v 2.749010 0.819437 0.173882
v 2.802625 0.998546 0.175245
v 2.811239 0.994589 0.175215
v 2.819860 0.990487 0.175184
v 2.828488 0.986240 0.175151
v 2.837123 0.981848 0.175118
v 2.845764 0.977312 0.175083
v 2.854413 0.972630 0.175048
v 2.863067 0.967804 0.175011
v 2.871729 0.962833 0.174973
v 2.880398 0.957717 0.174934
v 2.889073 0.952457 0.174894
v 2.897755 0.947051 0.174853
v 2.906444 0.941501 0.174811
v 2.915092 0.935857 0.174768
v 2.923653 0.930170 0.174725
v 2.932125 0.924441 0.174681
v 2.940509 0.918669 0.174637
v 2.948805 0.912855 0.174593
v 2.957013 0.906998 0.174548
v 2.965134 0.901098 0.174504
v 2.973166 0.895156 0.174458
v 2.981110 0.889171 0.174413
v 2.988966 0.883144 0.174367
v 2.996734 0.877074 0.174321
v 3.004414 0.870961 0.174274
v 3.011935 0.864853 0.174228
v 3.019226 0.858796 0.174182
v 3.026287 0.852790 0.174136
v 3.033117 0.846835 0.174091
v 3.039718 0.840931 0.174046
v 3.046088 0.835078 0.174001
v 3.052227 0.829277 0.173957
v 3.058137 0.823526 0.173913
v 3.063817 0.817827 0.173870
v 3.069267 0.812178 0.173827
v 3.074486 0.806581 0.173785
v 3.079476 0.801035 0.173742
v 2.896208 0.370437 0.170467
v 2.890593 0.374322 0.170496
v 2.884795 0.378207 0.170526
v 2.878814 0.382092 0.170555
v 2.872650 0.385976 0.170585
v 2.866303 0.389861 0.170614
v 2.859774 0.393746 0.170644
v 2.853062 0.397631 0.170674
v 2.846167 0.401516 0.170703
v 2.839089 0.405400 0.170733
v 2.831829 0.409285 0.170762
v 2.824386 0.413170 0.170792
v 2.816760 0.417055 0.170821
v 2.809039 0.420906 0.170851
v 2.801312 0.424688 0.170879
v 2.793577 0.428402 0.170908
v 2.785836 0.432049 0.170935
v 2.778089 0.435627 0.170963
v 2.770334 0.439137 0.170989
v 2.762573 0.442579 0.171016
v 2.754804 0.445952 0.171041
v 2.747030 0.449258 0.171066
v 2.739248 0.452495 0.171091
v 2.731459 0.455664 0.171115
v 2.723664 0.458765 0.171139
v 2.715947 0.461764 0.171161
v 2.708392 0.464626 0.171183
v 2.700999 0.467353 0.171204
v 2.693770 0.469942 0.171224
v 2.686702 0.472396 0.171242
v 2.679797 0.474713 0.171260
v 2.673054 0.476894 0.171277
v 2.666474 0.478939 0.171292
v 2.660057 0.480847 0.171307
v 2.653802 0.482619 0.171320
v 2.647709 0.484255 0.171333
v 2.641779 0.485754 0.171344
v 2.687596 0.674677 0.172781
v 2.694623 0.672782 0.172767
v 2.701730 0.670776 0.172751
v 2.708920 0.668658 0.172735
v 2.716191 0.666431 0.172718
v 2.723542 0.664092 0.172701
v 2.730975 0.661643 0.172682
v 2.738490 0.659083 0.172663
v 2.746085 0.656412 0.172642
v 2.753762 0.653630 0.172621
v 2.761520 0.650738 0.172599
v 2.769359 0.647735 0.172576
v 2.777279 0.644621 0.172552
v 2.785234 0.641422 0.172528
v 2.793175 0.638164 0.172503
v 2.801102 0.634846 0.172478
v 2.809015 0.631468 0.172452
v 2.816916 0.628030 0.172426
v 2.824802 0.624533 0.172400
v 2.832675 0.620976 0.172373
v 2.840535 0.617360 0.172345
v 2.848381 0.613684 0.172317
v 2.856213 0.609948 0.172289
v 2.864032 0.606153 0.172260
v 2.871838 0.602298 0.172231
v 2.879582 0.598404 0.172201
v 2.887218 0.594494 0.172171
v 2.894746 0.590567 0.172141
v 2.902166 0.586622 0.172111
v 2.909477 0.582661 0.172081
v 2.916680 0.578682 0.172051
v 2.923774 0.574687 0.172020
v 2.930761 0.570674 0.171990
v 2.937639 0.566645 0.171959
v 2.944408 0.562598 0.171929
v 2.951070 0.558534 0.171898
v 2.957622 0.554453 0.171867
v 3.478179 0.439137 0.170989
v 3.471082 0.425681 0.170887
v 3.463760 0.412301 0.170785
v 3.456216 0.398998 0.170684
v 3.448448 0.385772 0.170583
v 3.440456 0.372623 0.170483
v 3.432241 0.359550 0.170384
v 3.423803 0.346554 0.170285
v 3.415141 0.333634 0.170187
v 3.406256 0.320791 0.170089
v 3.397147 0.308025 0.169992
v 3.387815 0.295336 0.169895
v 3.378260 0.282723 0.169799
v 3.368532 0.270221 0.169704
v 3.358682 0.257864 0.169610
v 3.348710 0.245651 0.169517
v 3.338617 0.233584 0.169426
v 3.328401 0.221661 0.169335
v 3.318064 0.209883 0.169245
v 3.307605 0.198250 0.169157
v 3.297024 0.186762 0.169069
v 3.286321 0.175419 0.168983
v 3.275497 0.164220 0.168898
v 3.264550 0.153166 0.168814
v 3.253482 0.142257 0.168731
v 3.242332 0.131536 0.168649
v 3.231143 0.121044 0.168569
v 3.219912 0.110783 0.168491
v 3.208640 0.100751 0.168415
v 3.197328 0.090950 0.168341
v 3.185975 0.081379 0.168268
v 3.174582 0.072037 0.168197
v 3.163148 0.062926 0.168127
v 3.151674 0.054045 0.168060
v 3.140159 0.045393 0.167994
v 3.128603 0.036972 0.167930
v 3.117007 0.028781 0.167868
v 3.105414 0.020854 0.167807
v 3.093868 0.013225 0.167749
v 3.082370 0.005894 0.167694
v 3.070919 -0.001139 0.167640
v 3.059515 -0.007873 0.167589
v 3.048159 -0.014310 0.167540
v 3.036851 -0.020448 0.167493
v 3.025589 -0.026288 0.167449
v 3.014376 -0.031830 0.167407
v 3.003209 -0.037073 0.167367
v 2.992090 -0.042019 0.167329
v 2.981018 -0.046666 0.167294
v 2.970038 -0.050977 0.167261
v 2.959193 -0.054913 0.167231
v 2.948483 -0.058474 0.167204
v 2.937909 -0.061660 0.167180
v 2.927471 -0.064471 0.167158
v 2.917167 -0.066908 0.167140
v 2.906999 -0.068969 0.167124
v 2.896967 -0.070656 0.167111
v 2.887069 -0.071968 0.167101
v 2.877307 -0.072905 0.167094
v 2.867681 -0.073468 0.167090
v 2.858190 -0.073655 0.167088
v 2.845494 -0.073238 0.167092
v 2.833075 -0.071985 0.167101
v 2.820934 -0.069898 0.167117
v 2.809070 -0.066976 0.167139
v 2.797484 -0.063219 0.167168
v 2.786175 -0.058627 0.167203
v 2.775144 -0.053200 0.167244
v 2.764390 -0.046939 0.167292
v 2.753914 -0.039842 0.167346
v 2.743716 -0.031911 0.167406
v 2.733795 -0.023144 0.167473
v 2.724152 -0.013543 0.167546
v 2.714880 -0.002962 0.167626
v 2.706077 0.008743 0.167715
v 2.697740 0.021573 0.167813
v 2.689870 0.035528 0.167919
v 2.682468 0.050607 0.168034
v 2.675532 0.066811 0.168157
v 2.669064 0.084139 0.168289
v 2.663062 0.102592 0.168429
v 2.657528 0.122169 0.168578
v 2.652461 0.142871 0.168736
v 2.647861 0.164697 0.168902
v 2.643728 0.187648 0.169076
v 2.781179 0.267388 0.169683
v 2.783528 0.255410 0.169592
v 2.786026 0.244011 0.169505
v 2.788673 0.233192 0.169423
v 2.791469 0.222952 0.169345
v 2.794414 0.213291 0.169271
v 2.797507 0.204209 0.169202
v 2.800750 0.195707 0.169137
v 2.804141 0.187784 0.169077
v 2.807682 0.180441 0.169021
v 2.811371 0.173676 0.168970
v 2.815210 0.167491 0.168923
v 2.819197 0.161886 0.168880
v 2.823367 0.156791 0.168841
v 2.827754 0.152140 0.168806
v 2.832357 0.147931 0.168774
v 2.837177 0.144166 0.168745
v 2.842214 0.140843 0.168720
v 2.847467 0.137964 0.168698
v 2.852937 0.135527 0.168680
v 2.858623 0.133534 0.168665
v 2.864526 0.131983 0.168653
v 2.870646 0.130876 0.168644
v 2.876982 0.130211 0.168639
v 2.883536 0.129990 0.168638
v 2.887892 0.130130 0.168639
v 2.892512 0.130552 0.168642
v 2.897396 0.131255 0.168647
v 2.902544 0.132239 0.168655
v 2.907957 0.133504 0.168664
v 2.913633 0.135050 0.168676
v 2.919573 0.136877 0.168690
v 2.925778 0.138986 0.168706
v 2.932246 0.141376 0.168724
v 2.938978 0.144046 0.168744
v 2.945975 0.146998 0.168767
v 2.953236 0.150231 0.168792
v 2.960699 0.153737 0.168818
v 2.968305 0.157507 0.168847
v 2.976053 0.161541 0.168878
v 2.983943 0.165839 0.168910
v 2.991975 0.170401 0.168945
v 3.000149 0.175227 0.168982
v 3.008466 0.180317 0.169020
v 3.016925 0.185672 0.169061
v 3.025525 0.191290 0.169104
v 3.034268 0.197172 0.169149
v 3.043154 0.203319 0.169195
v 3.052181 0.209730 0.169244
v 3.061299 0.216400 0.169295
v 3.070458 0.223327 0.169348
v 3.079658 0.230508 0.169402
v 3.088899 0.237946 0.169459
v 3.098180 0.245639 0.169517
v 3.107502 0.253587 0.169578
v 3.116864 0.261791 0.169640
v 3.126267 0.270251 0.169705
v 3.135711 0.278966 0.169771
v 3.145195 0.287937 0.169839
v 3.154720 0.297163 0.169909
v 3.164285 0.306645 0.169981
v 3.173844 0.316374 0.170055
v 3.183348 0.326342 0.170131
v 3.192799 0.336548 0.170209
v 3.202195 0.346992 0.170288
v 3.211537 0.357675 0.170370
v 3.220825 0.368597 0.170453
v 3.230059 0.379757 0.170538
v 3.239239 0.391156 0.170624
v 3.248364 0.402794 0.170713
v 3.257435 0.414669 0.170803
v 3.266453 0.426784 0.170895
v 3.275416 0.439137 0.170989
v 3.284271 0.451711 0.171085
v 3.292963 0.464490 0.171182
v 3.301493 0.477473 0.171281
v 3.309860 0.490661 0.171381
v 3.318065 0.504053 0.171483
v 3.326107 0.517650 0.171587
v 3.333987 0.531451 0.171692
v 3.341704 0.545457 0.171798
v 3.349259 0.559667 0.171906
v 3.356652 0.574082 0.172016
v 3.363882 0.588701 0.172127
v 3.370949 0.603525 0.172240
v 3.437237 0.853786 0.174144
v 3.435555 0.855512 0.174157
v 3.433757 0.857416 0.174171
v 3.431845 0.859499 0.174187
v 3.429817 0.861760 0.174204
v 3.427675 0.864201 0.174223
v 3.425417 0.866821 0.174243
v 3.423044 0.869619 0.174264
v 3.420556 0.872597 0.174287
v 3.417953 0.875753 0.174311
v 3.415236 0.879089 0.174336
v 3.412402 0.882603 0.174363
v 3.409454 0.886296 0.174391
v 3.406459 0.890104 0.174420
v 3.403484 0.893963 0.174449
v 3.400528 0.897874 0.174479
v 3.397594 0.901835 0.174509
v 3.394680 0.905848 0.174540
v 3.391785 0.909911 0.174571
v 3.388912 0.914026 0.174602
v 3.386058 0.918192 0.174634
v 3.383225 0.922409 0.174666
v 3.380412 0.926677 0.174698
v 3.377620 0.930997 0.174731
v 3.374848 0.935367 0.174764
v 3.372147 0.939708 0.174797
v 3.369568 0.943937 0.174829
v 3.367110 0.948056 0.174861
v 3.364775 0.952065 0.174891
v 3.362561 0.955962 0.174921
v 3.360469 0.959749 0.174950
v 3.358500 0.963425 0.174978
v 3.356651 0.966990 0.175005
v 3.354925 0.970445 0.175031
v 3.353320 0.973789 0.175057
v 3.351838 0.977022 0.175081
v 3.350477 0.980144 0.175105
v 3.408967 1.036576 0.175534
v 3.411302 1.032240 0.175501
v 3.413760 1.027818 0.175468
v 3.416339 1.023311 0.175433
v 3.419040 1.018719 0.175398
v 3.421863 1.014042 0.175363
v 3.424808 1.009280 0.175327
v 3.427874 1.004433 0.175290
v 3.431063 0.999500 0.175252
v 3.434373 0.994482 0.175214
v 3.437806 0.989379 0.175175
v 3.441360 0.984191 0.175136
v 3.445035 0.978917 0.175096
v 3.448772 0.973678 0.175056
v 3.452509 0.968592 0.175017
v 3.456246 0.963659 0.174980
v 3.459983 0.958880 0.174943
v 3.463720 0.954254 0.174908
v 3.467457 0.949781 0.174874
v 3.471194 0.945462 0.174841
v 3.474931 0.941296 0.174809
v 3.478668 0.937284 0.174779
v 3.482405 0.933425 0.174750
v 3.486142 0.929719 0.174721
v 3.489877 0.926166 0.174694
v 3.315384 0.823117 0.173910
v 3.313874 0.825077 0.173925
v 3.312269 0.827275 0.173942
v 3.310570 0.829711 0.173961
v 3.308776 0.832386 0.173981
v 3.306888 0.835300 0.174003
v 3.304904 0.838452 0.174027
v 3.302826 0.841842 0.174053
v 3.300653 0.845472 0.174080
v 3.298385 0.849339 0.174110
v 3.296023 0.853446 0.174141
v 3.293565 0.857790 0.174174
v 3.291013 0.862374 0.174209
v 3.288424 0.867098 0.174245
v 3.285855 0.871864 0.174281
v 3.283306 0.876673 0.174318
v 3.280777 0.881525 0.174355
v 3.278269 0.886420 0.174392
v 3.275781 0.891356 0.174429
v 3.273314 0.896336 0.174467
v 3.270867 0.901358 0.174506
v 3.268440 0.906423 0.174544
v 3.266033 0.911530 0.174583
v 3.263647 0.916680 0.174622
v 3.261281 0.921872 0.174662
v 3.258989 0.927014 0.174701
v 3.256826 0.932010 0.174739
v 3.254792 0.936862 0.174776
v 3.252886 0.941569 0.174811
v 3.251109 0.946131 0.174846
v 3.249461 0.950548 0.174880
v 3.247941 0.954821 0.174912
v 3.246550 0.958948 0.174944
v 3.245287 0.962931 0.174974
v 3.244153 0.966769 0.175003
v 3.243148 0.970462 0.175031
v 3.242271 0.974010 0.175058
v 3.309535 1.013267 0.175357
v 3.311061 1.008505 0.175321
v 3.312716 1.003623 0.175284
v 3.314500 0.998623 0.175245
v 3.316413 0.993502 0.175207
v 3.318454 0.988263 0.175167
v 3.320623 0.982904 0.175126
v 3.322921 0.977426 0.175084
v 3.325348 0.971829 0.175042
v 3.327904 0.966113 0.174998
v 3.330588 0.960277 0.174954
v 3.333401 0.954322 0.174908
v 3.336342 0.948248 0.174862
v 3.339358 0.942191 0.174816
v 3.342394 0.936287 0.174771
v 3.345451 0.930537 0.174728
v 3.348528 0.924939 0.174685
v 3.351625 0.919496 0.174644
v 3.354742 0.914205 0.174603
v 3.357880 0.909068 0.174564
v 3.361038 0.904084 0.174526
v 3.364217 0.899254 0.174490
v 3.367415 0.894577 0.174454
v 3.370634 0.890053 0.174420
v 3.373873 0.885683 0.174386
v 2.012041 0.549546 0.171829
v 2.003989 0.562743 0.171930
v 1.995753 0.575752 0.172029
v 1.987335 0.588573 0.172126
v 1.978734 0.601207 0.172222
v 1.969951 0.613654 0.172317
v 1.960984 0.625913 0.172410
v 1.951835 0.637985 0.172502
v 1.942503 0.649869 0.172592
v 1.932989 0.661566 0.172681
v 1.923291 0.673076 0.172769
v 1.913411 0.684398 0.172855
v 1.903348 0.695533 0.172940
v 1.893176 0.706429 0.173023
v 1.882971 0.717035 0.173103
v 1.872732 0.727352 0.173182
v 1.862459 0.737379 0.173258
v 1.852153 0.747117 0.173332
v 1.841812 0.756565 0.173404
v 1.831437 0.765723 0.173474
v 1.821029 0.774591 0.173541
v 1.810587 0.783170 0.173606
v 1.800111 0.791459 0.173670
v 1.789601 0.799459 0.173730
v 1.779058 0.807169 0.173789
v 1.891163 0.956835 0.174928
v 1.901256 0.949143 0.174869
v 1.911390 0.941194 0.174809
v 1.921565 0.932990 0.174746
v 1.931780 0.924530 0.174682
v 1.942036 0.915815 0.174616
v 1.952333 0.906844 0.174547
v 1.962670 0.897618 0.174477
v 1.973048 0.888136 0.174405
v 1.983466 0.878399 0.174331
v 1.993925 0.868406 0.174255
v 2.004425 0.858157 0.174177
v 2.014966 0.847653 0.174097
v 2.025458 0.836859 0.174015
v 2.035816 0.825741 0.173930
v 2.046038 0.814300 0.173843
v 2.056125 0.802535 0.173754
v 2.066076 0.790446 0.173662
v 2.075892 0.778033 0.173567
v 2.085572 0.765297 0.173471
v 2.095118 0.752237 0.173371
v 2.104528 0.738853 0.173269
v 2.113802 0.725146 0.173165
v 2.122941 0.711114 0.173058
v 2.131945 0.696759 0.172949
v 2.195308 0.022033 0.167816
v 2.183576 0.014485 0.167759
v 2.172102 0.007380 0.167705
v 2.160885 0.000718 0.167654
v 2.149925 -0.005501 0.167607
v 2.139222 -0.011277 0.167563
v 2.128776 -0.016610 0.167522
v 2.118588 -0.021500 0.167485
v 2.108657 -0.025947 0.167451
v 2.098983 -0.029951 0.167421
v 2.089567 -0.033512 0.167394
v 2.080408 -0.036630 0.167370
v 2.071505 -0.039305 0.167350
v 2.062847 -0.041657 0.167332
v 2.054419 -0.043803 0.167315
v 2.046221 -0.045746 0.167301
v 2.038253 -0.047484 0.167287
v 2.030515 -0.049017 0.167276
v 2.023008 -0.050346 0.167266
v 2.015731 -0.051471 0.167257
v 2.008683 -0.052391 0.167250
v 2.001866 -0.053107 0.167245
v 1.995280 -0.053618 0.167241
v 1.988923 -0.053924 0.167238
v 1.982796 -0.054027 0.167238
v 1.952076 -0.052229 0.167251
v 1.923278 -0.046836 0.167292
v 1.896402 -0.037848 0.167361
v 1.871449 -0.025266 0.167456
v 1.848419 -0.009087 0.167580
v 1.827311 0.010686 0.167730
v 1.808126 0.034054 0.167908
v 1.790864 0.061018 0.168113
v 1.775524 0.091576 0.168345
v 1.762106 0.125730 0.168605
v 1.750611 0.163479 0.168892
v 1.741039 0.204823 0.169207
v 1.888238 0.288244 0.169841
v 1.890594 0.276853 0.169755
v 1.893112 0.265991 0.169672
v 1.895793 0.255657 0.169594
v 1.898636 0.245852 0.169519
v 1.901642 0.236574 0.169448
v 1.904810 0.227825 0.169382
v 1.908140 0.219604 0.169319
v 1.911633 0.211911 0.169261
v 1.915289 0.204746 0.169206
v 1.919107 0.198110 0.169156
v 1.923088 0.192001 0.169109
v 1.927231 0.186421 0.169067
v 1.931543 0.181327 0.169028
v 1.936032 0.176675 0.168993
v 1.940696 0.172467 0.168961
v 1.945536 0.168701 0.168932
v 1.950552 0.165379 0.168907
v 1.955745 0.162499 0.168885
v 1.961113 0.160063 0.168866
v 1.966657 0.158069 0.168851
v 1.972378 0.156519 0.168839
v 1.978274 0.155411 0.168831
v 1.984346 0.154747 0.168826
v 1.990595 0.154525 0.168824
v 1.993343 0.154610 0.168825
v 1.996390 0.154866 0.168827
v 1.999734 0.155292 0.168830
v 2.003376 0.155888 0.168835
v 2.007316 0.156655 0.168840
v 2.011554 0.157592 0.168848
v 2.016089 0.158700 0.168856
v 2.020923 0.159977 0.168866
v 2.026054 0.161426 0.168877
v 2.031483 0.163044 0.168889
v 2.037210 0.164833 0.168903
v 2.043236 0.166793 0.168918
v 2.049507 0.168970 0.168934
v 2.055976 0.171410 0.168953
v 2.062640 0.174115 0.168973
v 2.069501 0.177084 0.168996
v 2.076559 0.180317 0.169020
v 2.083812 0.183814 0.169047
v 2.091263 0.187576 0.169076
v 2.098909 0.191601 0.169106
v 2.106751 0.195890 0.169139
v 2.114790 0.200444 0.169174
v 2.123026 0.205262 0.169210
v 2.131457 0.210343 0.169249
v 2.140038 0.215732 0.169290
v 2.148720 0.221469 0.169333
v 2.157503 0.227556 0.169380
v 2.166389 0.233993 0.169429
v 2.175375 0.240778 0.169480
v 2.184463 0.247913 0.169535
v 2.193653 0.255397 0.169592
v 2.202944 0.263231 0.169651
v 2.212337 0.271414 0.169713
v 2.221832 0.279946 0.169778
v 2.231428 0.288827 0.169846
v 2.241125 0.298058 0.169916
v 2.250874 0.307676 0.169989
v 2.260622 0.317720 0.170066
v 2.270370 0.328190 0.170145
v 2.280118 0.339086 0.170228
v 2.289867 0.350409 0.170314
v 2.299615 0.362157 0.170404
v 2.309363 0.374331 0.170496
v 2.319112 0.386931 0.170592
v 2.328860 0.399957 0.170691
v 2.338608 0.413409 0.170794
v 2.348356 0.427286 0.170899
v 2.358104 0.441590 0.171008
v 2.367798 0.456371 0.171120
v 2.377384 0.471680 0.171237
v 2.386862 0.487518 0.171357
v 2.396231 0.503883 0.171482
v 2.405492 0.520777 0.171610
v 2.414644 0.538199 0.171743
v 2.423688 0.556149 0.171879
v 2.432624 0.574627 0.172020
v 2.441452 0.593634 0.172165
v 2.450171 0.613168 0.172313
v 2.458782 0.633231 0.172466
v 2.467285 0.653822 0.172622
v 2.591088 0.510290 0.171531
v 2.591088 0.509063 0.171521
v 2.587070 0.499189 0.171446
v 2.582815 0.489196 0.171370
v 2.578324 0.479084 0.171293
v 2.573595 0.468852 0.171215
v 2.568630 0.458501 0.171137
v 2.563427 0.448031 0.171057
v 2.557988 0.437441 0.170976
v 2.552311 0.426733 0.170895
v 2.546398 0.415905 0.170813
v 2.540248 0.404957 0.170729
v 2.533860 0.393891 0.170645
v 2.527236 0.382705 0.170560
v 2.520413 0.371464 0.170475
v 2.513427 0.360231 0.170389
v 2.506278 0.349007 0.170304
v 2.498966 0.337792 0.170218
v 2.491493 0.326584 0.170133
v 2.483857 0.315386 0.170048
v 2.476058 0.304196 0.169963
v 2.468097 0.293014 0.169878
v 2.459973 0.281841 0.169793
v 2.451687 0.270677 0.169708
v 2.443238 0.259521 0.169623
v 2.434628 0.248373 0.169538
v 2.425875 0.237290 0.169454
v 2.417000 0.226325 0.169370
v 2.408003 0.215480 0.169288
v 2.398885 0.204755 0.169206
v 2.389644 0.194148 0.169126
v 2.380282 0.183661 0.169046
v 2.370797 0.173293 0.168967
v 2.361191 0.163044 0.168889
v 2.351463 0.152915 0.168812
v 2.341613 0.142905 0.168736
v 2.331642 0.133014 0.168661
v 2.321548 0.123242 0.168586
v 2.311363 0.113637 0.168513
v 2.301118 0.104244 0.168442
v 2.290811 0.095065 0.168372
v 2.280443 0.086098 0.168304
v 2.270015 0.077345 0.168237
v 2.259525 0.068804 0.168172
v 2.248975 0.060477 0.168109
v 2.238363 0.052362 0.168047
v 2.227691 0.044460 0.167987
v 2.216958 0.036772 0.167928
v 2.206164 0.029296 0.167872
v 1.016744 0.235492 0.169440
v 0.900739 0.369211 0.170457
v 0.905251 0.377061 0.170517
v 0.910014 0.385073 0.170578
v 0.915026 0.393248 0.170640
v 0.920290 0.401584 0.170704
v 0.925804 0.410082 0.170768
v 0.931568 0.418742 0.170834
v 0.937583 0.427563 0.170901
v 0.943848 0.436547 0.170970
v 0.950364 0.445692 0.171039
v 0.957130 0.455000 0.171110
v 0.964147 0.464469 0.171182
v 0.971414 0.474100 0.171255
v 0.978898 0.483850 0.171329
v 0.986565 0.493677 0.171404
v 0.994414 0.503581 0.171480
v 1.002446 0.513561 0.171555
v 1.010661 0.523618 0.171632
v 1.019059 0.533752 0.171709
v 1.027639 0.543962 0.171787
v 1.036403 0.554249 0.171865
v 1.045349 0.564613 0.171944
v 1.054478 0.575053 0.172023
v 1.063789 0.585570 0.172103
v 1.073284 0.596164 0.172184
v 1.082920 0.606796 0.172265
v 1.092658 0.617428 0.172346
v 1.102498 0.628060 0.172427
v 1.112439 0.638692 0.172507
v 1.122482 0.649324 0.172588
v 1.132626 0.659956 0.172669
v 1.142872 0.670588 0.172750
v 1.153219 0.681220 0.172831
v 1.163668 0.691852 0.172912
v 1.174219 0.702484 0.172993
v 1.184871 0.713117 0.173074
v 1.195624 0.723748 0.173154
v 1.206452 0.734334 0.173235
v 1.217328 0.744825 0.173315
v 1.228251 0.755223 0.173394
v 1.239221 0.765527 0.173472
v 1.250238 0.775737 0.173550
v 1.261303 0.785854 0.173627
v 1.272416 0.795877 0.173703
v 1.283575 0.805806 0.173779
v 1.294782 0.815641 0.173854
v 1.306037 0.825383 0.173928
v 1.317339 0.835031 0.174001
v 1.328688 0.844586 0.174074
v 1.340040 0.854008 0.174145
v 1.351353 0.863260 0.174216
v 1.362624 0.872341 0.174285
v 1.373855 0.881253 0.174353
v 1.385045 0.889993 0.174419
v 1.396195 0.898564 0.174484
v 1.407304 0.906964 0.174548
v 1.418372 0.915193 0.174611
v 1.429400 0.923252 0.174672
v 1.440387 0.931141 0.174732
v 1.451333 0.938860 0.174791
v 1.462239 0.946408 0.174848
v 1.473071 0.953730 0.174904
v 1.483794 0.960771 0.174958
v 1.494408 0.967531 0.175009
v 1.504915 0.974010 0.175058
v 1.515313 0.980208 0.175105
v 1.525603 0.986125 0.175150
v 1.535784 0.991760 0.175193
v 1.545858 0.997114 0.175234
v 1.555823 1.002188 0.175273
v 1.565679 1.006980 0.175309
v 1.575427 1.011491 0.175343
v 1.585067 1.015721 0.175376
v 1.690348 0.862374 0.174209
v 1.679784 0.857373 0.174171
v 1.669214 0.852185 0.174131
v 1.658636 0.846809 0.174091
v 1.648052 0.841246 0.174048
v 1.637461 0.835496 0.174005
v 1.626863 0.829558 0.173959
v 1.616258 0.823432 0.173913
v 1.605647 0.817120 0.173865
v 1.595029 0.810619 0.173815
v 1.584404 0.803932 0.173764
v 1.573772 0.797057 0.173712
v 1.563134 0.789994 0.173658
v 1.552509 0.782787 0.173604
v 1.541918 0.775477 0.173548
v 1.531360 0.768066 0.173492
v 1.520837 0.760552 0.173434
v 1.510347 0.752935 0.173376
v 1.499892 0.745217 0.173318
v 1.489470 0.737396 0.173258
v 1.479082 0.729473 0.173198
v 1.468728 0.721448 0.173137
v 1.458408 0.713321 0.173075
v 1.448121 0.705091 0.173013
v 1.437868 0.696759 0.172949
v 1.439473 0.687627 0.172880
v 1.441037 0.678221 0.172808
v 1.442560 0.668544 0.172734
v 1.444042 0.658593 0.172659
v 1.445484 0.648370 0.172581
v 1.446886 0.637874 0.172501
v 1.448246 0.627106 0.172419
v 1.449566 0.616065 0.172335
v 1.450846 0.604751 0.172249
v 1.452085 0.593165 0.172161
v 1.453283 0.581306 0.172071
v 1.454441 0.569175 0.171979
v 1.455551 0.556839 0.171885
v 1.456607 0.544367 0.171790
v 1.457609 0.531758 0.171694
v 1.458556 0.519013 0.171597
v 1.459450 0.506132 0.171499
v 1.460289 0.493115 0.171400
v 1.461075 0.479961 0.171300
v 1.461806 0.466671 0.171199
v 1.462483 0.453245 0.171097
v 1.463105 0.439682 0.170993
v 1.463674 0.425983 0.170889
v 1.464189 0.412148 0.170784
v 1.464656 0.398236 0.170678
v 1.465082 0.384307 0.170572
v 1.465468 0.370361 0.170466
v 1.465813 0.356398 0.170360
v 1.466118 0.342417 0.170254
v 1.466382 0.328420 0.170147
v 1.466605 0.314406 0.170040
v 1.466788 0.300375 0.169934
v 1.466930 0.286327 0.169827
v 1.467032 0.272261 0.169720
v 1.467093 0.258179 0.169613
v 1.467113 0.244080 0.169505
v 1.467093 0.229806 0.169397
v 1.467032 0.215608 0.169289
v 1.466930 0.201488 0.169181
v 1.466788 0.187444 0.169075
v 1.466605 0.173476 0.168968
v 1.466382 0.159586 0.168863
v 1.466118 0.145772 0.168758
v 1.465813 0.132034 0.168653
v 1.465468 0.118374 0.168549
v 1.465082 0.104790 0.168446
v 1.464656 0.091282 0.168343
v 1.464189 0.077852 0.168241
v 1.463681 0.064574 0.168140
v 1.463133 0.051527 0.168041
v 1.462544 0.038710 0.167943
v 1.461914 0.026123 0.167847
v 1.461244 0.013765 0.167753
v 1.460533 0.001638 0.167661
v 1.459782 -0.010259 0.167571
v 1.458990 -0.021926 0.167482
v 1.458157 -0.033363 0.167395
v 1.457284 -0.044570 0.167310
v 1.456370 -0.055547 0.167226
v 1.455415 -0.066294 0.167144
v 1.287745 -0.055253 0.167228
v 1.288385 -0.046521 0.167295
v 1.289004 -0.037499 0.167363
v 1.289603 -0.028188 0.167434
v 1.290182 -0.018586 0.167507
v 1.290741 -0.008696 0.167583
v 1.291279 0.001485 0.167660
v 1.291797 0.011955 0.167740
v 1.292294 0.022715 0.167821
v 1.292772 0.033764 0.167906
v 1.293229 0.045104 0.167992
v 1.293665 0.056732 0.168080
v 1.294082 0.068651 0.168171
v 1.294471 0.080765 0.168263
v 1.294826 0.092982 0.168356
v 1.295148 0.105301 0.168450
v 1.295435 0.117722 0.168544
v 1.295689 0.130245 0.168639
v 1.295909 0.142871 0.168736
v 1.296096 0.155599 0.168832
v 1.296248 0.168429 0.168930
v 1.296366 0.181361 0.169028
v 1.296451 0.194395 0.169127
v 1.296502 0.207532 0.169227
v 1.296519 0.220771 0.169328
v 1.296495 0.235292 0.169439
v 1.296424 0.249822 0.169549
v 1.296305 0.264360 0.169660
v 1.296140 0.278906 0.169770
v 1.295926 0.293462 0.169881
v 1.295666 0.308025 0.169992
v 1.295358 0.322597 0.170103
v 1.295002 0.337178 0.170214
v 1.294600 0.351767 0.170325
v 1.294149 0.366365 0.170436
v 1.293652 0.380971 0.170547
v 1.293107 0.395586 0.170658
v 1.292501 0.410090 0.170768
v 1.291821 0.424364 0.170877
v 1.291066 0.438408 0.170984
v 1.290236 0.452222 0.171089
v 1.289333 0.465806 0.171192
v 1.288355 0.479160 0.171294
v 1.287302 0.492284 0.171394
v 1.286175 0.505178 0.171492
v 1.284973 0.517842 0.171588
v 1.283697 0.530276 0.171683
v 1.282347 0.542480 0.171775
v 1.280922 0.554453 0.171867
v 1.267054 0.540546 0.171761
v 1.253396 0.526630 0.171655
v 1.239948 0.512705 0.171549
v 1.226710 0.498772 0.171443
v 1.213682 0.484830 0.171337
v 1.200864 0.470879 0.171231
v 1.188255 0.456921 0.171125
v 1.175857 0.442953 0.171018
v 1.163668 0.428977 0.170912
v 1.151689 0.414993 0.170806
v 1.139920 0.401000 0.170699
v 1.128361 0.386999 0.170593
v 1.117086 0.373108 0.170487
v 1.106170 0.359448 0.170383
v 1.095613 0.346017 0.170281
v 1.085415 0.332816 0.170180
v 1.075575 0.319846 0.170082
v 1.066094 0.307105 0.169985
v 1.056972 0.294595 0.169890
v 1.048209 0.282314 0.169796
v 1.039804 0.270264 0.169705
v 1.031759 0.258443 0.169615
v 1.024072 0.246853 0.169527
v 0.464017 -0.101871 0.166874
v 0.351912 0.057610 0.168087
v 0.358763 0.062393 0.168123
v 0.365668 0.067339 0.168161
v 0.372627 0.072446 0.168200
v 0.379640 0.077715 0.168240
v 0.386708 0.083146 0.168281
v 0.393830 0.088739 0.168324
v 0.401006 0.094494 0.168368
v 0.408235 0.100411 0.168413
v 0.415520 0.106489 0.168459
v 0.422858 0.112730 0.168506
v 0.430250 0.119132 0.168555
v 0.437697 0.125696 0.168605
v 0.445154 0.132371 0.168656
v 0.452577 0.139105 0.168707
v 0.459966 0.145899 0.168759
v 0.467321 0.152753 0.168811
v 0.474642 0.159666 0.168863
v 0.481930 0.166639 0.168916
v 0.489183 0.173672 0.168970
v 0.496403 0.180764 0.169024
v 0.503589 0.187916 0.169078
v 0.510741 0.195128 0.169133
v 0.517859 0.202399 0.169188
v 0.524944 0.209730 0.169244
v 0.531954 0.217086 0.169300
v 0.538849 0.224434 0.169356
v 0.545628 0.231773 0.169412
v 0.552293 0.239104 0.169468
v 0.558843 0.246427 0.169523
v 0.565277 0.253740 0.169579
v 0.571597 0.261046 0.169635
v 0.577801 0.268342 0.169690
v 0.583890 0.275631 0.169745
v 0.589865 0.282910 0.169801
v 0.595724 0.290182 0.169856
v 0.601468 0.297444 0.169911
v 0.607056 0.304664 0.169966
v 0.612448 0.311808 0.170021
v 0.617644 0.318875 0.170074
v 0.622643 0.325865 0.170128
v 0.627446 0.332778 0.170180
v 0.632053 0.339615 0.170232
v 0.636463 0.346375 0.170284
v 0.640677 0.353058 0.170334
v 0.644695 0.359665 0.170385
v 0.648517 0.366195 0.170434
v 0.652142 0.372648 0.170484
v 0.655571 0.379025 0.170532
v 0.658762 0.385278 0.170580
v 0.661677 0.391361 0.170626
v 0.664313 0.397273 0.170671
v 0.666673 0.403015 0.170715
v 0.668754 0.408587 0.170757
v 0.670558 0.413988 0.170798
v 0.672085 0.419219 0.170838
v 0.673334 0.424279 0.170876
v 0.674305 0.429169 0.170913
v 0.674999 0.433889 0.170949
v 0.675416 0.438438 0.170984
v 0.675555 0.442817 0.171017
v 0.675446 0.446808 0.171048
v 0.675121 0.450604 0.171077
v 0.674580 0.454203 0.171104
v 0.673821 0.457606 0.171130
v 0.672847 0.460814 0.171154
v 0.671655 0.463825 0.171177
v 0.670247 0.466641 0.171199
v 0.668623 0.469261 0.171218
v 0.666781 0.471685 0.171237
v 0.664723 0.473912 0.171254
v 0.662449 0.475944 0.171269
v 0.659957 0.477780 0.171283
v 0.657297 0.479463 0.171296
v 0.654514 0.481035 0.171308
v 0.651610 0.482496 0.171319
v 0.648584 0.483846 0.171329
v 0.645436 0.485085 0.171339
v 0.642167 0.486214 0.171347
v 0.638775 0.487232 0.171355
v 0.635262 0.488140 0.171362
v 0.631626 0.488936 0.171368
v 0.627869 0.489622 0.171373
v 0.623990 0.490197 0.171378
v 0.619989 0.490661 0.171381
v 0.615914 0.491053 0.171384
v 0.611812 0.491411 0.171387
v 0.607682 0.491735 0.171389
v 0.603526 0.492024 0.171392
v 0.599342 0.492280 0.171394
v 0.595131 0.492501 0.171395
v 0.590894 0.492689 0.171397
v 0.586629 0.492842 0.171398
v 0.582337 0.492961 0.171399
v 0.578018 0.493047 0.171399
v 0.573672 0.493098 0.171400
v 0.569298 0.493115 0.171400
v 0.561550 0.493068 0.171400
v 0.553579 0.492927 0.171399
v 0.545385 0.492693 0.171397
v 0.536967 0.492365 0.171394
v 0.528325 0.491943 0.171391
v 0.519460 0.491428 0.171387
v 0.510372 0.490819 0.171382
v 0.501061 0.490116 0.171377
v 0.491526 0.489319 0.171371
v 0.481767 0.488429 0.171364
v 0.471785 0.487445 0.171357
v 0.461580 0.486368 0.171349
v 0.451206 0.485192 0.171340
v 0.440716 0.483914 0.171330
v 0.430112 0.482534 0.171319
v 0.419392 0.481052 0.171308
v 0.408557 0.479467 0.171296
v 0.397607 0.477780 0.171283
v 0.386542 0.475991 0.171270
v 0.375362 0.474100 0.171255
v 0.364067 0.472106 0.171240
v 0.352657 0.470011 0.171224
v 0.341132 0.467813 0.171207
v 0.329491 0.465512 0.171190
v 0.317787 0.463114 0.171172
v 0.306068 0.460622 0.171153
v 0.294337 0.458037 0.171133
v 0.282591 0.455357 0.171113
v 0.270832 0.452584 0.171092
v 0.259060 0.449718 0.171070
v 0.247274 0.446757 0.171047
v 0.235475 0.443703 0.171024
v 0.223662 0.440555 0.171000
v 0.211835 0.437314 0.170975
v 0.199995 0.433978 0.170950
v 0.188141 0.430549 0.170924
v 0.176335 0.427014 0.170897
v 0.164637 0.423359 0.170869
v 0.153048 0.419585 0.170841
v 0.141567 0.415692 0.170811
v 0.130193 0.411679 0.170780
v 0.118929 0.407547 0.170749
v 0.107773 0.403296 0.170717
v 0.096724 0.398926 0.170683
v 0.085785 0.394436 0.170649
v 0.074953 0.389827 0.170614
v 0.064230 0.385099 0.170578
v 0.053616 0.380252 0.170541
v 0.025346 0.577762 0.172044
v 0.038617 0.583411 0.172087
v 0.052113 0.588905 0.172129
v 0.065831 0.594247 0.172169
v 0.079773 0.599435 0.172209
v 0.093939 0.604470 0.172247
v 0.108328 0.609352 0.172284
v 0.122940 0.614080 0.172320
v 0.137776 0.618655 0.172355
v 0.152834 0.623076 0.172389
v 0.168117 0.627344 0.172421
v 0.183623 0.631459 0.172452
v 0.199352 0.635421 0.172483
v 0.215203 0.639229 0.172511
v 0.231074 0.642883 0.172539
v 0.246966 0.646385 0.172566
v 0.262878 0.649733 0.172591
v 0.278810 0.652928 0.172616
v 0.294763 0.655969 0.172639
v 0.310736 0.658857 0.172661
v 0.326729 0.661592 0.172682
v 0.342743 0.664173 0.172701
v 0.358777 0.666601 0.172720
v 0.374831 0.668876 0.172737
v 0.390905 0.670997 0.172753
v 0.406895 0.672956 0.172768
v 0.422696 0.674746 0.172782
v 0.438306 0.676364 0.172794
v 0.453728 0.677813 0.172805
v 0.468959 0.679090 0.172815
v 0.484001 0.680198 0.172823
v 0.498854 0.681135 0.172830
v 0.513517 0.681902 0.172836
v 0.527990 0.682498 0.172841
v 0.542274 0.682924 0.172844
v 0.556368 0.683180 0.172846
v 0.570273 0.683265 0.172846
v 0.583433 0.683188 0.172846
v 0.596269 0.682958 0.172844
v 0.608779 0.682575 0.172841
v 0.620964 0.682038 0.172837
v 0.632825 0.681348 0.172832
v 0.644360 0.680505 0.172825
v 0.655571 0.679508 0.172818
v 0.666456 0.678358 0.172809
v 0.677017 0.677054 0.172799
v 0.687252 0.675597 0.172788
v 0.697163 0.673987 0.172776
v 0.706749 0.672224 0.172762
v 0.719127 0.669493 0.172742
v 0.730917 0.666209 0.172717
v 0.742117 0.662371 0.172688
v 0.752728 0.657980 0.172654
v 0.762751 0.653034 0.172616
v 0.772184 0.647535 0.172575
v 0.781029 0.641482 0.172529
v 0.789284 0.634875 0.172478
v 0.796951 0.627715 0.172424
v 0.804028 0.620001 0.172365
v 0.810517 0.611733 0.172302
v 0.816417 0.602911 0.172235
v 0.821788 0.593740 0.172165
v 0.826693 0.584424 0.172095
v 0.831131 0.574964 0.172023
v 0.835101 0.565358 0.171950
v 0.838604 0.555608 0.171875
v 0.841640 0.545713 0.171800
v 0.844209 0.535673 0.171724
v 0.846312 0.525488 0.171646
v 0.847946 0.515158 0.171568
v 0.849114 0.504684 0.171488
v 0.849815 0.494065 0.171407
v 0.850048 0.483301 0.171325
v 0.849828 0.472788 0.171245
v 0.849168 0.462105 0.171164
v 0.848068 0.451251 0.171081
v 0.846528 0.440227 0.170998
v 0.844548 0.429033 0.170912
v 0.842128 0.417668 0.170826
v 0.839268 0.406133 0.170738
v 0.835968 0.394428 0.170649
v 0.832227 0.382552 0.170559
v 0.828047 0.370505 0.170467
v 0.823427 0.358289 0.170374
v 0.818367 0.345902 0.170280
v 0.812927 0.333400 0.170185
v 0.807170 0.320838 0.170089
v 0.801094 0.308217 0.169993
v 0.794700 0.295536 0.169897
v 0.787988 0.282795 0.169800
v 0.780958 0.269995 0.169703
v 0.773609 0.257135 0.169605
v 0.765943 0.244216 0.169506
v 0.757958 0.231237 0.169408
v 0.749655 0.218198 0.169309
v 0.741034 0.205100 0.169209
v 0.732094 0.191942 0.169109
v 0.722895 0.178779 0.169009
v 0.713491 0.165668 0.168909
v 0.703885 0.152608 0.168810
v 0.694076 0.139599 0.168711
v 0.684064 0.126642 0.168612
v 0.673849 0.113735 0.168514
v 0.663430 0.100879 0.168416
v 0.652809 0.088075 0.168319
v 0.641984 0.075321 0.168222
v 0.630956 0.062619 0.168125
v 0.619725 0.049968 0.168029
v 0.608291 0.037368 0.167933
v 0.596715 0.024875 0.167838
v 0.585058 0.012543 0.167744
v 0.573320 0.000373 0.167652
v 0.561500 -0.011635 0.167560
v 0.549599 -0.023481 0.167470
v 0.537617 -0.035165 0.167381
v 0.525553 -0.046687 0.167294
v 0.513408 -0.058048 0.167207
v 0.501182 -0.069246 0.167122
v 0.488875 -0.080283 0.167038
v 0.476487 -0.091158 0.166955
v 0.723321 0.728655 0.173192
v 0.717347 0.730896 0.173209
v 0.711122 0.733120 0.173226
v 0.704647 0.735326 0.173243
v 0.697921 0.737515 0.173259
v 0.690945 0.739688 0.173276
v 0.683719 0.741843 0.173292
v 0.676242 0.743982 0.173308
v 0.668514 0.746103 0.173324
v 0.660536 0.748207 0.173340
v 0.652308 0.750294 0.173356
v 0.643829 0.752365 0.173372
v 0.635099 0.754418 0.173388
v 0.626180 0.756441 0.173403
v 0.617133 0.758422 0.173418
v 0.607956 0.760360 0.173433
v 0.598652 0.762255 0.173447
v 0.589218 0.764108 0.173461
v 0.579656 0.765919 0.173475
v 0.569965 0.767686 0.173489
v 0.560146 0.769412 0.173502
v 0.550198 0.771094 0.173515
v 0.540121 0.772734 0.173527
v 0.529916 0.774331 0.173539
v 0.519582 0.775886 0.173551
v 0.509164 0.777394 0.173563
v 0.498705 0.778851 0.173574
v 0.488205 0.780257 0.173584
v 0.477665 0.781611 0.173595
v 0.467084 0.782915 0.173605
v 0.456462 0.784167 0.173614
v 0.445800 0.785368 0.173623
v 0.435097 0.786518 0.173632
v 0.424354 0.787617 0.173640
v 0.413570 0.788665 0.173648
v 0.402745 0.789662 0.173656
v 0.391880 0.790608 0.173663
v 0.381042 0.791489 0.173670
v 0.370299 0.792294 0.173676
v 0.359650 0.793023 0.173681
v 0.349096 0.793675 0.173686
v 0.338637 0.794250 0.173691
v 0.328273 0.794748 0.173695
v 0.318003 0.795170 0.173698
v 0.307829 0.795515 0.173700
v 0.297749 0.795783 0.173702
v 0.287763 0.795975 0.173704
v 0.277873 0.796090 0.173705
v 0.268077 0.796128 0.173705
v 0.261930 0.796115 0.173705
v 0.255838 0.796077 0.173705
v 0.249799 0.796013 0.173704
v 0.243815 0.795924 0.173703
v 0.237885 0.795809 0.173703
v 0.232008 0.795668 0.173702
v 0.226187 0.795502 0.173700
v 0.220419 0.795310 0.173699
v 0.214705 0.795093 0.173697
v 0.209046 0.794850 0.173695
v 0.203441 0.794582 0.173693
v 0.197890 0.794288 0.173691
v 0.192413 0.793951 0.173689
v 0.187031 0.793555 0.173685
v 0.181744 0.793099 0.173682
v 0.176552 0.792584 0.173678
v 0.171454 0.792009 0.173674
v 0.166452 0.791374 0.173669
v 0.161543 0.790680 0.173664
v 0.156730 0.789926 0.173658
v 0.152012 0.789112 0.173652
v 0.147388 0.788239 0.173645
v 0.142859 0.787306 0.173638
v 0.138425 0.786314 0.173630
v 0.154997 0.983825 0.175133
v 0.159746 0.984817 0.175140
v 0.164570 0.985750 0.175148
v 0.169468 0.986623 0.175154
v 0.174440 0.987437 0.175160
v 0.179486 0.988191 0.175166
v 0.184608 0.988885 0.175171
v 0.189803 0.989520 0.175176
v 0.195074 0.990095 0.175181
v 0.200418 0.990610 0.175185
v 0.205837 0.991066 0.175188
v 0.211331 0.991462 0.175191
v 0.216899 0.991799 0.175194
v 0.222541 0.992092 0.175196
v 0.228258 0.992361 0.175198
v 0.234050 0.992604 0.175200
v 0.239915 0.992821 0.175201
v 0.245856 0.993012 0.175203
v 0.251871 0.993179 0.175204
v 0.257960 0.993319 0.175205
v 0.264124 0.993434 0.175206
v 0.270362 0.993524 0.175207
v 0.276675 0.993587 0.175207
v 0.283062 0.993626 0.175207
v 0.289523 0.993639 0.175208
v 0.299309 0.993605 0.175207
v 0.309169 0.993502 0.175207
v 0.319103 0.993332 0.175205
v 0.329112 0.993094 0.175203
v 0.339196 0.992787 0.175201
v 0.349353 0.992412 0.175198
v 0.359585 0.991969 0.175195
v 0.369892 0.991458 0.175191
v 0.380273 0.990879 0.175187
v 0.390729 0.990231 0.175182
v 0.401260 0.989515 0.175176
v 0.411864 0.988732 0.175170
v 0.422499 0.987880 0.175164
v 0.433121 0.986960 0.175157
v 0.443729 0.985971 0.175149
v 0.454323 0.984915 0.175141
v 0.464904 0.983790 0.175133
v 0.475471 0.982598 0.175124
v 0.486025 0.981337 0.175114
v 0.496565 0.980008 0.175104
v 0.507092 0.978611 0.175093
v 0.517606 0.977145 0.175082
v 0.528105 0.975612 0.175070
v 0.538591 0.974010 0.175058
v 0.549013 0.972353 0.175046
v 0.559320 0.970654 0.175033
v 0.569512 0.968912 0.175019
v 0.579588 0.967127 0.175006
v 0.589550 0.965299 0.174992
v 0.599396 0.963429 0.174978
v 0.609128 0.961517 0.174963
v 0.618744 0.959562 0.174948
v 0.628245 0.957564 0.174933
v 0.637631 0.955523 0.174918
v 0.646902 0.953441 0.174902
v 0.656058 0.951315 0.174886
v 0.665055 0.949155 0.174869
v 0.673849 0.946970 0.174853
v 0.682439 0.944759 0.174836
v 0.690827 0.942523 0.174819
v 0.699011 0.940261 0.174802
v 0.706993 0.937974 0.174784
v 0.714771 0.935661 0.174767
v 0.722346 0.933322 0.174749
v 0.729718 0.930958 0.174731
v 0.736887 0.928569 0.174713
v 0.743853 0.926153 0.174694
v 0.750616 0.923713 0.174676
vn -0.0000 0.0076 -1.0000
vn -0.0000 -0.0076 1.0000
vn 0.0001 -0.0076 1.0000
vn -0.0001 -0.0076 1.0000
vn -0.0003 -0.0076 1.0000
vn -0.0004 -0.0076 1.0000
vn 0.7170 0.6970 0.0053
vn -0.5345 -0.8451 -0.0064
vn -0.5748 -0.8182 -0.0062
vn -0.9308 -0.3656 -0.0028
vn -0.6205 -0.7842 -0.0060
vn -0.9568 -0.2907 -0.0022
vn 0.9878 0.1555 0.0012
vn 0.2621 -0.9650 -0.0073
vn 0.8181 0.5751 0.0044
vn -0.7305 0.6829 0.0052
vn -0.9808 0.1948 0.0015
vn -0.7206 -0.6933 -0.0053
vn 0.6651 -0.7467 -0.0057
vn 0.1044 -0.9945 -0.0076
vn 0.9949 0.1005 0.0008
vn 0.9625 -0.2713 -0.0021
vn 0.9921 0.1257 0.0010
vn 0.5694 -0.8221 -0.0063
vn -0.7612 0.6484 0.0049
vn -0.8907 0.4546 0.0035
vn -0.0295 0.9995 0.0076
vn -0.0025 1.0000 0.0076
vn 0.5265 -0.8502 -0.0065
vn -0.9948 -0.1021 -0.0008
vn -0.1565 0.9876 0.0075
vn -0.8213 0.5705 0.0043
vn 0.0440 0.9990 0.0076
vn 0.3537 -0.9353 -0.0071
vn 0.9839 0.1789 0.0014
vn -0.0418 0.9991 0.0076
vn -0.1841 -0.9829 -0.0075
vn 0.9982 0.0596 0.0005
vn 0.8929 -0.4502 -0.0034
vn 0.4946 0.8691 0.0066
vn 0.7364 -0.6766 -0.0051
vn -0.7674 0.6411 0.0049
vn -0.2404 0.9706 0.0074
vn 0.1743 -0.9847 -0.0075
vn -0.7983 0.6023 0.0046
vn 0.1021 0.9947 0.0076
vn 0.9947 0.1028 0.0008
vn -0.9898 -0.1427 -0.0011
vn -0.0810 0.9967 0.0076
vn 0.9871 0.1602 0.0012
vn -0.7240 0.6898 0.0052
vn -0.1132 0.9935 0.0076
vn -0.9989 -0.0476 -0.0004
vn -0.8456 0.5339 0.0041
vn 0.8272 -0.5619 -0.0043
vn -0.3170 0.9484 0.0072
vn 0.1840 0.9829 0.0075
vn 0.2893 0.9572 0.0073
vn -0.6866 0.7271 0.0055
vn -0.1227 0.9924 0.0075
vn -0.1682 0.9857 0.0075
vn -0.6407 0.7678 0.0058
vn 0.8854 0.4648 0.0035
vn 0.9760 0.2178 0.0017
vn -0.1621 0.9867 0.0075
vn -0.2730 0.9620 0.0073
vn 0.9996 0.0277 0.0002
vn -0.9809 -0.1943 -0.0015
vn 0.7812 -0.6242 -0.0047
vn 0.7697 -0.6384 -0.0049
vn -0.2244 0.9745 0.0074
vn 0.8267 -0.5627 -0.0043
vn -0.5725 0.8199 0.0062
vn -0.9866 -0.1634 -0.0012
vn -0.9998 -0.0179 -0.0001
vn -0.4180 0.9084 0.0069
vn -0.9880 -0.1543 -0.0012
vn 0.7127 -0.7015 -0.0053
vn 0.2882 -0.9575 -0.0073
vn 0.7715 0.6362 0.0048
vn 0.0140 0.9999 0.0076
vn 0.2760 -0.9611 -0.0073
vn 1.0000 0.0043 -0.0000
vn -0.0274 0.9996 0.0076
vn 0.9997 0.0225 0.0002
vn 0.1982 -0.9801 -0.0075
vn 0.9790 0.2039 0.0016
vn -1.0000 0.0065 -0.0000
vn -0.9753 -0.2208 -0.0017
vn 0.1484 -0.9889 -0.0075
vn -0.3607 0.9326 0.0071
vn 0.1092 -0.9940 -0.0076
vn 0.0636 0.9979 0.0076
vn 0.1255 -0.9921 -0.0075
vn 0.0716 -0.9974 -0.0076
vn 0.9998 -0.0191 -0.0001
vn -0.0657 0.9978 0.0076
vn -0.6667 -0.7453 -0.0057
vn 0.0337 -0.9994 -0.0076
vn -0.4455 0.8953 0.0068
vn -0.9996 0.0291 0.0002
vn 0.2713 -0.9625 -0.0073
vn -0.0080 -0.9999 -0.0076
vn -0.0557 -0.9984 -0.0076
vn -0.9787 -0.2054 -0.0016
vn 0.1297 0.9915 0.0075
vn -0.1300 -0.9915 -0.0075
vn 0.9989 -0.0459 -0.0003
vn -0.1071 0.9942 0.0076
vn -0.5433 0.8395 0.0064
vn -0.2745 0.9616 0.0073
vn -0.9986 0.0528 0.0004
vn 0.9849 0.1729 0.0013
vn -0.1465 0.9892 0.0075
vn 0.3489 0.9371 0.0071
vn -0.9733 -0.2294 -0.0017
vn 0.9966 -0.0830 -0.0006
vn -0.7645 0.6446 0.0049
vn 0.0171 0.9998 0.0076
vn -0.1951 0.9808 0.0075
vn 0.3180 -0.9481 -0.0072
vn -0.0231 0.9997 0.0076
vn 0.9853 -0.1710 -0.0013
vn -0.2818 0.9594 0.0073
vn -0.9951 0.0985 0.0007
vn 0.8058 0.5921 0.0045
vn 0.9927 -0.1203 -0.0009
vn -0.0719 0.9974 0.0076
vn 0.3552 -0.9347 -0.0071
vn -0.0459 -0.9989 -0.0076
vn -0.5657 0.8246 0.0063
vn -0.9737 0.2278 0.0017
vn 0.2374 -0.9714 -0.0074
vn -0.1956 -0.9807 -0.0075
vn 0.3039 -0.9527 -0.0072
vn 0.0678 0.9977 0.0076
vn 0.2238 -0.9746 -0.0074
vn -0.9318 -0.3630 -0.0028
vn -0.1755 0.9844 0.0075
vn 0.1648 -0.9863 -0.0075
vn 0.3760 -0.9266 -0.0070
vn -0.5521 0.8338 0.0063
vn 0.1234 -0.9923 -0.0075
vn -0.9318 0.3630 0.0028
vn 0.0856 -0.9963 -0.0076
vn -0.5870 0.8095 0.0062
vn 0.1186 0.9929 0.0076
vn 0.0483 -0.9988 -0.0076
vn 0.1888 -0.9820 -0.0075
vn 0.3368 -0.9416 -0.0072
vn 0.1685 0.9857 0.0075
vn 0.0080 -0.9999 -0.0076
vn -0.9720 0.2350 0.0018
vn 0.2192 0.9756 0.0074
vn -0.0368 -0.9993 -0.0076
vn 0.4357 -0.9000 -0.0068
vn 0.3690 -0.9294 -0.0071
vn 0.2850 0.9585 0.0073
vn -0.0971 -0.9953 -0.0076
vn -0.5737 0.8190 0.0062
vn 0.1548 -0.9879 -0.0075
vn -0.0378 0.9993 0.0076
vn 0.6172 -0.7868 -0.0060
vn -0.4053 -0.9141 -0.0070
vn 0.0529 -0.9986 -0.0076
vn 0.5634 0.8262 0.0063
vn -0.6235 0.7818 0.0059
vn 0.5829 -0.8125 -0.0062
vn 0.0149 -0.9999 -0.0076
vn 0.5693 -0.8221 -0.0063
vn 0.9721 -0.2348 -0.0018
vn -0.0339 -0.9994 -0.0076
vn 0.8979 0.4402 0.0033
vn 0.4112 -0.9115 -0.0069
vn -0.9198 0.3923 0.0030
vn -0.5948 0.8039 0.0061
vn -0.0867 -0.9962 -0.0076
vn 0.9557 -0.2945 -0.0022
vn 0.9008 0.4343 0.0033
vn -0.8824 0.4705 0.0036
vn -0.1275 -0.9918 -0.0075
vn -0.1792 -0.9838 -0.0075
vn 0.9474 0.3199 0.0024
vn 0.4145 -0.9100 -0.0069
vn -0.9122 0.4097 0.0031
vn -0.1730 -0.9849 -0.0075
vn -0.7174 -0.6966 -0.0053
vn -0.8378 0.5459 0.0042
vn 0.6047 -0.7964 -0.0061
vn 0.8245 -0.5659 -0.0043
vn 0.9853 0.1711 0.0013
vn -0.2290 -0.9734 -0.0074
vn 0.9133 -0.4073 -0.0031
vn 0.7062 -0.7080 -0.0054
vn 0.5745 -0.8185 -0.0062
vn -0.9630 -0.2696 -0.0021
vn -0.9473 -0.3203 -0.0024
vn -0.8383 -0.5452 -0.0041
vn -0.3096 -0.9509 -0.0072
vn 0.9590 -0.2834 -0.0022
vn 0.5660 -0.8244 -0.0063
vn -0.9935 -0.1141 -0.0009
vn -0.0061 1.0000 0.0076
vn -0.7836 0.6212 0.0047
vn 0.9919 0.1270 0.0010
vn 0.4714 -0.8819 -0.0067
vn 0.9997 0.0229 0.0002
vn 0.9295 0.3687 0.0028
vn -0.9610 0.2764 0.0021
vn 0.9927 -0.1204 -0.0009
vn 0.8328 0.5536 0.0042
vn -0.8656 0.5008 0.0038
vn 0.1051 0.9944 0.0076
vn -0.9997 -0.0238 -0.0002
vn 0.8451 -0.5346 -0.0041
vn -0.0935 0.9956 0.0076
vn -0.9841 -0.1774 -0.0013
vn -0.9316 -0.3634 -0.0028
vn 0.9285 -0.3713 -0.0028
vn -0.8184 0.5746 0.0044
vn 0.3824 0.9240 0.0070
vn 0.9076 0.4197 0.0032
vn 0.9366 0.3504 0.0027
vn -0.1685 0.9857 0.0075
vn -0.9927 0.1204 0.0009
vn -0.9127 -0.4085 -0.0031
vn -0.2442 0.9697 0.0074
vn 0.9106 0.4132 0.0031
vn -0.9417 -0.3366 -0.0026
vn 0.9569 0.2905 0.0022
vn -0.7359 0.6771 0.0052
vn 0.8736 0.4866 0.0037
vn -0.8962 -0.4436 -0.0034
vn -0.8867 -0.4624 -0.0035
vn 0.8313 0.5559 0.0042
vn 0.9737 -0.2277 -0.0017
vn 0.8710 -0.4913 -0.0037
vn -0.3488 0.9372 0.0071
vn -0.8461 0.5330 0.0041
vn 0.4334 0.9012 0.0069
vn -0.1887 0.9820 0.0075
vn 0.8029 0.5961 0.0045
vn -0.6471 -0.7624 -0.0058
vn 0.3797 -0.9251 -0.0070
vn 0.7250 0.6887 0.0052
vn -0.9092 -0.4163 -0.0032
vn 0.9167 0.3996 0.0030
vn -0.4239 0.9057 0.0069
vn -0.8432 -0.5376 -0.0041
vn -0.9251 -0.3797 -0.0029
vn 0.2869 -0.9579 -0.0073
vn 0.1989 0.9800 0.0075
vn 0.9523 0.3052 0.0023
vn 0.9207 -0.3902 -0.0030
vn -0.8004 -0.5994 -0.0046
vn 0.8451 0.5346 0.0041
vn 0.2295 -0.9733 -0.0074
vn -0.8932 -0.4497 -0.0034
vn -0.9167 -0.3995 -0.0030
vn 0.7694 -0.6388 -0.0049
vn 0.8897 0.4566 0.0035
vn 0.1738 -0.9848 -0.0075
vn 0.9237 0.3830 0.0029
vn -0.9045 -0.4265 -0.0032
vn 0.6243 -0.7812 -0.0059
vn -0.3527 -0.9357 -0.0071
vn 0.9129 0.4081 0.0031
vn -0.5641 -0.8257 -0.0063
vn 0.7971 0.6038 0.0046
vn 0.1126 -0.9936 -0.0076
vn -0.8640 -0.5034 -0.0038
vn 0.2707 -0.9626 -0.0073
vn 0.8354 0.5497 0.0042
vn 0.9794 0.2021 0.0015
vn -0.9254 -0.3789 -0.0029
vn -0.9329 -0.3602 -0.0027
vn -0.9369 -0.3496 -0.0027
vn -0.8725 -0.4887 -0.0037
vn 0.0487 -0.9988 -0.0076
vn 0.8620 0.5070 0.0039
vn 0.9269 0.3753 0.0029
vn 0.9303 0.3669 0.0028
vn 0.9397 0.3420 0.0026
vn 0.8204 0.5718 0.0043
vn -0.0278 -0.9996 -0.0076
vn -0.9425 -0.3341 -0.0025
vn -0.9474 -0.3200 -0.0024
vn 0.7042 0.7100 0.0054
vn -0.9649 -0.2627 -0.0020
vn 0.8692 0.4945 0.0038
vn -0.0957 -0.9954 -0.0076
vn -0.8250 -0.5651 -0.0043
vn -0.8945 -0.4470 -0.0034
vn 0.9447 0.3281 0.0025
vn 0.9516 0.3074 0.0023
vn -0.9046 -0.4262 -0.0032
vn -0.3664 -0.9304 -0.0071
vn -0.9543 -0.2988 -0.0023
vn -0.9581 -0.2864 -0.0022
vn 0.7444 0.6677 0.0051
vn -0.7963 -0.6049 -0.0046
vn -0.7815 -0.6238 -0.0047
vn 0.8893 0.4573 0.0035
vn 0.9553 0.2955 0.0022
vn 0.9611 0.2761 0.0021
vn -0.8803 -0.4744 -0.0036
vn -0.8491 -0.5283 -0.0040
vn 0.9904 -0.1384 -0.0011
vn -0.9637 -0.2668 -0.0020
vn -0.9668 -0.2556 -0.0019
vn -0.7446 -0.6675 -0.0051
vn -0.9996 -0.0271 -0.0002
vn -0.8464 -0.5326 -0.0041
vn 0.4648 0.8854 0.0067
vn -0.9222 -0.3867 -0.0029
vn -0.9368 0.3500 0.0027
vn 0.9649 0.2624 0.0020
vn 0.9712 0.2381 0.0018
vn 0.5465 0.8374 0.0064
vn -0.9720 -0.2351 -0.0018
vn -0.9749 -0.2225 -0.0017
vn 0.6017 0.7987 0.0061
vn 0.6667 0.7453 0.0057
vn -0.8544 0.5196 0.0040
vn -0.5063 -0.8623 -0.0066
vn 0.8087 -0.5882 -0.0045
vn -0.7860 -0.6182 -0.0047
vn 0.9749 0.2229 0.0017
vn 0.9967 -0.0813 -0.0006
vn -0.8836 -0.4683 -0.0036
vn -0.9916 0.1290 0.0010
vn -0.9895 0.1448 0.0011
vn -0.5743 -0.8186 -0.0062
vn -0.7516 -0.6596 -0.0050
vn 0.9257 -0.3782 -0.0029
vn -0.8526 -0.5226 -0.0040
vn -0.7908 0.6120 0.0047
vn -0.6755 -0.7373 -0.0056
vn 0.4761 0.8794 0.0067
vn 0.9943 -0.1070 -0.0008
vn 0.9895 -0.1445 -0.0011
vn -0.8091 -0.5876 -0.0045
vn 0.5533 0.8329 0.0063
vn 0.8600 -0.5103 -0.0039
vn -0.9856 0.1692 0.0013
vn -0.9815 0.1915 0.0015
vn 0.2825 0.9592 0.0073
vn 0.6087 0.7934 0.0060
vn -0.7454 0.6667 0.0051
vn 0.3577 0.9338 0.0071
vn 0.6766 0.7363 0.0056
vn 0.4117 0.9113 0.0069
vn 0.8254 0.5645 0.0043
vn -0.4976 -0.8674 -0.0066
vn 0.9865 -0.1640 -0.0012
vn 0.9800 -0.1991 -0.0015
vn 0.4625 0.8866 0.0067
vn -0.7054 0.7088 0.0054
vn -0.9732 0.2300 0.0017
vn -0.9678 0.2519 0.0019
vn 0.5208 0.8537 0.0065
vn -0.8960 -0.4440 -0.0034
vn -0.8830 0.4694 0.0036
vn 0.7985 -0.6020 -0.0046
vn -0.2967 -0.9549 -0.0073
vn -0.5660 -0.8244 -0.0063
vn -0.6670 0.7451 0.0057
vn 0.9757 -0.2193 -0.0017
vn 0.9676 -0.2524 -0.0019
vn -0.9533 0.3020 0.0023
vn -0.9423 0.3348 0.0025
vn -0.3696 -0.9292 -0.0071
vn -0.6609 -0.7504 -0.0057
vn -0.6093 0.7929 0.0060
vn -0.4261 -0.9046 -0.0069
vn 0.2930 0.9561 0.0073
vn 0.9603 -0.2791 -0.0021
vn 0.9461 -0.3237 -0.0025
vn 0.3659 0.9306 0.0071
vn 0.7406 -0.6720 -0.0051
vn -0.9219 0.3874 0.0029
vn 0.6172 0.7868 0.0060
vn -0.4909 -0.8712 -0.0066
vn -0.7715 -0.6362 -0.0048
vn 0.4180 0.9084 0.0069
vn 0.6831 -0.7303 -0.0056
vn 0.6908 0.7230 0.0055
vn 0.4694 0.8829 0.0067
vn -0.0076 0.9999 0.0076
vn 0.7844 0.6203 0.0047
vn -0.8176 0.5757 0.0044
vn -0.8898 0.4563 0.0035
vn 0.6476 0.7620 0.0058
vn -0.6618 -0.7497 -0.0057
vn 0.5286 0.8488 0.0065
vn -0.2850 -0.9585 -0.0073
vn 0.0378 0.9993 0.0076
vn 0.8467 -0.5320 -0.0040
vn -0.0465 0.9989 0.0076
vn -0.7535 -0.6575 -0.0050
vn -0.7528 0.6582 0.0050
vn -0.3622 -0.9321 -0.0071
vn -0.8359 -0.5488 -0.0042
vn -0.6782 0.7349 0.0056
vn -0.8704 -0.4923 -0.0037
vn -0.4193 -0.9078 -0.0069
vn 0.0937 0.9956 0.0076
vn -0.7160 -0.6981 -0.0053
vn -0.0862 0.9963 0.0076
vn -0.9243 0.3816 0.0029
vn -0.8203 -0.5720 -0.0044
vn -0.4812 -0.8766 -0.0067
vn 0.7820 -0.6233 -0.0047
vn 0.4297 0.9030 0.0069
vn -0.8072 -0.5903 -0.0045
vn -0.8678 0.4968 0.0038
vn 0.9813 0.1924 0.0015
vn 0.5185 0.8550 0.0065
vn -0.5689 -0.8223 -0.0063
vn 0.1722 0.9850 0.0075
vn -0.5904 0.8071 0.0061
vn 0.5808 0.8140 0.0062
vn 0.9486 -0.3166 -0.0024
vn -0.1272 0.9918 0.0075
vn -0.8931 0.4499 0.0034
vn 0.6390 0.7691 0.0059
vn -0.8269 0.5624 0.0043
vn 0.7197 0.6943 0.0053
vn -0.1676 0.9858 0.0075
vn 0.9263 -0.3769 -0.0029
vn 0.8955 -0.4450 -0.0034
vn -0.5322 -0.8466 -0.0064
vn -0.7618 0.6478 0.0049
vn -0.8183 0.5748 0.0044
vn -0.7909 0.6119 0.0047
vn -0.2349 0.9720 0.0074
vn 0.7190 -0.6950 -0.0053
vn -0.6058 -0.7956 -0.0061
vn 0.8387 -0.5446 -0.0041
vn -0.4939 0.8695 0.0066
vn -0.6872 0.7265 0.0055
vn 0.2644 -0.9644 -0.0073
vn 0.8777 -0.4793 -0.0036
vn 0.8492 -0.5281 -0.0040
vn 0.5507 0.8347 0.0063
vn -0.7212 -0.6927 -0.0053
vn 0.1904 -0.9817 -0.0075
vn -0.6895 0.7243 0.0055
vn -0.3466 0.9380 0.0071
vn 0.1431 -0.9897 -0.0075
vn 0.8320 -0.5548 -0.0042
vn -0.0323 0.9995 0.0076
vn -0.9718 0.2357 0.0018
vn 0.7746 -0.6324 -0.0048
vn 0.1045 -0.9945 -0.0076
vn -0.7319 0.6814 0.0052
vn 0.9768 0.2141 0.0016
vn 0.0670 -0.9977 -0.0076
vn 0.8030 -0.5959 -0.0045
vn 0.6446 -0.7645 -0.0058
vn -0.6032 0.7976 0.0061
vn 0.0286 -0.9996 -0.0076
vn 0.9604 0.2785 0.0021
vn -0.9193 -0.3935 -0.0030
vn 0.8779 0.4788 0.0036
vn -0.0135 -0.9999 -0.0076
vn -0.6315 0.7753 0.0059
vn -0.5867 0.8098 0.0062
vn -0.0624 -0.9980 -0.0076
vn -0.5084 0.8611 0.0066
vn -0.1420 -0.9898 -0.0075
vn 0.7460 -0.6659 -0.0051
vn 0.5513 -0.8343 -0.0063
vn 0.2707 0.9626 0.0073
vn 0.7848 -0.6197 -0.0047
vn 0.8029 0.5960 0.0045
vn -0.3527 0.9357 0.0071
vn 0.9268 0.3755 0.0029
vn -0.4659 0.8848 0.0067
vn 0.4251 -0.9051 -0.0069
vn -0.5049 0.8631 0.0066
vn -0.6139 -0.7894 -0.0060
vn 0.3317 0.9433 0.0072
vn 0.7106 -0.7036 -0.0054
vn -0.3093 0.9509 0.0072
vn -0.3688 0.9295 0.0071
vn 0.7694 0.6388 0.0049
vn -0.9742 -0.2256 -0.0017
vn 0.4807 0.8769 0.0067
vn -0.8009 0.5988 0.0046
vn 0.3384 0.9410 0.0072
vn 0.2301 -0.9731 -0.0074
vn -0.0909 0.9958 0.0076
vn -0.1616 0.9868 0.0075
vn -0.1003 -0.9949 -0.0076
vn 0.6659 0.7460 0.0057
vn -0.9369 -0.3497 -0.0027
vn 0.6758 -0.7371 -0.0056
vn 0.7457 0.6662 0.0051
vn 0.8971 0.4419 0.0034
vn -0.8937 -0.4486 -0.0034
vn -0.5903 -0.8072 -0.0061
vn 0.6340 -0.7733 -0.0059
vn 0.3926 0.9197 0.0070
vn 0.5376 -0.8432 -0.0064
vn 0.9746 0.2239 0.0017
vn -0.6985 -0.7156 -0.0054
vn -0.6622 -0.7493 -0.0057
vn 0.1120 -0.9937 -0.0076
vn 0.6699 0.7424 0.0056
vn -0.4774 -0.8787 -0.0067
vn -0.3761 0.9266 0.0070
vn 0.5824 -0.8129 -0.0062
vn 0.8379 0.5457 0.0042
vn 0.6592 -0.7520 -0.0057
vn -0.7865 -0.6176 -0.0047
vn 0.4064 -0.9137 -0.0070
vn -0.9847 0.1741 0.0013
vn 0.5561 -0.8311 -0.0063
vn 0.5411 -0.8409 -0.0064
vn -0.9070 0.4212 0.0032
vn 0.1987 -0.9800 -0.0075
vn -0.1694 -0.9855 -0.0075
vn 0.9139 -0.4059 -0.0031
vn -0.8004 0.5995 0.0046
vn 0.7213 -0.6926 -0.0053
vn 0.3825 -0.9239 -0.0070
vn -0.8362 0.5484 0.0042
vn 0.4428 0.8966 0.0068
vn -0.2372 0.9714 0.0074
vn -0.8711 -0.4911 -0.0037
vn 0.1088 0.9940 0.0076
vn 0.1944 -0.9809 -0.0075
vn 0.8661 -0.4999 -0.0038
vn 0.9402 -0.3406 -0.0026
vn 0.6429 -0.7659 -0.0058
vn -0.0584 -0.9983 -0.0076
vn -0.7578 0.6524 0.0050
vn -0.9978 -0.0668 -0.0005
vn -0.4095 0.9123 0.0069
vn 0.9972 0.0750 0.0006
vn 0.4935 -0.8697 -0.0066
vn -0.9442 0.3294 0.0025
vn -0.4503 -0.8929 -0.0068
vn 0.8204 -0.5718 -0.0043
vn 0.9793 0.2025 0.0015
vn 0.6745 0.7382 0.0056
vn 0.2878 -0.9577 -0.0073
vn -0.6569 0.7540 0.0057
vn 0.4981 0.8671 0.0066
vn 0.8635 0.5043 0.0038
vn 0.1295 -0.9916 -0.0075
vn 0.9930 0.1183 0.0009
vn 0.7696 -0.6384 -0.0049
vn -0.0695 0.9976 0.0076
vn -0.5318 0.8468 0.0064
vn 0.9847 -0.1743 -0.0013
vn 0.9881 0.1537 0.0012
vn -0.3280 -0.9447 -0.0072
vn -0.9728 -0.2315 -0.0018
vn -0.1610 0.9869 0.0075
vn 0.8908 0.4545 0.0035
vn -0.3913 -0.9203 -0.0070
vn -0.1265 0.9919 0.0075
vn -0.4165 0.9091 0.0069
vn 0.7592 0.6509 0.0050
vn -0.6860 0.7276 0.0055
vn 0.9849 0.1728 0.0013
vn -0.4463 -0.8948 -0.0068
vn -0.6868 -0.7269 -0.0055
vn 0.4274 0.9040 0.0069
vn 0.5522 0.8337 0.0063
vn -0.2523 0.9676 0.0074
vn 0.2208 0.9753 0.0074
vn -0.2716 0.9624 0.0073
vn -0.5221 -0.8529 -0.0065
vn -0.1794 0.9838 0.0075
vn 0.8472 0.5313 0.0040
vn 0.5037 0.8638 0.0066
vn -0.0310 0.9995 0.0076
vn -0.8607 0.5091 0.0039
vn -0.7758 -0.6310 -0.0048
vn -0.9887 -0.1498 -0.0011
vn -0.2821 0.9594 0.0073
vn 0.7042 -0.7099 -0.0054
vn -0.7947 0.6070 0.0046
vn -0.8536 -0.5209 -0.0040
vn 0.7259 0.6877 0.0052
vn 0.6196 -0.7849 -0.0060
vn 0.7754 -0.6315 -0.0048
vn -0.1110 0.9938 0.0076
vn -0.3325 0.9431 0.0072
vn 0.9800 0.1991 0.0015
vn -0.6837 -0.7298 -0.0056
vn 0.8698 -0.4933 -0.0038
vn -0.9132 0.4076 0.0031
vn -0.9130 -0.4080 -0.0031
vn -0.9854 -0.1700 -0.0013
vn -0.7237 0.6901 0.0052
vn 0.8518 0.5239 0.0040
vn 0.9078 -0.4195 -0.0032
vn 0.9770 0.2132 0.0016
vn 0.4547 -0.8906 -0.0068
vn -0.8476 0.5307 0.0040
vn 0.9214 0.3886 0.0030
vn -0.9800 -0.1989 -0.0015
vn -0.3736 0.9276 0.0071
vn 0.8056 -0.5924 -0.0045
vn 0.8054 -0.5927 -0.0045
vn 0.2468 -0.9690 -0.0074
vn -0.6488 0.7609 0.0058
vn -0.7646 -0.6445 -0.0049
vn 0.9736 0.2283 0.0017
vn -0.4277 0.9039 0.0069
vn 0.9719 0.2354 0.0018
vn 0.0774 -0.9970 -0.0076
vn 0.8605 -0.5095 -0.0039
vn -0.9780 -0.2086 -0.0016
vn -0.4985 0.8669 0.0066
vn 0.9466 0.3224 0.0025
vn -0.7696 0.6385 0.0049
vn 0.3489 -0.9371 -0.0071
vn 0.7436 -0.6686 -0.0051
vn -0.2745 -0.9616 -0.0073
vn 0.9951 -0.0991 -0.0008
vn -0.5833 0.8123 0.0062
vn -0.5582 0.8297 0.0063
vn 0.9976 0.0698 0.0005
vn -0.9727 -0.2322 -0.0018
vn -0.9785 -0.2062 -0.0016
vn 0.8146 -0.5800 -0.0044
vn -0.9747 -0.2237 -0.0017
vn -0.6331 0.7740 0.0059
vn -0.6684 0.7438 0.0057
vn -0.9350 -0.3546 -0.0027
vn -0.4441 0.8959 0.0068
vn 0.9742 0.2258 0.0017
vn 0.4279 -0.9038 -0.0069
vn -0.5514 0.8342 0.0063
vn 0.9380 0.3467 0.0026
vn 0.0850 -0.9964 -0.0076
vn -0.1493 -0.9888 -0.0075
vn 0.7275 0.6860 0.0052
vn -0.9489 -0.3156 -0.0024
vn 0.5221 -0.8528 -0.0065
vn 0.7619 -0.6477 -0.0049
vn -0.6748 0.7380 0.0056
vn 0.8668 0.4986 0.0038
vn 0.2615 -0.9652 -0.0073
vn -0.4343 0.9007 0.0069
vn 0.9503 0.3113 0.0024
vn -0.2628 0.9648 0.0073
vn -0.9593 -0.2824 -0.0021
vn -0.7807 -0.6248 -0.0048
vn 0.5876 -0.8092 -0.0062
vn 0.1781 0.9840 0.0075
vn 0.2223 -0.9749 -0.0074
vn -0.7098 0.7043 0.0054
vn 0.4850 0.8745 0.0067
vn 0.2987 -0.9543 -0.0073
vn -0.2857 0.9583 0.0073
vn 0.9600 0.2800 0.0021
vn 0.9878 -0.1559 -0.0012
vn -0.9704 -0.2416 -0.0018
vn -0.9678 -0.2517 -0.0019
vn 0.3135 -0.9495 -0.0072
vn 0.3334 -0.9428 -0.0072
vn 0.9849 0.1730 0.0013
vn -0.5463 0.8375 0.0064
vn -0.5549 0.8319 0.0063
vn -0.7374 0.6754 0.0051
vn -0.0836 0.9965 0.0076
vn 0.9700 0.2431 0.0018
vn 0.6745 -0.7382 -0.0056
vn 0.6956 -0.7184 -0.0055
vn -0.9759 -0.2183 -0.0017
vn 0.9937 0.1124 0.0009
vn 0.6075 -0.7943 -0.0060
vn 0.3521 -0.9359 -0.0071
vn 0.3665 -0.9304 -0.0071
vn -0.7700 0.6380 0.0049
vn -0.7729 -0.6345 -0.0048
vn 0.2427 0.9701 0.0074
vn -0.9884 0.1516 0.0012
vn 0.5890 -0.8081 -0.0061
vn -0.9887 0.1499 0.0011
vn -0.5683 0.8228 0.0063
vn -0.9634 0.2680 0.0020
vn -0.8385 -0.5448 -0.0041
vn 0.4327 -0.9015 -0.0069
vn 0.9905 -0.1375 -0.0010
vn 0.9758 -0.2187 -0.0017
vn 0.9976 0.0692 0.0005
vn 0.4770 -0.8789 -0.0067
vn 0.2306 -0.9730 -0.0074
vn -0.9799 0.1994 0.0015
vn 0.3737 -0.9275 -0.0071
vn -0.5764 0.8171 0.0062
vn 0.7250 -0.6888 -0.0052
vn -0.5896 0.8077 0.0061
vn -0.9962 -0.0871 -0.0007
vn -0.4414 -0.8973 -0.0068
vn 0.0482 -0.9988 -0.0076
vn -0.8089 0.5880 0.0045
vn -0.4843 0.8749 0.0067
vn 0.9814 -0.1922 -0.0015
vn 0.3155 -0.9489 -0.0072
vn -0.9659 0.2591 0.0020
vn 0.4025 -0.9154 -0.0070
vn -0.5763 0.8172 0.0062
vn -0.5973 0.8020 0.0061
vn -0.9249 0.3803 0.0029
vn 0.9994 0.0336 0.0003
vn 0.0583 -0.9983 -0.0076
vn -0.6274 0.7787 0.0059
vn 0.9695 -0.2449 -0.0019
vn 0.7712 -0.6366 -0.0048
vn 0.6378 0.7702 0.0059
vn -0.9384 0.3456 0.0026
vn 0.6004 -0.7996 -0.0061
vn -0.9993 -0.0373 -0.0003
vn 0.7059 0.7083 0.0054
vn 0.4406 -0.8977 -0.0068
vn 0.9612 -0.2759 -0.0021
vn -0.8596 0.5109 0.0039
vn -0.6348 -0.7726 -0.0059
vn 0.5327 -0.8463 -0.0064
vn 0.6131 -0.7900 -0.0060
vn 0.5735 -0.8191 -0.0062
vn -0.6698 0.7425 0.0056
vn 0.9491 -0.3148 -0.0024
vn 0.8140 -0.5808 -0.0044
vn 0.6062 0.7953 0.0061
vn 0.5783 -0.8158 -0.0062
vn 0.5649 -0.8251 -0.0063
vn 0.8074 0.5900 0.0045
vn 0.6828 0.7305 0.0056
vn -0.7310 -0.6824 -0.0052
vn 0.5939 -0.8045 -0.0061
vn 0.7721 0.6355 0.0048
vn 0.5682 -0.8229 -0.0063
vn 0.9999 0.0101 0.0001
vn -0.7065 0.7077 0.0054
vn -0.6745 -0.7382 -0.0056
vn -0.9999 -0.0114 -0.0001
vn -0.8170 -0.5766 -0.0044
vn 0.9495 0.3138 0.0024
vn 0.4648 -0.8854 -0.0067
vn -0.8767 0.4810 0.0037
vn -0.9061 0.4230 0.0032
vn -0.8853 0.4650 0.0035
vn 0.9865 0.1640 0.0012
vn -0.7647 -0.6443 -0.0049
vn 0.9999 -0.0131 -0.0001
vn -0.7339 0.6792 0.0052
vn -0.9999 0.0119 0.0001
vn 1.0000 -0.0000 -0.0000
vn -0.8449 -0.5349 -0.0041
vn 0.8836 -0.4683 -0.0036
vn 0.9182 -0.3960 -0.0030
vn 0.9338 -0.3578 -0.0027
vn -0.8097 0.5868 0.0045
vn 0.9943 0.1063 0.0008
vn -0.9189 0.3944 0.0030
vn -0.8315 0.5555 0.0042
vn -0.8602 0.5100 0.0039
vn 0.9993 -0.0382 -0.0003
vn -0.7656 0.6433 0.0049
vn -0.9455 -0.3257 -0.0025
vn 0.9388 0.3443 0.0026
vn -0.9994 0.0349 0.0003
vn -0.8581 0.5135 0.0039
vn -0.8117 0.5841 0.0044
vn 0.8377 -0.5461 -0.0042
vn -0.9982 0.0602 0.0005
vn -0.7176 0.6964 0.0053
vn 0.9319 0.3626 0.0028
vn -0.9955 -0.0945 -0.0007
vn 0.9016 -0.4325 -0.0033
vn -0.7764 0.6303 0.0048
vn 0.9974 -0.0726 -0.0006
vn 0.8548 -0.5189 -0.0039
vn 0.8798 -0.4753 -0.0036
vn 0.0035 1.0000 0.0076
vn 0.7914 -0.6113 -0.0047
vn 0.9979 0.0644 0.0005
vn -0.7806 0.6250 0.0048
vn 0.8536 -0.5209 -0.0040
vn -0.9397 -0.3420 -0.0026
vn -0.0322 0.9995 0.0076
vn -0.6175 0.7865 0.0060
vn 0.7307 -0.6827 -0.0052
vn -0.9295 -0.3688 -0.0028
vn -0.8035 0.5953 0.0045
vn 0.0557 0.9984 0.0076
vn 0.9403 0.3404 0.0026
vn 0.8088 -0.5880 -0.0045
vn 0.9195 0.3932 0.0030
vn -0.0960 0.9954 0.0076
vn -0.4929 0.8701 0.0066
vn -0.6793 0.7339 0.0056
vn 0.9108 0.4129 0.0031
vn 0.8122 -0.5833 -0.0044
vn -0.9101 -0.4145 -0.0032
vn -0.9228 -0.3854 -0.0029
vn 0.7196 0.6943 0.0053
vn -0.9991 -0.0417 -0.0003
vn 0.1057 0.9944 0.0076
vn 0.7296 -0.6838 -0.0052
vn 0.9680 0.2511 0.0019
vn -0.2046 0.9788 0.0074
vn -0.3530 0.9356 0.0071
vn 0.9995 0.0306 0.0002
vn -0.5696 0.8219 0.0063
vn 0.8796 0.4758 0.0036
vn 0.8936 0.4488 0.0034
vn -0.8525 0.5227 0.0040
vn 0.8147 0.5798 0.0044
vn -0.9015 -0.4327 -0.0033
vn 0.1570 0.9876 0.0075
vn -0.9566 -0.2913 -0.0022
vn -0.8822 -0.4709 -0.0036
vn 0.2058 0.9786 0.0074
vn 0.7540 -0.6569 -0.0050
vn 0.2664 0.9638 0.0073
vn 0.7764 -0.6302 -0.0048
vn 0.8378 0.5460 0.0042
vn 0.8444 0.5358 0.0041
vn 0.1259 -0.9920 -0.0075
vn 0.8202 -0.5720 -0.0044
vn -0.4507 0.8926 0.0068
vn 0.5803 -0.8144 -0.0062
vn -0.8672 -0.4979 -0.0038
vn 0.8679 0.4967 0.0038
vn 0.0429 -0.9991 -0.0076
vn -0.2159 0.9764 0.0074
vn -0.9999 -0.0146 -0.0001
vn -0.2982 0.9545 0.0073
vn 0.9318 0.3630 0.0028
vn 0.8250 0.5651 0.0043
vn 0.0063 -1.0000 -0.0076
vn 1.0000 0.0072 0.0001
vn 0.4133 0.9106 0.0069
vn -0.8878 -0.4602 -0.0035
vn 0.1846 0.9828 0.0075
vn -0.1263 0.9920 0.0075
vn -0.0480 -0.9988 -0.0076
vn -1.0000 0.0092 0.0001
vn -0.9590 -0.2833 -0.0022
vn 0.6861 -0.7275 -0.0055
vn -0.8363 -0.5482 -0.0042
vn -0.0967 -0.9953 -0.0076
vn 0.9999 -0.0161 -0.0001
vn -0.8422 -0.5392 -0.0041
vn 0.8506 0.5259 0.0040
vn -0.9995 0.0321 0.0002
vn -0.5041 0.8636 0.0066
vn -0.1380 -0.9904 -0.0075
vn 0.7563 0.6543 0.0050
vn 0.8952 0.4457 0.0034
vn -0.1860 -0.9825 -0.0075
vn 0.6542 -0.7563 -0.0058
vn 0.9991 -0.0420 -0.0003
vn 0.5950 -0.8037 -0.0061
vn -0.8445 -0.5356 -0.0041
vn -0.9984 0.0564 0.0004
vn -0.2459 -0.9693 -0.0074
vn 0.5107 -0.8598 -0.0065
vn -0.9177 -0.3973 -0.0030
vn -0.3364 -0.9417 -0.0072
vn 0.9970 -0.0777 -0.0006
vn 0.4087 -0.9126 -0.0069
vn 0.3223 -0.9466 -0.0072
vn 0.0104 0.9999 0.0076
vn -0.0298 0.9995 0.0076
vn -0.3172 -0.9483 -0.0072
vn -0.0276 0.9996 0.0076
vn 0.2131 -0.9770 -0.0074
vn 0.9175 0.3978 0.0030
vn 0.8354 0.5496 0.0042
vn 0.0167 -0.9998 -0.0076
vn -0.9090 -0.4168 -0.0032
vn -0.8035 -0.5952 -0.0045
vn 0.1527 -0.9882 -0.0075
vn 0.9891 0.1469 0.0011
vn -0.8930 -0.4500 -0.0034
vn 0.0729 0.9973 0.0076
vn -0.4200 0.9075 0.0069
vn -0.0838 0.9965 0.0076
vn -0.9928 -0.1200 -0.0009
vn 0.8059 0.5921 0.0045
vn -0.1125 0.9936 0.0076
vn -0.8588 -0.5123 -0.0039
vn -0.5372 0.8434 0.0064
vn 0.1541 0.9880 0.0075
vn -0.7674 -0.6412 -0.0049
vn 0.0618 0.9981 0.0076
vn -0.1366 0.9906 0.0075
vn -0.9318 -0.3629 -0.0028
vn -0.8668 -0.4987 -0.0038
vn 0.2684 0.9633 0.0073
vn -0.6031 0.7976 0.0061
vn -0.1899 0.9818 0.0075
vn -0.8077 -0.5896 -0.0045
vn -0.1873 0.9823 0.0075
vn 0.4174 0.9087 0.0069
vn 0.4888 -0.8724 -0.0066
vn -0.1971 0.9804 0.0075
vn 0.5083 0.8612 0.0066
vn -0.6493 0.7605 0.0058
vn 0.1122 0.9937 0.0076
vn 0.7184 0.6956 0.0053
vn 0.5739 0.8189 0.0062
vn 0.7369 0.6760 0.0051
vn 0.1627 0.9866 0.0075
vn 0.8764 0.4817 0.0037
vn 0.6305 0.7762 0.0059
vn -0.2690 0.9631 0.0073
vn 0.2124 0.9771 0.0074
vn -0.2905 0.9569 0.0073
vn -0.8199 -0.5725 -0.0044
vn 0.7083 0.7059 0.0054
vn 0.5680 -0.8230 -0.0063
vn 0.2755 0.9613 0.0073
vn -0.9018 -0.4321 -0.0033
vn -0.5408 -0.8411 -0.0064
vn -0.3771 0.9261 0.0070
vn 0.1401 -0.9901 -0.0075
vn 0.6754 0.7375 0.0056
vn -0.6191 -0.7853 -0.0060
vn 0.0478 -0.9988 -0.0076
vn 0.9809 0.1943 0.0015
vn 0.8034 0.5954 0.0045
vn 0.3561 -0.9344 -0.0071
vn -0.9843 -0.1763 -0.0013
vn -0.7785 -0.6276 -0.0048
vn -0.7369 -0.6760 -0.0051
vn 0.6187 -0.7856 -0.0060
vn 0.0106 -0.9999 -0.0076
vn -0.8769 -0.4806 -0.0037
vn 0.2712 -0.9625 -0.0073
vn -0.7201 0.6939 0.0053
vn -0.7366 -0.6763 -0.0051
vn 0.3225 0.9465 0.0072
vn -0.0410 -0.9991 -0.0076
vn -0.3857 0.9226 0.0070
vn -0.8391 -0.5439 -0.0041
vn 0.3861 0.9224 0.0070
vn 0.2152 -0.9765 -0.0074
vn 0.4533 0.8913 0.0068
vn 0.4367 0.8996 0.0068
vn 0.9912 0.1323 0.0010
vn -0.0917 -0.9958 -0.0076
vn 0.5383 0.8427 0.0064
vn 0.4907 0.8713 0.0066
vn -0.7487 0.6629 0.0050
vn 0.9583 0.2858 0.0022
vn 0.5948 0.8039 0.0061
vn -0.2451 -0.9695 -0.0074
vn 0.1596 -0.9871 -0.0075
vn -0.1327 -0.9911 -0.0075
vn 0.9729 0.2311 0.0018
vn 0.6571 0.7537 0.0057
vn -0.9773 -0.2117 -0.0016
vn 0.7434 0.6688 0.0051
vn -0.3372 -0.9414 -0.0072
vn 0.9560 0.2933 0.0022
vn -0.1795 -0.9837 -0.0075
vn -0.5150 -0.8572 -0.0065
vn 0.0981 -0.9951 -0.0076
vn 0.9964 0.0844 0.0006
vn -0.3984 -0.9172 -0.0070
vn 0.7081 -0.7061 -0.0054
vn -0.2372 -0.9714 -0.0074
vn 0.9972 -0.0753 -0.0006
vn -0.5825 -0.8128 -0.0062
vn -0.7837 0.6211 0.0047
vn -0.2680 -0.9634 -0.0073
vn -0.4539 -0.8910 -0.0068
vn -0.3226 -0.9465 -0.0072
vn 0.2045 -0.9788 -0.0074
vn -0.6905 -0.7233 -0.0055
vn -0.0442 -0.9990 -0.0076
vn -0.5341 0.8454 0.0064
vn -0.5332 -0.8460 -0.0064
vn -0.0181 0.9998 0.0076
vn 0.2717 0.9624 0.0073
vn -0.1466 -0.9892 -0.0075
vn -0.9978 -0.0664 -0.0005
vn 0.3493 0.9370 0.0071
vn -0.8527 0.5224 0.0040
vn 0.4054 0.9141 0.0070
vn -0.4494 -0.8933 -0.0068
vn 0.9989 0.0459 0.0003
vn 0.0886 0.9960 0.0076
vn 0.4558 0.8901 0.0068
vn 0.7537 -0.6572 -0.0050
vn -0.1031 0.9946 0.0076
vn 0.5131 0.8583 0.0065
vn 0.9981 -0.0617 -0.0005
vn 0.8773 -0.4800 -0.0037
vn -0.8262 0.5633 0.0043
vn 0.2930 -0.9561 -0.0073
vn -0.3078 -0.9514 -0.0072
vn -0.8944 -0.4472 -0.0034
vn -0.7869 0.6170 0.0047
vn -0.9910 -0.1339 -0.0010
vn 0.7967 -0.6044 -0.0046
vn 0.3242 0.9460 0.0072
vn 0.3298 -0.9440 -0.0072
vn -0.3769 -0.9262 -0.0070
vn -0.9958 0.0911 0.0007
vn -0.1779 0.9840 0.0075
vn -0.5576 0.8301 0.0063
vn 0.8141 -0.5808 -0.0044
vn -0.9996 -0.0276 -0.0002
vn -0.4329 -0.9014 -0.0069
vn -0.9133 0.4073 0.0031
vn -0.7133 0.7008 0.0053
vn -0.6382 0.7699 0.0059
vn 0.9998 0.0189 0.0001
vn -0.2565 0.9665 0.0074
vn -0.5009 -0.8655 -0.0066
vn 0.9447 -0.3278 -0.0025
vn -1.0000 -0.0016 -0.0000
vn -0.8758 0.4826 0.0037
vn -0.8375 0.5464 0.0042
vn 0.7867 0.6174 0.0047
vn 0.3638 -0.9314 -0.0071
vn -0.8094 0.5872 0.0045
vn 0.9566 0.2916 0.0022
vn 1.0000 -0.0043 -0.0000
vn -0.3628 0.9318 0.0071
vn 0.7516 -0.6596 -0.0050
vn 0.9781 -0.2084 -0.0016
vn -0.7787 0.6274 0.0048
vn -0.5469 0.8372 0.0064
vn -0.9998 0.0203 0.0002
vn -0.9550 0.2967 0.0023
vn 0.8546 -0.5193 -0.0040
vn 0.7738 0.6334 0.0048
vn 0.3679 -0.9299 -0.0071
vn -0.5791 0.8152 0.0062
vn -0.7434 0.6688 0.0051
vn 0.8765 -0.4814 -0.0037
vn -0.4251 0.9051 0.0069
vn 0.9996 -0.0284 -0.0002
vn -0.7346 0.6785 0.0052
vn -0.9713 -0.2377 -0.0018
vn -0.9991 0.0432 0.0003
vn 0.2779 -0.9606 -0.0073
vn 0.3934 -0.9193 -0.0070
vn 0.7892 -0.6141 -0.0047
vn 0.2224 -0.9749 -0.0074
vn 0.4579 -0.8890 -0.0068
vn -0.6689 0.7434 0.0057
vn 0.8126 -0.5828 -0.0044
vn 0.9983 -0.0585 -0.0004
vn -0.9005 -0.4348 -0.0033
vn -0.5018 0.8649 0.0066
vn -0.6961 0.7179 0.0055
vn -0.9973 0.0731 0.0006
vn 0.1668 -0.9860 -0.0075
vn 0.5961 -0.8029 -0.0061
vn -0.0101 0.9999 0.0076
vn -0.6547 0.7559 0.0058
vn 0.9688 0.2479 0.0019
vn 0.5725 -0.8199 -0.0062
vn 0.0369 0.9993 0.0076
vn 0.1050 -0.9944 -0.0076
vn -0.0469 0.9989 0.0076
vn 0.5638 -0.8259 -0.0063
vn 0.7551 -0.6556 -0.0050
vn -0.5917 0.8062 0.0061
vn -0.1344 0.9909 0.0075
vn 0.0389 -0.9992 -0.0076
vn -0.5790 0.8153 0.0062
vn 0.2541 0.9672 0.0074
vn -0.9000 0.4358 0.0033
vn 0.6982 -0.7159 -0.0054
vn -0.2276 0.9737 0.0074
vn -0.0359 -0.9993 -0.0076
vn -0.0176 0.9998 0.0076
vn 0.0863 0.9962 0.0076
vn 0.1380 0.9904 0.0075
vn 0.1866 0.9824 0.0075
vn -0.1152 -0.9933 -0.0076
vn 0.9193 0.3935 0.0030
vn 0.0256 0.9996 0.0076
vn 0.6840 -0.7295 -0.0055
vn 0.2412 0.9705 0.0074
vn 0.9392 -0.3435 -0.0026
vn -0.0558 0.9984 0.0076
vn 0.3162 0.9487 0.0072
vn -0.4075 -0.9132 -0.0069
vn 0.2018 -0.9794 -0.0075
vn 0.7274 -0.6862 -0.0052
vn -0.8549 0.5188 0.0039
vn -0.4784 0.8781 0.0067
vn 0.0776 0.9970 0.0076
vn 0.6007 -0.7995 -0.0061
vn 0.0859 -0.9963 -0.0076
vn -0.8498 -0.5270 -0.0040
vn 0.6156 0.7880 0.0060
vn -0.0966 0.9953 0.0076
vn -0.7992 -0.6011 -0.0046
vn 0.9411 0.3382 0.0026
vn -0.3218 0.9468 0.0072
vn 0.0285 -0.9996 -0.0076
vn 0.9949 -0.1008 -0.0008
vn 0.0338 0.9994 0.0076
vn -0.9995 0.0317 0.0002
vn -0.8049 0.5934 0.0045
vn 0.1500 0.9887 0.0075
vn 0.4931 -0.8699 -0.0066
vn -0.0116 -0.9999 -0.0076
vn 0.6549 -0.7557 -0.0057
vn -0.0682 -0.9976 -0.0076
vn -0.9250 0.3800 0.0029
vn 0.8887 -0.4586 -0.0035
vn -0.8977 -0.4407 -0.0034
vn -0.1788 0.9839 0.0075
vn 0.3412 -0.9400 -0.0072
vn -0.9377 -0.3474 -0.0026
vn -0.3762 -0.9265 -0.0070
vn -0.1120 -0.9937 -0.0076
vn 0.9354 -0.3537 -0.0027
vn -0.2574 0.9663 0.0074
vn -0.8459 0.5333 0.0041
vn 0.5645 -0.8254 -0.0063
vn 0.0956 -0.9954 -0.0076
vn -0.1546 -0.9879 -0.0075
vn 0.9221 0.3869 0.0029
vn 0.6277 0.7784 0.0059
vn -0.7843 0.6203 0.0047
vn 0.2431 -0.9700 -0.0074
vn 0.6985 0.7156 0.0054
vn -0.2067 -0.9784 -0.0074
vn 0.4431 -0.8965 -0.0068
vn 0.1764 -0.9843 -0.0075
vn 0.7961 0.6051 0.0046
vn -0.9204 -0.3911 -0.0030
vn -0.5609 -0.8279 -0.0063
vn 0.1330 -0.9911 -0.0075
vn -0.6486 -0.7611 -0.0058
vn -0.2750 -0.9614 -0.0073
vn 0.8683 -0.4961 -0.0038
vn 0.0950 -0.9955 -0.0076
vn -0.7399 0.6727 0.0051
vn 0.0578 -0.9983 -0.0076
vn -0.7419 -0.6705 -0.0051
vn 0.0306 0.9995 0.0076
vn 0.8973 0.4413 0.0034
vn 0.2601 -0.9656 -0.0073
vn 0.0184 -0.9998 -0.0076
vn -0.0630 0.9980 0.0076
vn -0.7008 0.7134 0.0054
vn 0.8526 0.5225 0.0040
vn -0.0329 -0.9994 -0.0076
vn -0.0249 -0.9997 -0.0076
vn -0.8266 -0.5627 -0.0043
vn -0.8985 -0.4389 -0.0033
vn 0.6569 0.7539 0.0057
vn -0.0773 -0.9970 -0.0076
vn 0.7317 0.6816 0.0052
vn -0.1676 -0.9858 -0.0075
vn 0.7572 0.6531 0.0050
vn 0.1604 0.9870 0.0075
vn 0.8056 -0.5925 -0.0045
vn -0.6057 -0.7957 -0.0061
vn 0.1131 0.9936 0.0076
vn -0.8769 0.4807 0.0037
vn -0.1403 0.9901 0.0075
vn -0.6613 0.7501 0.0057
vn -0.8617 -0.5075 -0.0039
vn -0.4987 0.8668 0.0066
vn 0.8741 0.4858 0.0037
vn 0.8282 0.5604 0.0043
vn 0.5648 0.8252 0.0063
vn -0.6007 0.7995 0.0061
vn 0.9368 0.3498 0.0027
vn -0.7098 -0.7044 -0.0054
vn -0.2152 0.9765 0.0074
vn 0.8298 0.5581 0.0042
vn 0.6789 0.7342 0.0056
vn 0.8895 -0.4569 -0.0035
vn -0.8815 -0.4723 -0.0036
vn 0.8889 0.4581 0.0035
vn -0.8006 0.5991 0.0046
vn -0.3079 0.9514 0.0072
vn 0.7478 -0.6639 -0.0051
vn -0.7970 -0.6040 -0.0046
vn -0.8664 0.4994 0.0038
vn 0.6907 -0.7231 -0.0055
vn -0.9533 -0.3021 -0.0023
vn -0.0126 0.9999 0.0076
vn -0.9003 0.4353 0.0033
vn 0.8435 -0.5372 -0.0041
vn 0.9054 0.4246 0.0032
vn 0.9432 0.3321 0.0025
vn -0.7024 0.7118 0.0054
vn 0.4154 -0.9096 -0.0069
vn 0.9000 0.4358 0.0033
vn 0.9201 -0.3917 -0.0030
vn -0.0342 -0.9994 -0.0076
vn 0.0316 0.9995 0.0076
vn 0.7674 0.6411 0.0049
vn -0.8264 0.5631 0.0043
vn 0.5477 -0.8367 -0.0064
vn 0.3212 -0.9470 -0.0072
vn -0.0512 0.9987 0.0076
vn -0.8398 -0.5429 -0.0041
vn -0.6086 -0.7935 -0.0060
vn 0.7972 -0.6037 -0.0046
vn 0.8903 -0.4554 -0.0035
vn 0.9513 0.3082 0.0023
vn 0.2506 -0.9681 -0.0074
vn 0.8718 -0.4898 -0.0037
vn -0.9250 -0.3800 -0.0029
vn -0.6026 0.7980 0.0061
vn 0.0855 0.9963 0.0076
vn -0.9134 -0.4071 -0.0031
vn -0.7453 0.6667 0.0051
vn -0.9974 0.0717 0.0005
vn 0.1939 -0.9810 -0.0075
vn -0.0913 0.9958 0.0076
vn -0.4799 0.8773 0.0067
vn 0.8447 0.5353 0.0041
vn 0.8262 -0.5633 -0.0043
vn 0.1370 -0.9905 -0.0075
vn 0.1609 0.9869 0.0075
vn -0.7978 -0.6029 -0.0046
vn -0.4931 0.8700 0.0066
vn -0.1319 0.9912 0.0075
vn -0.8899 -0.4561 -0.0035
vn 0.9997 -0.0230 -0.0002
vn 0.7633 0.6460 0.0049
vn 0.0753 -0.9971 -0.0076
vn -0.9997 0.0233 0.0002
vn 0.7379 -0.6749 -0.0051
vn -0.1731 0.9849 0.0075
vn -0.3279 0.9447 0.0072
vn 0.7305 -0.6829 -0.0052
vn -0.6446 0.7645 0.0058
vn 0.9978 0.0658 0.0005
vn -0.2460 0.9693 0.0074
vn 0.2616 0.9651 0.0073
vn -0.0039 -1.0000 -0.0076
vn -0.1910 0.9816 0.0075
vn 0.2535 -0.9673 -0.0074
vn 0.9974 -0.0719 -0.0005
vn -0.0695 -0.9976 -0.0076
vn 0.1830 -0.9831 -0.0075
vn -0.7628 -0.6466 -0.0049
vn 0.9166 0.3998 0.0030
vn 0.1380 -0.9904 -0.0075
vn 0.7773 -0.6291 -0.0048
vn -0.9009 0.4340 0.0033
vn -0.2501 -0.9682 -0.0074
vn 0.0997 -0.9950 -0.0076
vn 0.6271 0.7790 0.0059
vn 0.0625 -0.9980 -0.0076
vn -0.5663 0.8241 0.0063
vn -0.5932 -0.8050 -0.0061
vn 0.0236 -0.9997 -0.0076
vn 0.9163 0.4005 0.0030
vn -0.0191 -0.9998 -0.0076
vn -0.8627 -0.5057 -0.0038
vn 0.9105 0.4134 0.0031
vn -0.9399 -0.3414 -0.0026
vn -0.9761 -0.2174 -0.0017
vn -0.0692 -0.9976 -0.0076
vn -0.1545 -0.9880 -0.0075
vn -0.5162 0.8564 0.0065
vn -0.9709 0.2396 0.0018
vn 0.1915 0.9815 0.0075
vn 0.8687 -0.4953 -0.0038
vn -0.4278 0.9038 0.0069
vn -0.3971 0.9177 0.0070
vn -0.9196 -0.3928 -0.0030
vn 0.9706 -0.2406 -0.0018
vn -0.8808 0.4735 0.0036
vn 0.6140 0.7893 0.0060
vn -0.6767 -0.7363 -0.0056
vn 0.7272 0.6864 0.0052
vn -0.2556 0.9668 0.0074
vn -0.8134 0.5817 0.0044
vn -0.8349 0.5504 0.0042
vn -0.7921 -0.6103 -0.0046
vn -0.9580 0.2868 0.0022
vn 0.0354 0.9993 0.0076
vn 0.4966 -0.8680 -0.0066
vn 0.7128 -0.7013 -0.0053
vn -0.1155 -0.9933 -0.0076
vn -0.4373 0.8993 0.0068
vn 0.9010 -0.4337 -0.0033
vn 0.8931 0.4499 0.0034
vn 0.6314 -0.7754 -0.0059
vn -0.7618 0.6477 0.0049
vn 0.9606 0.2778 0.0021
vn -0.5489 0.8359 0.0064
vn 0.0367 -0.9993 -0.0076
vn 0.4749 -0.8800 -0.0067
vn 0.9342 0.3566 0.0027
vn 0.8353 -0.5498 -0.0042
vn -0.5456 -0.8380 -0.0064
vn -0.9389 -0.3441 -0.0026
vn -0.6094 0.7928 0.0060
vn -0.7191 0.6949 0.0053
vn 0.6064 -0.7951 -0.0060
vn -0.9925 0.1219 0.0009
vn 0.4772 -0.8788 -0.0067
vn 0.9476 0.3194 0.0024
vn -0.6545 0.7561 0.0058
vn -0.6817 0.7316 0.0056
vn 0.4978 0.8673 0.0066
vn -0.9517 -0.3069 -0.0023
vn -0.8999 -0.4361 -0.0033
vn 0.7769 -0.6296 -0.0048
vn 0.9174 -0.3979 -0.0030
vn 0.8244 0.5660 0.0043
vn 0.9577 0.2877 0.0022
vn 0.5614 -0.8275 -0.0063
vn -0.6333 0.7739 0.0059
vn -0.5120 0.8590 0.0065
vn -0.9616 -0.2745 -0.0021
vn -0.6943 0.7197 0.0055
vn -0.9998 -0.0217 -0.0002
vn -0.8181 -0.5750 -0.0044
vn 0.9997 0.0245 0.0002
vn -0.5900 0.8073 0.0061
vn 0.9675 0.2529 0.0019
vn 0.6126 -0.7904 -0.0060
vn -0.6387 0.7695 0.0059
vn -0.9699 -0.2434 -0.0019
vn -0.7235 0.6903 0.0053
vn 0.5670 0.8237 0.0063
vn 0.9925 -0.1224 -0.0009
vn -0.9777 -0.2099 -0.0016
vn 0.9902 0.1397 0.0011
vn 0.7198 -0.6942 -0.0053
vn -0.9242 0.3818 0.0029
vn 0.5113 -0.8594 -0.0065
vn 0.8914 0.4532 0.0034
vn -0.6797 0.7334 0.0056
vn -0.9930 0.1179 0.0009
vn -0.6293 0.7771 0.0059
vn 0.5686 0.8226 0.0063
vn 0.9924 -0.1228 -0.0009
vn 0.9960 0.0896 0.0007
vn -0.9872 0.1597 0.0012
vn -0.9930 -0.1182 -0.0009
vn 0.5811 -0.8138 -0.0062
vn -0.7884 0.6151 0.0047
vn 0.6228 0.7824 0.0060
vn 0.6307 -0.7760 -0.0059
vn -0.7132 0.7009 0.0053
vn 0.9840 -0.1780 -0.0014
vn 0.6517 -0.7585 -0.0058
vn -0.9766 0.2149 0.0016
vn 0.6597 -0.7515 -0.0057
vn 0.0388 0.9992 0.0076
vn 0.0083 0.9999 0.0076
vn -0.0361 0.9993 0.0076
vn 0.9929 0.1187 0.0009
vn 0.9987 0.0504 0.0004
vn -0.7410 0.6715 0.0051
vn 0.9726 -0.2323 -0.0018
vn 0.7479 -0.6638 -0.0050
vn -0.9601 0.2796 0.0021
vn -0.9982 -0.0599 -0.0005
vn 0.9189 0.3944 0.0030
vn -0.8324 0.5541 0.0042
vn 0.0569 0.9983 0.0076
vn 0.8384 -0.5451 -0.0041
vn -0.0707 0.9975 0.0076
vn -0.9164 -0.4002 -0.0030
vn 0.6974 0.7167 0.0055
vn 0.9549 -0.2970 -0.0023
vn 0.9972 0.0742 0.0006
vn -0.9303 0.3667 0.0028
vn -0.7236 -0.6903 -0.0053
vn -0.5492 -0.8356 -0.0064
vn 0.7193 -0.6947 -0.0053
vn 0.1201 0.9927 0.0076
vn -0.7745 0.6326 0.0048
vn -0.1124 0.9936 0.0076
vn -0.6327 -0.7744 -0.0059
vn 0.9998 0.0218 0.0002
vn -0.9968 -0.0799 -0.0006
vn -0.9997 -0.0244 -0.0002
vn 0.4247 -0.9053 -0.0069
vn -0.7529 -0.6581 -0.0050
vn -0.8144 0.5802 0.0044
vn -0.1516 0.9884 0.0075
vn -0.1949 -0.9808 -0.0075
vn 0.9074 -0.4202 -0.0032
vn 0.3130 0.9497 0.0072
vn 1.0000 -0.0014 -0.0000
vn -0.2045 0.9788 0.0074
vn 0.3796 0.9251 0.0070
vn -1.0000 0.0013 -0.0000
vn 0.9361 0.3517 0.0027
vn 0.4305 0.9026 0.0069
vn -0.2106 -0.9776 -0.0074
vn -0.9370 -0.3493 -0.0027
vn -0.9027 0.4303 0.0033
vn 0.9993 0.0372 0.0003
vn 0.8379 0.5458 0.0042
vn -0.2949 0.9555 0.0073
vn 0.7653 -0.6436 -0.0049
vn 0.9997 -0.0253 -0.0002
vn -0.9503 -0.3112 -0.0024
vn 0.8376 0.5463 0.0042
vn -0.9994 -0.0341 -0.0003
vn -0.9997 0.0232 0.0002
vn 0.2148 -0.9766 -0.0074
vn -0.8670 0.4983 0.0038
vn 0.1592 -0.9872 -0.0075
vn 0.4835 0.8753 0.0067
vn 0.1187 -0.9929 -0.0076
vn 0.9490 0.3154 0.0024
vn 0.9985 -0.0541 -0.0004
vn 0.0809 -0.9967 -0.0076
vn -0.9605 -0.2784 -0.0021
vn -0.9989 0.0462 0.0004
vn 0.0435 -0.9990 -0.0076
vn -0.2593 -0.9658 -0.0073
vn -0.0657 -0.9978 -0.0076
vn 0.0027 -1.0000 -0.0076
vn -0.0143 0.9999 0.0076
vn -0.0429 -0.9990 -0.0076
vn 0.9589 0.2838 0.0022
vn -0.3460 -0.9382 -0.0071
vn 0.8661 -0.4998 -0.0038
vn -0.1076 -0.9942 -0.0076
vn -0.9689 -0.2475 -0.0019
vn -0.7578 0.6525 0.0050
vn -0.1155 0.9933 0.0076
vn -0.4054 -0.9141 -0.0070
vn 0.8080 -0.5891 -0.0045
vn 0.0304 0.9995 0.0076
vn -0.0520 0.9986 0.0076
vn -0.4627 -0.8865 -0.0067
vn 0.4966 0.8680 0.0066
vn -0.9768 -0.2141 -0.0016
vn -0.6767 0.7363 0.0056
vn -0.5447 -0.8386 -0.0064
vn 0.0799 0.9968 0.0076
vn -0.9937 0.1122 0.0009
vn -0.1478 0.9890 0.0075
vn 0.8702 0.4928 0.0037
vn -0.9879 0.1549 0.0012
vn 0.9999 0.0130 0.0001
vn -0.9414 0.3374 0.0026
vn -1.0000 -0.0082 -0.0001
vn 0.1316 0.9913 0.0075
vn 0.1804 0.9836 0.0075
vn 0.9915 -0.1303 -0.0010
vn -0.8444 0.5357 0.0041
vn 0.2334 0.9723 0.0074
vn -0.9783 0.2072 0.0016
vn 0.9999 -0.0101 -0.0001
vn 0.3054 0.9522 0.0072
vn -0.2547 -0.9670 -0.0074
vn -0.9999 0.0146 0.0001
vn 0.1856 -0.9826 -0.0075
vn 0.3416 -0.9398 -0.0071
vn -0.7625 -0.6470 -0.0049
vn 0.9827 -0.1851 -0.0014
vn 0.0734 -0.9973 -0.0076
vn 0.7864 -0.6177 -0.0047
vn -0.9633 0.2683 0.0020
vn 0.9994 -0.0348 -0.0003
vn -0.2717 0.9624 0.0073
vn 0.8845 -0.4665 -0.0035
vn -0.9993 0.0375 0.0003
vn 0.0239 -0.9997 -0.0076
vn 0.9711 -0.2386 -0.0018
vn -0.7789 0.6272 0.0048
vn -0.9344 0.3562 0.0027
vn -0.0192 -0.9998 -0.0076
vn 0.9975 0.0703 0.0005
vn 0.8224 -0.5689 -0.0043
vn 0.9977 -0.0677 -0.0005
vn -0.0747 -0.9972 -0.0076
vn -0.9764 -0.2160 -0.0016
vn 0.9521 -0.3059 -0.0023
vn -0.7040 0.7102 0.0054
vn -0.9979 0.0642 0.0005
vn 0.9849 -0.1729 -0.0013
vn -0.0020 1.0000 0.0076
vn -0.1171 -0.9931 -0.0076
vn 0.9075 0.4200 0.0032
vn -0.9852 0.1714 0.0013
vn -0.6270 0.7790 0.0059
vn -0.0370 0.9993 0.0076
vn -0.1606 -0.9870 -0.0075
vn -0.9973 -0.0733 -0.0006
vn 0.7594 -0.6506 -0.0049
vn -0.2139 -0.9768 -0.0074
vn 0.9647 0.2634 0.0020
vn 0.0495 0.9987 0.0076
vn 0.9719 0.2352 0.0018
vn -0.5349 0.8449 0.0064
vn -0.1085 0.9941 0.0076
vn -0.2858 -0.9583 -0.0073
vn 0.8149 0.5796 0.0044
vn 0.9911 0.1330 0.0010
vn 0.0992 0.9950 0.0076
vn 0.0291 0.9995 0.0076
vn 0.0179 0.9998 0.0076
vn -0.9009 -0.4339 -0.0033
vn -0.4068 0.9135 0.0069
vn -0.9965 0.0836 0.0006
vn -0.1511 0.9885 0.0075
vn -0.0734 0.9973 0.0076
vn -0.8152 0.5792 0.0044
vn 0.7650 0.6440 0.0049
vn -0.2274 0.9738 0.0074
vn 0.1409 0.9900 0.0075
vn -0.3469 0.9379 0.0071
vn 0.6931 -0.7208 -0.0055
vn -0.1497 0.9887 0.0075
vn 0.2795 0.9601 0.0073
vn 0.3308 0.9437 0.0072
vn -0.9908 -0.1354 -0.0010
vn -0.1877 0.9822 0.0075
vn -0.9623 -0.2720 -0.0021
vn 0.5036 0.8639 0.0066
vn 0.5590 0.8291 0.0063
vn 0.7592 0.6508 0.0050
vn 0.1510 0.9885 0.0075
vn 0.9828 0.1845 0.0014
vn 0.9418 -0.3361 -0.0026
vn 0.6121 -0.7908 -0.0060
vn -0.3055 0.9522 0.0072
vn -0.8649 -0.5019 -0.0038
vn -0.3213 0.9470 0.0072
vn 0.5085 -0.8610 -0.0066
vn -0.7521 -0.6590 -0.0050
vn -0.9821 -0.1885 -0.0014
vn 0.8849 0.4658 0.0035
vn 0.6789 -0.7342 -0.0056
vn 0.4035 -0.9150 -0.0070
vn -0.4987 -0.8668 -0.0066
vn 0.3654 -0.9308 -0.0071
vn -0.8536 -0.5208 -0.0040
vn -0.3085 -0.9512 -0.0072
vn 0.9144 0.4048 0.0031
vn 0.3096 -0.9508 -0.0072
vn -0.4079 0.9130 0.0069
vn 0.1131 -0.9936 -0.0076
vn 0.1992 0.9799 0.0075
vn 0.2436 -0.9698 -0.0074
vn 0.9282 0.3722 0.0028
vn 0.1314 -0.9913 -0.0075
vn 0.9750 0.2222 0.0017
vn -0.9281 -0.3724 -0.0028
vn 0.9077 -0.4195 -0.0032
vn -0.9760 -0.2178 -0.0017
vn 0.1873 -0.9823 -0.0075
vn 0.1291 -0.9916 -0.0075
vn -0.9442 -0.3293 -0.0025
vn 0.9999 -0.0172 -0.0001
vn 0.1575 -0.9875 -0.0075
vn 0.8604 -0.5095 -0.0039
vn -0.5356 -0.8444 -0.0064
vn 0.0669 -0.9977 -0.0076
vn 0.9431 0.3326 0.0025
vn 0.2800 -0.9600 -0.0073
vn -0.9556 -0.2945 -0.0022
vn 0.2576 0.9662 0.0074
vn -0.5404 0.8414 0.0064
vn 0.9938 0.1108 0.0008
vn -0.0118 -0.9999 -0.0076
vn 0.9541 0.2995 0.0023
vn -0.9243 0.3817 0.0029
vn -0.0782 -0.9969 -0.0076
vn -0.9648 -0.2630 -0.0020
vn -0.8679 0.4968 0.0038
vn 0.3221 -0.9467 -0.0072
vn -0.2875 -0.9578 -0.0073
vn 0.9636 0.2672 0.0020
vn -0.6662 -0.7457 -0.0057
vn -0.9730 -0.2309 -0.0018
vn 0.9828 -0.1846 -0.0014
vn 0.3395 0.9406 0.0072
vn -0.9994 0.0357 0.0003
vn -0.9889 -0.1488 -0.0011
vn 0.1121 -0.9937 -0.0076
vn 0.3582 -0.9336 -0.0071
vn 0.9737 0.2280 0.0017
vn -0.5630 0.8264 0.0063
vn -0.9909 0.1344 0.0010
vn 0.0380 -0.9992 -0.0076
vn 0.9781 -0.2083 -0.0016
vn -0.9600 0.2801 0.0021
vn 0.0021 -1.0000 -0.0076
vn 0.9951 -0.0988 -0.0008
vn 0.3781 -0.9257 -0.0070
vn -0.9845 0.1755 0.0013
vn -0.0549 -0.9985 -0.0076
vn -0.9391 0.3436 0.0026
vn -0.8719 0.4897 0.0037
vn -0.5844 0.8115 0.0062
vn -0.1018 -0.9948 -0.0076
vn 0.9875 -0.1577 -0.0012
vn 0.9091 -0.4166 -0.0032
vn -0.9714 0.2374 0.0018
vn -0.1432 -0.9897 -0.0075
vn 0.4434 -0.8963 -0.0068
vn -0.8057 0.5923 0.0045
vn 0.6213 -0.7836 -0.0060
vn -0.1927 -0.9812 -0.0075
vn -0.7563 0.6542 0.0050
vn 0.9771 -0.2127 -0.0016
vn -0.4658 0.8848 0.0067
vn 0.5873 -0.8093 -0.0062
vn -0.9497 0.3130 0.0024
vn -0.2550 -0.9669 -0.0074
vn 0.5704 -0.8214 -0.0062
vn 0.8435 -0.5371 -0.0041
vn -0.3512 -0.9363 -0.0071
vn -0.7146 0.6995 0.0053
vn 0.9628 -0.2702 -0.0021
vn 0.9904 -0.1386 -0.0011
vn -0.4648 -0.8854 -0.0067
vn -0.0412 0.9991 0.0076
vn -0.6769 0.7361 0.0056
vn 0.9901 0.1400 0.0011
vn 0.9501 -0.3119 -0.0024
vn 0.0900 0.9959 0.0076
vn -0.8882 0.4595 0.0035
vn 0.9365 -0.3505 -0.0027
vn -0.1446 0.9895 0.0075
vn 0.0581 0.9983 0.0076
vn 0.9454 0.3260 0.0025
vn 0.7841 -0.6206 -0.0047
vn 0.9398 -0.3416 -0.0026
vn -0.1216 0.9925 0.0076
vn -0.8441 0.5362 0.0041
vn -0.6256 0.7801 0.0059
vn 0.6378 0.7701 0.0059
vn -0.9918 -0.1278 -0.0010
vn 0.7267 -0.6869 -0.0052
vn -0.2130 0.9770 0.0074
vn 0.2154 0.9765 0.0074
vn -0.9491 -0.3148 -0.0024
vn 0.6676 -0.7445 -0.0057
vn -0.1966 0.9805 0.0075
vn 0.0027 1.0000 0.0076
vn -0.0371 0.9993 0.0076
vn 0.6195 0.7849 0.0060
vn 0.6826 0.7308 0.0056
vn 0.9819 0.1894 0.0014
vn -0.2817 0.9595 0.0073
vn 0.9064 -0.4224 -0.0032
vn -0.2983 0.9545 0.0073
vn 0.0504 0.9987 0.0076
vn 0.9271 0.3748 0.0029
vn -0.0758 0.9971 0.0076
vn -0.9832 -0.1825 -0.0014
vn 0.3824 -0.9240 -0.0070
vn -0.3916 0.9201 0.0070
vn -0.8853 0.4651 0.0035
vn 0.8367 -0.5477 -0.0042
vn 0.3444 -0.9388 -0.0071
vn -0.9337 -0.3581 -0.0027
vn 0.1110 0.9938 0.0076
vn -0.3971 0.9178 0.0070
vn -0.1177 0.9930 0.0076
vn -0.8098 0.5868 0.0045
vn -0.4537 0.8911 0.0068
vn 0.9044 0.4268 0.0032
vn 0.9963 -0.0855 -0.0007
vn 0.9387 0.3449 0.0026
vn 0.2080 -0.9781 -0.0074
vn -0.9154 -0.4026 -0.0031
vn -0.1568 0.9876 0.0075
vn 0.9740 0.2267 0.0017
vn -0.5601 0.8284 0.0063
vn -0.9767 -0.2148 -0.0016
vn 0.9411 0.3381 0.0026
vn -0.2142 0.9768 0.0074
vn -0.6156 0.7880 0.0060
vn 0.1523 -0.9883 -0.0075
vn 0.8672 0.4980 0.0038
vn -0.8910 -0.4540 -0.0035
vn -0.3084 0.9512 0.0072
vn 0.9988 -0.0482 -0.0004
vn 0.4653 -0.8851 -0.0067
vn 0.1833 -0.9830 -0.0075
vn -0.6596 0.7516 0.0057
vn 0.0909 -0.9958 -0.0076
vn -0.3991 -0.9169 -0.0070
vn 0.7899 0.6132 0.0047
vn -0.5373 0.8434 0.0064
vn 0.0176 -0.9998 -0.0076
vn -0.8497 -0.5273 -0.0040
vn 0.9402 0.3405 0.0026
vn 0.5531 -0.8331 -0.0063
vn -0.6943 0.7196 0.0055
vn 0.6065 -0.7951 -0.0060
vn -0.0525 -0.9986 -0.0076
vn -0.6991 0.7150 0.0054
vn 0.2871 -0.9579 -0.0073
vn -0.1796 -0.9837 -0.0075
vn -0.3531 0.9356 0.0071
vn 0.3261 -0.9453 -0.0072
vn 0.9891 0.1474 0.0011
vn 0.9998 -0.0209 -0.0002
vn 0.2063 -0.9785 -0.0074
vn -0.9992 -0.0411 -0.0003
vn -0.7270 0.6866 0.0052
vn -0.4919 -0.8706 -0.0066
vn -0.9299 -0.3679 -0.0028
vn 0.9470 0.3211 0.0024
vn 0.9955 0.0950 0.0007
vn -0.5604 0.8282 0.0063
vn -0.7570 0.6534 0.0050
vn 0.8398 0.5428 0.0041
vn -0.9894 0.1455 0.0011
vn 0.9538 -0.3004 -0.0023
vn 0.9804 -0.1971 -0.0015
vn -0.9939 -0.1100 -0.0008
vn -0.9018 0.4321 0.0033
vn 0.1537 -0.9881 -0.0075
vn 0.3611 -0.9325 -0.0071
vn 0.9085 0.4178 0.0032
vn -0.9468 0.3217 0.0024
vn -0.8293 0.5588 0.0043
vn 0.7878 0.6159 0.0047
vn 0.3840 -0.9233 -0.0070
vn -0.7933 0.6088 0.0046
vn -0.8696 -0.4938 -0.0038
vn -0.5818 0.8133 0.0062
vn 0.9985 0.0549 0.0004
vn 0.8847 -0.4661 -0.0035
vn -0.9422 -0.3351 -0.0025
vn 0.7421 -0.6703 -0.0051
vn -0.7730 0.6344 0.0048
vn 0.4507 -0.8926 -0.0068
vn -0.9986 -0.0537 -0.0004
vn 0.6254 -0.7803 -0.0059
vn -0.8389 0.5443 0.0041
vn -0.7292 0.6842 0.0052
vn 0.6891 0.7246 0.0055
vn 0.1140 -0.9934 -0.0076
vn 0.5918 -0.8061 -0.0061
vn -0.8301 -0.5577 -0.0042
vn 0.8616 0.5076 0.0039
vn 0.5714 -0.8206 -0.0062
vn 0.9997 0.0247 0.0002
vn 0.8196 -0.5729 -0.0044
vn -0.9073 -0.4204 -0.0032
vn 0.8334 -0.5527 -0.0042
vn -0.6914 0.7225 0.0055
vn 0.7862 -0.6180 -0.0047
vn -0.8941 0.4479 0.0034
vn -0.9998 -0.0211 -0.0002
vn -0.6478 0.7618 0.0058
vn 0.9939 0.1106 0.0008
vn 0.9860 0.1666 0.0013
vn 0.9446 -0.3282 -0.0025
vn 1.0000 0.0014 -0.0000
vn 0.7624 -0.6471 -0.0049
vn 0.0762 -0.9971 -0.0076
vn -0.0952 0.9954 0.0076
vn -1.0000 0.0039 -0.0000
vn -0.5823 0.8130 0.0062
vn -0.8497 0.5273 0.0040
vn -0.9509 -0.3093 -0.0024
vn -0.1649 0.9863 0.0075
vn 0.9998 -0.0222 -0.0002
vn 0.7055 -0.7087 -0.0054
vn -0.9997 0.0261 0.0002
vn 0.0197 0.9998 0.0076
vn 0.3585 0.9335 0.0071
vn -0.0226 0.9997 0.0076
vn -0.2631 0.9648 0.0073
vn 0.9988 -0.0500 -0.0004
vn -0.9876 -0.1567 -0.0012
vn 0.8975 -0.4409 -0.0034
vn -0.9988 0.0494 0.0004
vn 0.0704 0.9975 0.0076
vn 0.0386 -0.9992 -0.0076
vn -0.7979 0.6028 0.0046
vn -0.0606 0.9981 0.0076
vn 0.9247 0.3808 0.0029
vn -0.3471 0.9378 0.0071
vn -0.9357 -0.3527 -0.0027
vn -0.6315 0.7754 0.0059
vn 0.9961 -0.0885 -0.0007
vn -0.0187 0.9998 0.0076
vn 0.1397 0.9902 0.0075
vn 0.8136 0.5813 0.0044
vn -0.1018 0.9948 0.0076
vn 0.9780 0.2085 0.0016
vn 0.8284 -0.5601 -0.0043
vn 0.0238 0.9997 0.0076
vn -0.9794 -0.2021 -0.0015
vn 0.9009 0.4340 0.0033
vn -0.5050 0.8631 0.0066
vn -0.0603 0.9981 0.0076
vn -0.9179 -0.3968 -0.0030
vn -0.1415 0.9899 0.0075
vn -0.0026 -1.0000 -0.0076
vn -0.4368 0.8995 0.0068
vn -0.9742 -0.2255 -0.0017
vn 0.0737 0.9973 0.0076
vn -0.1615 0.9868 0.0075
vn -0.1861 0.9825 0.0075
vn 0.8602 0.5099 0.0039
vn -0.8950 -0.4460 -0.0034
vn -0.2694 0.9630 0.0073
vn 0.9928 0.1200 0.0009
vn 0.1251 0.9921 0.0075
vn -0.9740 -0.2266 -0.0017
vn 0.1744 0.9846 0.0075
vn 0.2332 -0.9724 -0.0074
vn 0.2261 0.9741 0.0074
vn 0.1705 -0.9853 -0.0075
vn -0.8558 -0.5172 -0.0039
vn 0.2950 0.9555 0.0073
vn 0.1282 -0.9917 -0.0075
vn 0.8804 0.4742 0.0036
vn 0.1699 -0.9854 -0.0075
vn 0.0903 -0.9959 -0.0076
vn -0.0492 -0.9988 -0.0076
vn 0.0325 -0.9994 -0.0076
vn 0.9419 0.3360 0.0026
vn 0.0531 -0.9986 -0.0076
vn 0.8347 0.5507 0.0042
vn 0.0613 -0.9981 -0.0076
vn 0.0132 -0.9999 -0.0076
vn 0.9042 0.4271 0.0032
vn -0.0307 -0.9995 -0.0076
vn -0.8753 -0.4835 -0.0037
vn 0.0194 -0.9998 -0.0076
vn -0.0870 -0.9962 -0.0076
vn -0.1812 -0.9834 -0.0075
vn 0.9903 -0.1390 -0.0011
vn -0.9476 -0.3194 -0.0024
vn -0.0266 -0.9996 -0.0076
vn 0.2503 -0.9681 -0.0074
vn -0.5641 0.8257 0.0063
vn -0.8697 -0.4936 -0.0038
vn -0.0811 -0.9967 -0.0076
vn 0.3089 -0.9511 -0.0072
vn 0.7779 0.6284 0.0048
vn -0.1185 -0.9929 -0.0076
vn -0.5492 0.8357 0.0064
vn -0.8350 -0.5502 -0.0042
vn -0.1223 -0.9925 -0.0075
vn 0.6243 0.7812 0.0059
vn -0.5223 0.8527 0.0065
vn -0.9100 -0.4146 -0.0032
vn -0.1668 -0.9860 -0.0075
vn -0.8948 0.4465 0.0034
vn 0.3488 -0.9372 -0.0071
vn -0.2212 -0.9752 -0.0074
vn -0.9805 0.1965 0.0015
vn 0.8534 0.5212 0.0040
vn -0.1949 0.9808 0.0075
vn 0.3714 -0.9284 -0.0071
vn -0.7920 -0.6105 -0.0046
vn -0.2973 -0.9547 -0.0073
vn -0.5710 0.8209 0.0062
vn -0.8868 -0.4621 -0.0035
vn 0.9223 0.3865 0.0029
vn -0.7575 -0.6528 -0.0050
vn 0.0058 1.0000 0.0076
vn 0.4247 0.9053 0.0069
vn -0.8580 -0.5137 -0.0039
vn -0.1053 -0.9944 -0.0076
vn -0.7236 0.6902 0.0053
vn 0.4870 0.8734 0.0066
vn -0.4018 0.9157 0.0070
vn 0.4836 -0.8752 -0.0067
vn 0.5602 0.8283 0.0063
vn 0.4197 -0.9076 -0.0069
vn 0.6157 0.7879 0.0060
vn -0.5249 0.8511 0.0065
vn 0.1225 0.9924 0.0075
vn -0.6661 -0.7458 -0.0057
vn 0.8394 0.5435 0.0041
vn 0.9667 -0.2560 -0.0019
vn 0.6868 0.7268 0.0055
vn -0.1591 0.9872 0.0075
vn 0.8594 -0.5112 -0.0039
vn -0.9593 0.2823 0.0021
vn -0.5922 0.8058 0.0061
vn -0.4888 -0.8723 -0.0066
vn -0.5967 0.8025 0.0061
vn -0.9459 -0.3245 -0.0025
vn -0.6440 0.7650 0.0058
vn 0.4425 0.8967 0.0068
vn 0.2658 -0.9640 -0.0073
vn -0.9184 0.3957 0.0030
vn -0.5577 -0.8300 -0.0063
vn -0.2336 0.9723 0.0074
vn -0.3306 -0.9437 -0.0072
vn 0.6089 -0.7932 -0.0060
vn -0.6466 -0.7628 -0.0058
vn -0.3349 0.9422 0.0072
vn 0.5756 -0.8177 -0.0062
vn 0.5002 -0.8659 -0.0066
vn 0.3031 0.9529 0.0072
vn 0.5746 -0.8184 -0.0062
vn 0.5672 -0.8236 -0.0063
vn 0.3731 0.9277 0.0071
vn -0.6846 0.7289 0.0055
vn 0.8629 0.5054 0.0038
vn -0.8022 -0.5970 -0.0045
vn 0.4243 0.9055 0.0069
vn 0.3916 -0.9201 -0.0070
vn 0.9975 -0.0704 -0.0005
vn 0.9515 0.3077 0.0023
vn -0.8964 0.4433 0.0034
vn -0.8711 0.4911 0.0037
vn 0.4764 0.8792 0.0067
vn 0.6247 -0.7808 -0.0059
vn 0.2982 -0.9545 -0.0073
vn -0.2726 -0.9621 -0.0073
vn -0.7166 0.6974 0.0053
vn 0.9928 0.1199 0.0009
vn 0.2366 -0.9716 -0.0074
vn 0.9043 0.4270 0.0032
vn 0.9233 -0.3841 -0.0029
vn -0.3543 -0.9351 -0.0071
vn 0.9997 -0.0234 -0.0002
vn 0.9739 -0.2271 -0.0017
vn -0.8250 0.5651 0.0043
vn 0.9921 0.1253 0.0010
vn 0.1807 -0.9835 -0.0075
vn -0.9975 0.0711 0.0005
vn -0.9865 -0.1639 -0.0012
vn 0.9343 0.3565 0.0027
vn -0.4124 -0.9110 -0.0069
vn -0.7447 0.6674 0.0051
vn 0.9835 0.1807 0.0014
vn -0.9436 -0.3312 -0.0025
vn 0.1209 -0.9926 -0.0076
vn 0.9384 0.3456 0.0026
vn -0.9747 0.2237 0.0017
vn -0.4718 -0.8817 -0.0067
vn -0.8749 0.4842 0.0037
vn -0.9922 -0.1245 -0.0009
vn 0.9877 0.1563 0.0012
vn 0.9135 0.4067 0.0031
vn -0.7689 0.6393 0.0049
vn -0.5566 -0.8307 -0.0063
vn 0.0580 -0.9983 -0.0076
vn 0.6792 0.7340 0.0056
vn 0.9969 0.0792 0.0006
vn -0.4973 0.8675 0.0066
vn -0.8358 0.5491 0.0042
vn 0.7137 -0.7004 -0.0053
vn -0.0197 -0.9998 -0.0076
vn 0.1181 0.9930 0.0076
vn 0.8623 -0.5065 -0.0039
vn -0.7705 0.6374 0.0048
vn -0.7790 0.6269 0.0048
vn -0.9182 -0.3961 -0.0030
vn 0.9138 0.4062 0.0031
vn -0.0869 -0.9962 -0.0076
vn 0.8000 0.6000 0.0046
vn -0.9274 -0.3742 -0.0028
vn -0.7796 0.6262 0.0048
vn -0.9973 -0.0731 -0.0006
vn -0.3263 -0.9452 -0.0072
vn 0.8963 -0.4435 -0.0034
vn 0.8306 -0.5568 -0.0042
vn -0.6236 -0.7818 -0.0059
vn 0.8851 0.4655 0.0035
vn -0.6958 0.7182 0.0055
vn -0.7346 -0.6785 -0.0052
vn -0.9073 -0.4205 -0.0032
vn 0.9991 0.0415 0.0003
vn -0.8202 0.5720 0.0044
vn 0.5634 -0.8262 -0.0063
vn 0.7671 -0.6415 -0.0049
vn -0.9964 -0.0853 -0.0006
vn -0.9227 -0.3856 -0.0029
vn 0.8255 0.5643 0.0043
vn 0.9714 0.2376 0.0018
vn 0.3581 0.9337 0.0071
vn -0.8774 -0.4797 -0.0036
vn -0.6154 0.7882 0.0060
vn 0.7595 -0.6505 -0.0049
vn 0.9847 -0.1742 -0.0013
vn 0.8561 0.5167 0.0039
vn -0.5221 0.8529 0.0065
vn -0.7554 -0.6553 -0.0050
vn -0.9485 0.3168 0.0024
vn -0.0378 -0.9993 -0.0076
vn -0.9052 -0.4249 -0.0032
vn 0.9221 0.3868 0.0029
vn 0.8497 0.5273 0.0040
vn 0.8403 -0.5420 -0.0041
vn 0.0369 -0.9993 -0.0076
vn 0.8141 0.5806 0.0044
vn 0.8023 -0.5970 -0.0045
vn -0.8631 0.5051 0.0038
vn 0.9323 0.3617 0.0028
vn -0.2678 0.9634 0.0073
vn -0.9708 -0.2398 -0.0018
vn -0.9995 -0.0308 -0.0002
vn -0.9408 -0.3391 -0.0026
vn 0.9170 -0.3989 -0.0030
vn 0.9595 -0.2818 -0.0021
vn -0.9016 -0.4326 -0.0033
vn -0.7982 0.6024 0.0046
vn 0.7020 -0.7122 -0.0054
vn 0.9999 0.0159 0.0001
vn 0.9462 0.3236 0.0025
vn -0.8339 -0.5520 -0.0042
vn -0.3888 0.9213 0.0070
vn -1.0000 -0.0049 -0.0000
vn -0.9531 -0.3028 -0.0023
vn 0.4069 0.9134 0.0069
vn -0.7508 0.6605 0.0050
vn -0.8538 -0.5206 -0.0040
vn -0.1424 0.9898 0.0075
vn 0.7272 -0.6864 -0.0052
vn -0.9510 -0.3093 -0.0024
vn 1.0000 -0.0072 -0.0001
vn 0.8517 -0.5240 -0.0040
vn 0.9565 0.2916 0.0022
vn 0.9260 0.3775 0.0029
vn -0.9269 -0.3752 -0.0029
vn -0.9998 0.0174 0.0001
vn -0.7100 0.7041 0.0054
vn -0.9627 -0.2707 -0.0021
vn -0.4279 -0.9038 -0.0069
vn 0.6232 -0.7820 -0.0059
vn 0.7318 0.6815 0.0052
vn 0.7913 -0.6114 -0.0047
vn 0.9662 0.2577 0.0020
vn 0.1915 -0.9815 -0.0075
vn 0.8830 0.4693 0.0036
vn 0.5234 -0.8521 -0.0065
vn 0.9995 -0.0316 -0.0002
vn -0.6719 0.7406 0.0056
vn -0.9710 -0.2392 -0.0018
vn -0.9306 -0.3661 -0.0028
vn -0.8146 -0.5801 -0.0044
vn -0.7056 -0.7086 -0.0054
vn -0.9992 0.0403 0.0003
vn -0.8990 -0.4380 -0.0033
vn -0.6177 0.7864 0.0060
vn 0.9760 0.2177 0.0017
vn 0.9414 0.3372 0.0026
vn 0.3870 -0.9220 -0.0070
vn 0.9980 -0.0630 -0.0005
vn -0.9786 -0.2057 -0.0016
vn -0.9458 -0.3246 -0.0025
vn 0.8148 0.5798 0.0044
vn -0.9977 0.0685 0.0005
vn 0.7335 -0.6796 -0.0052
vn 0.3868 -0.9221 -0.0070
vn -0.7752 -0.6317 -0.0048
vn -0.2392 -0.9709 -0.0074
vn -0.0060 1.0000 0.0076
vn 0.6755 -0.7374 -0.0056
vn -0.9923 0.1235 0.0009
vn -0.8737 -0.4865 -0.0037
vn 0.9529 0.3034 0.0023
vn -0.7272 -0.6864 -0.0052
vn 0.1658 -0.9861 -0.0075
vn -0.9569 -0.2905 -0.0022
vn -0.8306 -0.5569 -0.0042
vn -0.0419 0.9991 0.0076
vn 0.9934 -0.1151 -0.0009
vn 0.4416 0.8972 0.0068
vn -0.9864 0.1645 0.0013
vn 0.5285 0.8489 0.0065
vn 0.9623 0.2719 0.0021
vn 0.5878 0.8090 0.0062
vn 0.0433 0.9990 0.0076
vn -0.9658 -0.2593 -0.0020
vn 0.6479 0.7617 0.0058
vn -0.1213 0.9926 0.0076
vn 0.9853 -0.1708 -0.0013
vn 0.7314 0.6820 0.0052
vn -0.9749 0.2225 0.0017
vn -0.5237 -0.8519 -0.0065
vn -0.7648 -0.6443 -0.0049
vn 0.9725 0.2330 0.0018
vn 0.0928 0.9957 0.0076
vn -0.9740 -0.2267 -0.0017
vn -0.5929 -0.8052 -0.0061
vn 0.1445 0.9895 0.0075
vn 0.9742 -0.2259 -0.0017
vn 0.1929 0.9812 0.0075
vn -0.9568 0.2908 0.0022
vn -0.7057 -0.7085 -0.0054
vn 0.2492 0.9684 0.0074
vn 0.9959 -0.0902 -0.0007
vn 0.3276 0.9448 0.0072
vn -0.9902 0.1397 0.0011
vn 0.2604 0.9655 0.0073
vn 0.2184 -0.9758 -0.0074
vn 0.9576 -0.2880 -0.0022
vn 0.3407 0.9402 0.0072
vn -0.9262 0.3771 0.0029
vn 0.3990 0.9169 0.0070
vn 0.0988 -0.9951 -0.0076
vn 0.9885 -0.1512 -0.0012
vn 0.4492 0.8934 0.0068
vn -0.9830 0.1836 0.0014
vn 0.5055 0.8628 0.0066
vn 0.0332 -0.9994 -0.0076
vn -0.3182 -0.9480 -0.0072
vn 0.9786 -0.2059 -0.0016
vn -0.3841 -0.9233 -0.0070
vn -0.9696 0.2447 0.0019
vn -0.0616 -0.9981 -0.0076
vn 0.8283 0.5603 0.0043
vn -0.4397 -0.8981 -0.0068
vn -0.1068 -0.9942 -0.0076
vn 0.9653 -0.2613 -0.0020
vn -0.5113 -0.8594 -0.0065
vn -0.9461 0.3240 0.0025
vn -0.1488 -0.9888 -0.0075
vn -0.8684 0.4958 0.0038
vn -0.8022 0.5971 0.0045
vn -0.1996 -0.9798 -0.0075
vn 0.9430 -0.3327 -0.0025
vn -0.2647 -0.9643 -0.0073
vn 0.8623 -0.5064 -0.0039
vn -0.7338 0.6794 0.0052
vn -0.4507 0.8927 0.0068
vn -0.0522 0.9986 0.0076
vn 0.7971 -0.6038 -0.0046
vn 0.1809 0.9835 0.0075
vn -0.6591 0.7521 0.0057
vn -0.1264 0.9920 0.0075
vn -0.1308 0.9914 0.0075
vn 0.9344 0.3563 0.0027
vn -0.2059 0.9785 0.0074
vn -0.5689 0.8224 0.0063
vn 0.7356 -0.6774 -0.0052
vn 0.6248 0.7807 0.0059
vn -0.9842 -0.1772 -0.0013
vn 0.5951 -0.8037 -0.0061
vn -0.2947 0.9556 0.0073
vn -0.9899 -0.1417 -0.0011
vn 0.3327 -0.9430 -0.0072
vn -0.4618 0.8870 0.0067
vn 0.2575 -0.9663 -0.0074
vn 0.6748 0.7380 0.0056
vn -0.2940 0.9558 0.0073
vn 0.2007 -0.9796 -0.0075
vn 0.1043 0.9945 0.0076
vn -0.4694 0.8830 0.0067
vn 0.9242 0.3820 0.0029
vn 0.6648 -0.7470 -0.0057
vn -0.5691 0.8222 0.0063
vn 0.1447 -0.9894 -0.0075
vn 0.5770 -0.8167 -0.0062
vn -0.6216 0.7833 0.0060
vn 0.0833 -0.9965 -0.0076
vn -0.3972 0.9177 0.0070
vn -0.8710 -0.4912 -0.0037
vn 0.4531 -0.8914 -0.0068
vn 0.0060 -1.0000 -0.0076
vn 0.4604 -0.8877 -0.0068
vn -0.6647 0.7471 0.0057
vn -0.5032 -0.8641 -0.0066
vn 0.9998 0.0217 0.0002
vn -0.3278 0.9447 0.0072
vn 0.2885 -0.9574 -0.0073
vn 0.5430 -0.8397 -0.0064
vn -0.0610 -0.9981 -0.0076
vn 0.7128 -0.7014 -0.0053
vn 0.0197 -0.9998 -0.0076
vn 0.6002 -0.7998 -0.0061
vn -0.2141 -0.9768 -0.0074
vn -0.7031 0.7111 0.0054
vt 0.331034 0.000000
vt 0.337931 0.000000
vt 0.344828 0.000000
vt 0.324138 0.000000
vt 0.351724 0.000000
vt 0.317241 0.000000
vt 0.358621 0.000000
vt 0.310345 0.000000
vt 0.365517 0.000000
vt 0.303448 0.000000
vt 0.372414 0.000000
vt 0.296552 0.000000
vt 0.379310 0.000000
vt 0.289655 0.000000
vt 0.386207 0.000000
vt 0.282759 0.000000
vt 0.393103 0.000000
vt 0.275862 0.000000
vt 0.400000 0.000000
vt 0.268966 0.000000
vt 0.406897 0.000000
vt 0.262069 0.000000
vt 0.413793 0.000000
vt 0.255172 0.000000
vt 0.420690 0.000000
vt 0.248276 0.000000
vt 0.427586 0.000000
vt 0.434483 0.000000
vt 0.241379 0.000000
vt 0.441379 0.000000
vt 0.234483 0.000000
vt 0.448276 0.000000
vt 0.227586 0.000000
vt 0.455172 0.000000
vt 0.220690 0.000000
vt 0.462069 0.000000
vt 0.213793 0.000000
vt 0.468966 0.000000
vt 0.206897 0.000000
vt 0.475862 0.000000
vt 0.200000 0.000000
vt 0.482759 0.000000
vt 0.193103 0.000000
vt 0.489655 0.000000
vt 0.186207 0.000000
vt 0.496552 0.000000
vt 0.179310 0.000000
vt 0.503448 0.000000
vt 0.172414 0.000000
vt 0.165517 0.000000
vt 0.510345 0.000000
vt 0.158621 0.000000
vt 0.151724 0.000000
vt 0.144828 0.000000
vt 0.137931 0.000000
vt 0.131034 0.000000
vt 0.124138 0.000000
vt 0.117241 0.000000
vt 0.110345 0.000000
vt 0.103448 0.000000
vt 0.096552 0.000000
vt 0.089655 0.000000
vt 0.082759 0.000000
vt 0.075862 0.000000
vt 0.068966 0.000000
vt 0.062069 0.000000
vt 0.055172 0.000000
vt 0.048276 0.000000
vt 0.041379 0.000000
vt 0.034483 0.000000
vt 0.027586 0.000000
vt 0.517241 0.000000
vt 0.020690 0.000000
vt 0.013793 0.000000
vt 0.524138 0.000000
vt 0.006897 0.000000
vt 0.000000 0.000000
vt 1.000000 0.000000
vt 0.993103 0.000000
vt 0.986207 0.000000
vt 0.979310 0.000000
vt 0.972414 0.000000
vt 0.965517 0.000000
vt 0.958621 0.000000
vt 0.951724 0.000000
vt 0.944828 0.000000
vt 0.937931 0.000000
vt 0.931035 0.000000
vt 0.924138 0.000000
vt 0.917241 0.000000
vt 0.910345 0.000000
vt 0.903448 0.000000
vt 0.896552 0.000000
vt 0.889655 0.000000
vt 0.882759 0.000000
vt 0.875862 0.000000
vt 0.868966 0.000000
vt 0.862069 0.000000
vt 0.855172 0.000000
vt 0.848276 0.000000
vt 0.841379 0.000000
vt 0.834483 0.000000
vt 0.827586 0.000000
vt 0.820690 0.000000
vt 0.813793 0.000000
vt 0.806897 0.000000
vt 0.800000 0.000000
vt 0.793103 0.000000
vt 0.786207 0.000000
vt 0.779310 0.000000
vt 0.772414 0.000000
vt 0.765517 0.000000
vt 0.758621 0.000000
vt 0.751724 0.000000
vt 0.744828 0.000000
vt 0.737931 0.000000
vt 0.731034 0.000000
vt 0.724138 0.000000
vt 0.717241 0.000000
vt 0.710345 0.000000
vt 0.703448 0.000000
vt 0.696552 0.000000
vt 0.689655 0.000000
vt 0.682759 0.000000
vt 0.675862 0.000000
vt 0.668966 0.000000
vt 0.662069 0.000000
vt 0.655172 0.000000
vt 0.648276 0.000000
vt 0.641379 0.000000
vt 0.634483 0.000000
vt 0.627586 0.000000
vt 0.620690 0.000000
vt 0.613793 0.000000
vt 0.606897 0.000000
vt 0.600000 0.000000
vt 0.593103 0.000000
vt 0.586207 0.000000
vt 0.579310 0.000000
vt 0.572414 0.000000
vt 0.565517 0.000000
vt 0.558621 0.000000
vt 0.551724 0.000000
vt 0.544828 0.000000
vt 0.537931 0.000000
vt 0.531034 0.000000
vt 0.333333 0.000000
vt 0.336088 0.000000
vt 0.338843 0.000000
vt 0.330579 0.000000
vt 0.341598 0.000000
vt 0.327824 0.000000
vt 0.344353 0.000000
vt 0.325069 0.000000
vt 0.347107 0.000000
vt 0.322314 0.000000
vt 0.349862 0.000000
vt 0.319559 0.000000
vt 0.352617 0.000000
vt 0.316804 0.000000
vt 0.355372 0.000000
vt 0.314050 0.000000
vt 0.358127 0.000000
vt 0.311295 0.000000
vt 0.360882 0.000000
vt 0.308540 0.000000
vt 0.363636 0.000000
vt 0.305785 0.000000
vt 0.366391 0.000000
vt 0.303030 0.000000
vt 0.369146 0.000000
vt 0.300275 0.000000
vt 0.371901 0.000000
vt 0.374656 0.000000
vt 0.297521 0.000000
vt 0.600551 0.000000
vt 0.603306 0.000000
vt 0.606061 0.000000
vt 0.377410 0.000000
vt 0.294766 0.000000
vt 0.380165 0.000000
vt 0.292011 0.000000
vt 0.608815 0.000000
vt 0.382920 0.000000
vt 0.289256 0.000000
vt 0.385675 0.000000
vt 0.286501 0.000000
vt 0.611570 0.000000
vt 0.388430 0.000000
vt 0.283747 0.000000
vt 0.870523 0.000000
vt 0.873278 0.000000
vt 0.867769 0.000000
vt 0.391185 0.000000
vt 0.280992 0.000000
vt 0.865014 0.000000
vt 0.876033 0.000000
vt 0.862259 0.000000
vt 0.878788 0.000000
vt 0.859504 0.000000
vt 0.881543 0.000000
vt 0.856749 0.000000
vt 0.884298 0.000000
vt 0.853994 0.000000
vt 0.887052 0.000000
vt 0.851240 0.000000
vt 0.889807 0.000000
vt 0.848485 0.000000
vt 0.892562 0.000000
vt 0.614325 0.000000
vt 0.845730 0.000000
vt 0.895317 0.000000
vt 0.842975 0.000000
vt 0.898072 0.000000
vt 0.393939 0.000000
vt 0.278237 0.000000
vt 0.840220 0.000000
vt 0.900826 0.000000
vt 0.837466 0.000000
vt 0.903581 0.000000
vt 0.906336 0.000000
vt 0.834711 0.000000
vt 0.909091 0.000000
vt 0.831956 0.000000
vt 0.911846 0.000000
vt 0.829201 0.000000
vt 0.396694 0.000000
vt 0.275482 0.000000
vt 0.914601 0.000000
vt 0.826446 0.000000
vt 0.617080 0.000000
vt 0.917355 0.000000
vt 0.823691 0.000000
vt 0.920110 0.000000
vt 0.820937 0.000000
vt 0.399449 0.000000
vt 0.272727 0.000000
vt 0.922865 0.000000
vt 0.818182 0.000000
vt 0.925620 0.000000
vt 0.815427 0.000000
vt 0.928375 0.000000
vt 0.812672 0.000000
vt 0.402204 0.000000
vt 0.269972 0.000000
vt 0.931129 0.000000
vt 0.809917 0.000000
vt 0.619835 0.000000
vt 0.933884 0.000000
vt 0.807163 0.000000
vt 0.936639 0.000000
vt 0.804408 0.000000
vt 0.267218 0.000000
vt 0.939394 0.000000
vt 0.801653 0.000000
vt 0.404959 0.000000
vt 0.942149 0.000000
vt 0.798898 0.000000
vt 0.944904 0.000000
vt 0.796143 0.000000
vt 0.947658 0.000000
vt 0.793388 0.000000
vt 0.264463 0.000000
vt 0.407714 0.000000
vt 0.622590 0.000000
vt 0.950413 0.000000
vt 0.790634 0.000000
vt 0.953168 0.000000
vt 0.787879 0.000000
vt 0.597796 0.000000
vt 0.955923 0.000000
vt 0.785124 0.000000
vt 0.261708 0.000000
vt 0.410468 0.000000
vt 0.958678 0.000000
vt 0.782369 0.000000
vt 0.961433 0.000000
vt 0.779614 0.000000
vt 0.964187 0.000000
vt 0.776860 0.000000
vt 0.966942 0.000000
vt 0.774105 0.000000
vt 0.413223 0.000000
vt 0.258953 0.000000
vt 0.625344 0.000000
vt 0.595041 0.000000
vt 0.969697 0.000000
vt 0.771350 0.000000
vt 0.972452 0.000000
vt 0.768595 0.000000
vt 0.975207 0.000000
vt 0.765840 0.000000
vt 0.415978 0.000000
vt 0.256198 0.000000
vt 0.977961 0.000000
vt 0.763085 0.000000
vt 0.980716 0.000000
vt 0.760331 0.000000
vt 0.983471 0.000000
vt 0.757576 0.000000
vt 0.986226 0.000000
vt 0.754821 0.000000
vt 0.988981 0.000000
vt 0.752066 0.000000
vt 0.991736 0.000000
vt 0.749311 0.000000
vt 0.592287 0.000000
vt 0.994490 0.000000
vt 0.746556 0.000000
vt 0.418733 0.000000
vt 0.253444 0.000000
vt 0.997245 0.000000
vt 0.743802 0.000000
vt 0.741047 0.000000
vt 0.738292 0.000000
vt 0.628099 0.000000
vt 0.421488 0.000000
vt 0.250689 0.000000
vt 0.589532 0.000000
vt 0.424242 0.000000
vt 0.247934 0.000000
vt 0.630854 0.000000
vt 0.426997 0.000000
vt 0.245179 0.000000
vt 0.586777 0.000000
vt 0.429752 0.000000
vt 0.242424 0.000000
vt 0.432507 0.000000
vt 0.239669 0.000000
vt 0.633609 0.000000
vt 0.584022 0.000000
vt 0.435262 0.000000
vt 0.236915 0.000000
vt 0.234160 0.000000
vt 0.438017 0.000000
vt 0.231405 0.000000
vt 0.440771 0.000000
vt 0.636364 0.000000
vt 0.581267 0.000000
vt 0.228650 0.000000
vt 0.443526 0.000000
vt 0.225895 0.000000
vt 0.446281 0.000000
vt 0.223140 0.000000
vt 0.449036 0.000000
vt 0.578512 0.000000
vt 0.220386 0.000000
vt 0.451791 0.000000
vt 0.639118 0.000000
vt 0.217631 0.000000
vt 0.454545 0.000000
vt 0.214876 0.000000
vt 0.457300 0.000000
vt 0.212121 0.000000
vt 0.460055 0.000000
vt 0.209366 0.000000
vt 0.462810 0.000000
vt 0.206612 0.000000
vt 0.465565 0.000000
vt 0.203857 0.000000
vt 0.575758 0.000000
vt 0.641873 0.000000
vt 0.573003 0.000000
vt 0.644628 0.000000
vt 0.570248 0.000000
vt 0.647383 0.000000
vt 0.567493 0.000000
vt 0.650138 0.000000
vt 0.564738 0.000000
vt 0.652893 0.000000
vt 0.561983 0.000000
vt 0.559229 0.000000
vt 0.655647 0.000000
vt 0.556474 0.000000
vt 0.658402 0.000000
vt 0.553719 0.000000
vt 0.661157 0.000000
vt 0.550964 0.000000
vt 0.663912 0.000000
vt 0.548209 0.000000
vt 0.666667 0.000000
vt 0.545455 0.000000
vt 0.669421 0.000000
vt 0.542700 0.000000
vt 0.672176 0.000000
vt 0.539945 0.000000
vt 0.674931 0.000000
vt 0.537190 0.000000
vt 0.677686 0.000000
vt 0.534435 0.000000
vt 0.680441 0.000000
vt 0.531680 0.000000
vt 0.683196 0.000000
vt 0.528926 0.000000
vt 0.685950 0.000000
vt 0.526171 0.000000
vt 0.688705 0.000000
vt 0.523416 0.000000
vt 0.691460 0.000000
vt 0.520661 0.000000
vt 0.694215 0.000000
vt 0.517906 0.000000
vt 0.696970 0.000000
vt 0.515152 0.000000
vt 0.699724 0.000000
vt 0.512397 0.000000
vt 0.702479 0.000000
vt 0.509642 0.000000
vt 0.705234 0.000000
vt 0.506887 0.000000
vt 0.707989 0.000000
vt 0.504132 0.000000
vt 0.710744 0.000000
vt 0.501377 0.000000
vt 0.713499 0.000000
vt 0.498623 0.000000
vt 0.716253 0.000000
vt 0.495868 0.000000
vt 0.719008 0.000000
vt 0.493113 0.000000
vt 0.721763 0.000000
vt 0.490358 0.000000
vt 0.724518 0.000000
vt 0.487603 0.000000
vt 0.727273 0.000000
vt 0.484848 0.000000
vt 0.730028 0.000000
vt 0.482094 0.000000
vt 0.732782 0.000000
vt 0.479339 0.000000
vt 0.735537 0.000000
vt 0.476584 0.000000
vt 0.473829 0.000000
vt 0.471074 0.000000
vt 0.468320 0.000000
vt 0.099174 0.000000
vt 0.101928 0.000000
vt 0.104683 0.000000
vt 0.096419 0.000000
vt 0.093664 0.000000
vt 0.107438 0.000000
vt 0.090909 0.000000
vt 0.110193 0.000000
vt 0.088154 0.000000
vt 0.112948 0.000000
vt 0.085399 0.000000
vt 0.115702 0.000000
vt 0.082645 0.000000
vt 0.118457 0.000000
vt 0.079890 0.000000
vt 0.121212 0.000000
vt 0.077135 0.000000
vt 0.123967 0.000000
vt 0.074380 0.000000
vt 0.126722 0.000000
vt 0.071625 0.000000
vt 0.129477 0.000000
vt 0.068871 0.000000
vt 0.132231 0.000000
vt 0.066116 0.000000
vt 0.134986 0.000000
vt 0.063361 0.000000
vt 0.137741 0.000000
vt 0.060606 0.000000
vt 0.140496 0.000000
vt 0.057851 0.000000
vt 0.143251 0.000000
vt 0.055096 0.000000
vt 0.146006 0.000000
vt 0.052342 0.000000
vt 0.148760 0.000000
vt 0.049587 0.000000
vt 0.151515 0.000000
vt 0.046832 0.000000
vt 0.154270 0.000000
vt 0.044077 0.000000
vt 0.157025 0.000000
vt 0.041322 0.000000
vt 0.159780 0.000000
vt 0.038567 0.000000
vt 0.162534 0.000000
vt 0.035813 0.000000
vt 0.165289 0.000000
vt 0.033058 0.000000
vt 0.030303 0.000000
vt 0.168044 0.000000
vt 0.027548 0.000000
vt 0.170799 0.000000
vt 0.024793 0.000000
vt 0.173554 0.000000
vt 0.022039 0.000000
vt 0.176309 0.000000
vt 0.019284 0.000000
vt 0.179063 0.000000
vt 0.016529 0.000000
vt 0.181818 0.000000
vt 0.013774 0.000000
vt 0.184573 0.000000
vt 0.011019 0.000000
vt 0.187328 0.000000
vt 0.008264 0.000000
vt 0.190083 0.000000
vt 0.005510 0.000000
vt 0.192837 0.000000
vt 0.002755 0.000000
vt 0.195592 0.000000
vt 0.198347 0.000000
vt 0.201102 0.000000
vt 0.109091 0.000000
vt 0.113636 0.000000
vt 0.118182 0.000000
vt 0.122727 0.000000
vt 0.127273 0.000000
vt 0.131818 0.000000
vt 0.136364 0.000000
vt 0.140909 0.000000
vt 0.145455 0.000000
vt 0.150000 0.000000
vt 0.154545 0.000000
vt 0.159091 0.000000
vt 0.163636 0.000000
vt 0.168182 0.000000
vt 0.172727 0.000000
vt 0.177273 0.000000
vt 0.186364 0.000000
vt 0.104545 0.000000
vt 0.190909 0.000000
vt 0.100000 0.000000
vt 0.095455 0.000000
vt 0.195455 0.000000
vt 0.086364 0.000000
vt 0.081818 0.000000
vt 0.204545 0.000000
vt 0.077273 0.000000
vt 0.209091 0.000000
vt 0.072727 0.000000
vt 0.213636 0.000000
vt 0.068182 0.000000
vt 0.063636 0.000000
vt 0.218182 0.000000
vt 0.059091 0.000000
vt 0.222727 0.000000
vt 0.054545 0.000000
vt 0.050000 0.000000
vt 0.045455 0.000000
vt 0.040909 0.000000
vt 0.036364 0.000000
vt 0.031818 0.000000
vt 0.027273 0.000000
vt 0.022727 0.000000
vt 0.018182 0.000000
vt 0.013636 0.000000
vt 0.009091 0.000000
vt 0.004545 0.000000
vt 0.772727 0.000000
vt 0.777273 0.000000
vt 0.781818 0.000000
vt 0.768182 0.000000
vt 0.763636 0.000000
vt 0.759091 0.000000
vt 0.754545 0.000000
vt 0.750000 0.000000
vt 0.745455 0.000000
vt 0.740909 0.000000
vt 0.786364 0.000000
vt 0.790909 0.000000
vt 0.736364 0.000000
vt 0.795455 0.000000
vt 0.731818 0.000000
vt 0.804545 0.000000
vt 0.809091 0.000000
vt 0.813636 0.000000
vt 0.722727 0.000000
vt 0.718182 0.000000
vt 0.822727 0.000000
vt 0.713636 0.000000
vt 0.827273 0.000000
vt 0.831818 0.000000
vt 0.709091 0.000000
vt 0.836364 0.000000
vt 0.704545 0.000000
vt 0.840909 0.000000
vt 0.700000 0.000000
vt 0.845455 0.000000
vt 0.695455 0.000000
vt 0.850000 0.000000
vt 0.690909 0.000000
vt 0.854545 0.000000
vt 0.686364 0.000000
vt 0.859091 0.000000
vt 0.681818 0.000000
vt 0.863636 0.000000
vt 0.677273 0.000000
vt 0.868182 0.000000
vt 0.672727 0.000000
vt 0.872727 0.000000
vt 0.668182 0.000000
vt 0.877273 0.000000
vt 0.663636 0.000000
vt 0.881818 0.000000
vt 0.659091 0.000000
vt 0.390909 0.000000
vt 0.395455 0.000000
vt 0.886364 0.000000
vt 0.654545 0.000000
vt 0.404545 0.000000
vt 0.650000 0.000000
vt 0.890909 0.000000
vt 0.409091 0.000000
vt 0.645455 0.000000
vt 0.895455 0.000000
vt 0.413636 0.000000
vt 0.640909 0.000000
vt 0.900000 0.000000
vt 0.418182 0.000000
vt 0.631818 0.000000
vt 0.904545 0.000000
vt 0.422727 0.000000
vt 0.627273 0.000000
vt 0.427273 0.000000
vt 0.622727 0.000000
vt 0.618182 0.000000
vt 0.431818 0.000000
vt 0.613636 0.000000
vt 0.913636 0.000000
vt 0.436364 0.000000
vt 0.609091 0.000000
vt 0.604545 0.000000
vt 0.386364 0.000000
vt 0.918182 0.000000
vt 0.440909 0.000000
vt 0.445455 0.000000
vt 0.595455 0.000000
vt 0.922727 0.000000
vt 0.450000 0.000000
vt 0.590909 0.000000
vt 0.586364 0.000000
vt 0.581818 0.000000
vt 0.927273 0.000000
vt 0.459091 0.000000
vt 0.577273 0.000000
vt 0.572727 0.000000
vt 0.463636 0.000000
vt 0.568182 0.000000
vt 0.931818 0.000000
vt 0.468182 0.000000
vt 0.563636 0.000000
vt 0.559091 0.000000
vt 0.472727 0.000000
vt 0.554545 0.000000
vt 0.477273 0.000000
vt 0.550000 0.000000
vt 0.381818 0.000000
vt 0.936364 0.000000
vt 0.481818 0.000000
vt 0.540909 0.000000
vt 0.486364 0.000000
vt 0.536364 0.000000
vt 0.531818 0.000000
vt 0.490909 0.000000
vt 0.527273 0.000000
vt 0.522727 0.000000
vt 0.495455 0.000000
vt 0.518182 0.000000
vt 0.500000 0.000000
vt 0.513636 0.000000
vt 0.509091 0.000000
vt 0.504545 0.000000
vt 0.940909 0.000000
vt 0.945455 0.000000
vt 0.950000 0.000000
vt 0.377273 0.000000
vt 0.954545 0.000000
vt 0.959091 0.000000
vt 0.963636 0.000000
vt 0.968182 0.000000
vt 0.372727 0.000000
vt 0.972727 0.000000
vt 0.977273 0.000000
vt 0.981818 0.000000
vt 0.368182 0.000000
vt 0.986364 0.000000
vt 0.990909 0.000000
vt 0.995455 0.000000
vt 0.227273 0.000000
vt 0.231818 0.000000
vt 0.236364 0.000000
vt 0.359091 0.000000
vt 0.240909 0.000000
vt 0.245455 0.000000
vt 0.250000 0.000000
vt 0.354545 0.000000
vt 0.254545 0.000000
vt 0.259091 0.000000
vt 0.263636 0.000000
vt 0.350000 0.000000
vt 0.268182 0.000000
vt 0.277273 0.000000
vt 0.281818 0.000000
vt 0.345455 0.000000
vt 0.286364 0.000000
vt 0.290909 0.000000
vt 0.295455 0.000000
vt 0.300000 0.000000
vt 0.340909 0.000000
vt 0.304545 0.000000
vt 0.309091 0.000000
vt 0.313636 0.000000
vt 0.318182 0.000000
vt 0.336364 0.000000
vt 0.322727 0.000000
vt 0.327273 0.000000
vt 0.331818 0.000000
vt 0.797203 0.000000
vt 0.799534 0.000000
vt 0.801865 0.000000
vt 0.804196 0.000000
vt 0.806527 0.000000
vt 0.808858 0.000000
vt 0.811189 0.000000
vt 0.813520 0.000000
vt 0.941725 0.000000
vt 0.944056 0.000000
vt 0.946387 0.000000
vt 0.815851 0.000000
vt 0.948718 0.000000
vt 0.951049 0.000000
vt 0.820513 0.000000
vt 0.953380 0.000000
vt 0.822844 0.000000
vt 0.955711 0.000000
vt 0.825175 0.000000
vt 0.958042 0.000000
vt 0.827506 0.000000
vt 0.960373 0.000000
vt 0.794872 0.000000
vt 0.829837 0.000000
vt 0.962704 0.000000
vt 0.792541 0.000000
vt 0.790210 0.000000
vt 0.832168 0.000000
vt 0.965035 0.000000
vt 0.937063 0.000000
vt 0.834499 0.000000
vt 0.785548 0.000000
vt 0.934732 0.000000
vt 0.967366 0.000000
vt 0.836830 0.000000
vt 0.783217 0.000000
vt 0.932401 0.000000
vt 0.780886 0.000000
vt 0.930070 0.000000
vt 0.839161 0.000000
vt 0.778555 0.000000
vt 0.927739 0.000000
vt 0.972028 0.000000
vt 0.841492 0.000000
vt 0.776224 0.000000
vt 0.925408 0.000000
vt 0.843823 0.000000
vt 0.974359 0.000000
vt 0.773893 0.000000
vt 0.923077 0.000000
vt 0.846154 0.000000
vt 0.771562 0.000000
vt 0.976690 0.000000
vt 0.920746 0.000000
vt 0.769231 0.000000
vt 0.850816 0.000000
vt 0.918415 0.000000
vt 0.979021 0.000000
vt 0.766900 0.000000
vt 0.853147 0.000000
vt 0.916084 0.000000
vt 0.764569 0.000000
vt 0.981352 0.000000
vt 0.855478 0.000000
vt 0.913753 0.000000
vt 0.762238 0.000000
vt 0.713287 0.000000
vt 0.983683 0.000000
vt 0.759907 0.000000
vt 0.911422 0.000000
vt 0.986014 0.000000
vt 0.988345 0.000000
vt 0.755245 0.000000
vt 0.906760 0.000000
vt 0.752914 0.000000
vt 0.990676 0.000000
vt 0.904429 0.000000
vt 0.750583 0.000000
vt 0.993007 0.000000
vt 0.748252 0.000000
vt 0.902098 0.000000
vt 0.995338 0.000000
vt 0.745921 0.000000
vt 0.899767 0.000000
vt 0.997669 0.000000
vt 0.743590 0.000000
vt 0.897436 0.000000
vt 0.741259 0.000000
vt 0.895105 0.000000
vt 0.738928 0.000000
vt 0.857809 0.000000
vt 0.736597 0.000000
vt 0.892774 0.000000
vt 0.734266 0.000000
vt 0.890443 0.000000
vt 0.731935 0.000000
vt 0.729604 0.000000
vt 0.888112 0.000000
vt 0.885781 0.000000
vt 0.724942 0.000000
vt 0.722611 0.000000
vt 0.883450 0.000000
vt 0.720280 0.000000
vt 0.717949 0.000000
vt 0.881119 0.000000
vt 0.715618 0.000000
vt 0.876457 0.000000
vt 0.874126 0.000000
vt 0.871795 0.000000
vt 0.869464 0.000000
vt 0.867133 0.000000
vt 0.864802 0.000000
vt 0.862471 0.000000
vt 0.860140 0.000000
vt 0.055944 0.000000
vt 0.058275 0.000000
vt 0.062937 0.000000
vt 0.065268 0.000000
vt 0.067599 0.000000
vt 0.069930 0.000000
vt 0.072261 0.000000
vt 0.074592 0.000000
vt 0.076923 0.000000
vt 0.079254 0.000000
vt 0.081585 0.000000
vt 0.083916 0.000000
vt 0.086247 0.000000
vt 0.088578 0.000000
vt 0.093240 0.000000
vt 0.095571 0.000000
vt 0.097902 0.000000
vt 0.100233 0.000000
vt 0.102564 0.000000
vt 0.104895 0.000000
vt 0.107226 0.000000
vt 0.109557 0.000000
vt 0.111888 0.000000
vt 0.114219 0.000000
vt 0.116550 0.000000
vt 0.118881 0.000000
vt 0.123543 0.000000
vt 0.125874 0.000000
vt 0.128205 0.000000
vt 0.130536 0.000000
vt 0.132867 0.000000
vt 0.135198 0.000000
vt 0.053613 0.000000
vt 0.137529 0.000000
vt 0.051282 0.000000
vt 0.139860 0.000000
vt 0.142191 0.000000
vt 0.048951 0.000000
vt 0.046620 0.000000
vt 0.044289 0.000000
vt 0.041958 0.000000
vt 0.039627 0.000000
vt 0.037296 0.000000
vt 0.034965 0.000000
vt 0.032634 0.000000
vt 0.027972 0.000000
vt 0.025641 0.000000
vt 0.023310 0.000000
vt 0.020979 0.000000
vt 0.018648 0.000000
vt 0.016317 0.000000
vt 0.013986 0.000000
vt 0.011655 0.000000
vt 0.009324 0.000000
vt 0.006993 0.000000
vt 0.004662 0.000000
vt 0.002331 0.000000
vt 0.228438 0.000000
vt 0.230769 0.000000
vt 0.233100 0.000000
vt 0.235431 0.000000
vt 0.237762 0.000000
vt 0.240093 0.000000
vt 0.244755 0.000000
vt 0.247086 0.000000
vt 0.249417 0.000000
vt 0.251748 0.000000
vt 0.254079 0.000000
vt 0.256410 0.000000
vt 0.258741 0.000000
vt 0.261072 0.000000
vt 0.263403 0.000000
vt 0.265734 0.000000
vt 0.268065 0.000000
vt 0.270396 0.000000
vt 0.275058 0.000000
vt 0.277389 0.000000
vt 0.279720 0.000000
vt 0.282051 0.000000
vt 0.284382 0.000000
vt 0.286713 0.000000
vt 0.708625 0.000000
vt 0.710956 0.000000
vt 0.317016 0.000000
vt 0.289044 0.000000
vt 0.291375 0.000000
vt 0.293706 0.000000
vt 0.296037 0.000000
vt 0.706294 0.000000
vt 0.298368 0.000000
vt 0.300699 0.000000
vt 0.305361 0.000000
vt 0.703963 0.000000
vt 0.307692 0.000000
vt 0.310023 0.000000
vt 0.312354 0.000000
vt 0.701632 0.000000
vt 0.314685 0.000000
vt 0.226107 0.000000
vt 0.223776 0.000000
vt 0.221445 0.000000
vt 0.219114 0.000000
vt 0.216783 0.000000
vt 0.214452 0.000000
vt 0.209790 0.000000
vt 0.207459 0.000000
vt 0.205128 0.000000
vt 0.202797 0.000000
vt 0.200466 0.000000
vt 0.198135 0.000000
vt 0.195804 0.000000
vt 0.193473 0.000000
vt 0.191142 0.000000
vt 0.188811 0.000000
vt 0.186480 0.000000
vt 0.184149 0.000000
vt 0.179487 0.000000
vt 0.177156 0.000000
vt 0.174825 0.000000
vt 0.172494 0.000000
vt 0.170163 0.000000
vt 0.167832 0.000000
vt 0.165501 0.000000
vt 0.163170 0.000000
vt 0.160839 0.000000
vt 0.158508 0.000000
vt 0.156177 0.000000
vt 0.153846 0.000000
vt 0.149184 0.000000
vt 0.146853 0.000000
vt 0.144522 0.000000
vt 0.699301 0.000000
vt 0.694639 0.000000
vt 0.692308 0.000000
vt 0.689977 0.000000
vt 0.687646 0.000000
vt 0.685315 0.000000
vt 0.682984 0.000000
vt 0.680653 0.000000
vt 0.319347 0.000000
vt 0.678322 0.000000
vt 0.321678 0.000000
vt 0.675991 0.000000
vt 0.324009 0.000000
vt 0.673660 0.000000
vt 0.326340 0.000000
vt 0.671329 0.000000
vt 0.328671 0.000000
vt 0.668998 0.000000
vt 0.331002 0.000000
vt 0.664336 0.000000
vt 0.662005 0.000000
vt 0.335664 0.000000
vt 0.659674 0.000000
vt 0.337995 0.000000
vt 0.657343 0.000000
vt 0.340326 0.000000
vt 0.655012 0.000000
vt 0.342657 0.000000
vt 0.652681 0.000000
vt 0.650350 0.000000
vt 0.344988 0.000000
vt 0.648019 0.000000
vt 0.347319 0.000000
vt 0.645688 0.000000
vt 0.643357 0.000000
vt 0.349650 0.000000
vt 0.512821 0.000000
vt 0.517483 0.000000
vt 0.641026 0.000000
vt 0.351981 0.000000
vt 0.519814 0.000000
vt 0.638695 0.000000
vt 0.354312 0.000000
vt 0.522144 0.000000
vt 0.634033 0.000000
vt 0.356643 0.000000
vt 0.524476 0.000000
vt 0.631702 0.000000
vt 0.629371 0.000000
vt 0.526807 0.000000
vt 0.358974 0.000000
vt 0.627040 0.000000
vt 0.529138 0.000000
vt 0.361305 0.000000
vt 0.624709 0.000000
vt 0.531469 0.000000
vt 0.622378 0.000000
vt 0.620047 0.000000
vt 0.533800 0.000000
vt 0.617716 0.000000
vt 0.536131 0.000000
vt 0.510490 0.000000
vt 0.365967 0.000000
vt 0.615385 0.000000
vt 0.538462 0.000000
vt 0.613054 0.000000
vt 0.368298 0.000000
vt 0.610723 0.000000
vt 0.540793 0.000000
vt 0.608392 0.000000
vt 0.543124 0.000000
vt 0.508159 0.000000
vt 0.370629 0.000000
vt 0.603730 0.000000
vt 0.601399 0.000000
vt 0.547786 0.000000
vt 0.599068 0.000000
vt 0.372960 0.000000
vt 0.550117 0.000000
vt 0.596737 0.000000
vt 0.552448 0.000000
vt 0.594406 0.000000
vt 0.554779 0.000000
vt 0.592075 0.000000
vt 0.505827 0.000000
vt 0.375291 0.000000
vt 0.589744 0.000000
vt 0.557110 0.000000
vt 0.587413 0.000000
vt 0.559441 0.000000
vt 0.585082 0.000000
vt 0.561772 0.000000
vt 0.582751 0.000000
vt 0.564103 0.000000
vt 0.580420 0.000000
vt 0.578089 0.000000
vt 0.566434 0.000000
vt 0.377622 0.000000
vt 0.568765 0.000000
vt 0.573427 0.000000
vt 0.571096 0.000000
vt 0.503497 0.000000
vt 0.379953 0.000000
vt 0.382284 0.000000
vt 0.501166 0.000000
vt 0.384615 0.000000
vt 0.386946 0.000000
vt 0.498834 0.000000
vt 0.389277 0.000000
vt 0.391608 0.000000
vt 0.496504 0.000000
vt 0.396270 0.000000
vt 0.494172 0.000000
vt 0.398601 0.000000
vt 0.400932 0.000000
vt 0.491841 0.000000
vt 0.403263 0.000000
vt 0.489510 0.000000
vt 0.405594 0.000000
vt 0.407925 0.000000
vt 0.487179 0.000000
vt 0.410256 0.000000
vt 0.412587 0.000000
vt 0.414918 0.000000
vt 0.482517 0.000000
vt 0.417249 0.000000
vt 0.419580 0.000000
vt 0.480186 0.000000
vt 0.421911 0.000000
vt 0.477855 0.000000
vt 0.426573 0.000000
vt 0.475524 0.000000
vt 0.428904 0.000000
vt 0.431235 0.000000
vt 0.473193 0.000000
vt 0.433566 0.000000
vt 0.470862 0.000000
vt 0.435897 0.000000
vt 0.438228 0.000000
vt 0.468531 0.000000
vt 0.440559 0.000000
vt 0.466200 0.000000
vt 0.442890 0.000000
vt 0.445221 0.000000
vt 0.463869 0.000000
vt 0.447552 0.000000
vt 0.461538 0.000000
vt 0.449883 0.000000
vt 0.452214 0.000000
vt 0.459207 0.000000
vt 0.456876 0.000000
vt 0.313043 0.000000
vt 0.317391 0.000000
vt 0.321739 0.000000
vt 0.308696 0.000000
vt 0.304348 0.000000
vt 0.295652 0.000000
vt 0.291304 0.000000
vt 0.286957 0.000000
vt 0.282609 0.000000
vt 0.278261 0.000000
vt 0.273913 0.000000
vt 0.269565 0.000000
vt 0.265217 0.000000
vt 0.260870 0.000000
vt 0.256522 0.000000
vt 0.252174 0.000000
vt 0.247826 0.000000
vt 0.243478 0.000000
vt 0.239130 0.000000
vt 0.234783 0.000000
vt 0.230435 0.000000
vt 0.226087 0.000000
vt 0.221739 0.000000
vt 0.217391 0.000000
vt 0.326087 0.000000
vt 0.330435 0.000000
vt 0.213043 0.000000
vt 0.334783 0.000000
vt 0.339130 0.000000
vt 0.208696 0.000000
vt 0.343478 0.000000
vt 0.347826 0.000000
vt 0.204348 0.000000
vt 0.352174 0.000000
vt 0.356522 0.000000
vt 0.360870 0.000000
vt 0.195652 0.000000
vt 0.365217 0.000000
vt 0.191304 0.000000
vt 0.369565 0.000000
vt 0.373913 0.000000
vt 0.186957 0.000000
vt 0.378261 0.000000
vt 0.182609 0.000000
vt 0.382609 0.000000
vt 0.178261 0.000000
vt 0.386957 0.000000
vt 0.391304 0.000000
vt 0.173913 0.000000
vt 0.395652 0.000000
vt 0.169565 0.000000
vt 0.404348 0.000000
vt 0.165217 0.000000
vt 0.408696 0.000000
vt 0.160870 0.000000
vt 0.413043 0.000000
vt 0.156522 0.000000
vt 0.417391 0.000000
vt 0.421739 0.000000
vt 0.152174 0.000000
vt 0.426087 0.000000
vt 0.147826 0.000000
vt 0.430435 0.000000
vt 0.143478 0.000000
vt 0.434783 0.000000
vt 0.139130 0.000000
vt 0.439130 0.000000
vt 0.134783 0.000000
vt 0.443478 0.000000
vt 0.130435 0.000000
vt 0.447826 0.000000
vt 0.126087 0.000000
vt 0.452174 0.000000
vt 0.121739 0.000000
vt 0.456522 0.000000
vt 0.117391 0.000000
vt 0.460870 0.000000
vt 0.113043 0.000000
vt 0.465217 0.000000
vt 0.108696 0.000000
vt 0.469565 0.000000
vt 0.104348 0.000000
vt 0.473913 0.000000
vt 0.478261 0.000000
vt 0.095652 0.000000
vt 0.482609 0.000000
vt 0.091304 0.000000
vt 0.486957 0.000000
vt 0.904348 0.000000
vt 0.895652 0.000000
vt 0.086957 0.000000
vt 0.491304 0.000000
vt 0.082609 0.000000
vt 0.891304 0.000000
vt 0.908696 0.000000
vt 0.078261 0.000000
vt 0.495652 0.000000
vt 0.886957 0.000000
vt 0.913043 0.000000
vt 0.073913 0.000000
vt 0.882609 0.000000
vt 0.069565 0.000000
vt 0.917391 0.000000
vt 0.504348 0.000000
vt 0.878261 0.000000
vt 0.065217 0.000000
vt 0.921739 0.000000
vt 0.060870 0.000000
vt 0.508696 0.000000
vt 0.873913 0.000000
vt 0.926087 0.000000
vt 0.056522 0.000000
vt 0.513043 0.000000
vt 0.869565 0.000000
vt 0.052174 0.000000
vt 0.930435 0.000000
vt 0.517391 0.000000
vt 0.865217 0.000000
vt 0.047826 0.000000
vt 0.934783 0.000000
vt 0.043478 0.000000
vt 0.521739 0.000000
vt 0.860870 0.000000
vt 0.039130 0.000000
vt 0.939130 0.000000
vt 0.526087 0.000000
vt 0.856522 0.000000
vt 0.034783 0.000000
vt 0.943478 0.000000
vt 0.030435 0.000000
vt 0.530435 0.000000
vt 0.852174 0.000000
vt 0.026087 0.000000
vt 0.947826 0.000000
vt 0.534783 0.000000
vt 0.847826 0.000000
vt 0.021739 0.000000
vt 0.017391 0.000000
vt 0.952174 0.000000
vt 0.539130 0.000000
vt 0.843478 0.000000
vt 0.013043 0.000000
vt 0.956522 0.000000
vt 0.008696 0.000000
vt 0.543478 0.000000
vt 0.839130 0.000000
vt 0.004348 0.000000
vt 0.960870 0.000000
vt 0.547826 0.000000
vt 0.995652 0.000000
vt 0.991304 0.000000
vt 0.986957 0.000000
vt 0.982609 0.000000
vt 0.978261 0.000000
vt 0.973913 0.000000
vt 0.969565 0.000000
vt 0.965217 0.000000
vt 0.834783 0.000000
vt 0.552174 0.000000
vt 0.830435 0.000000
vt 0.556522 0.000000
vt 0.826087 0.000000
vt 0.560870 0.000000
vt 0.821739 0.000000
vt 0.565217 0.000000
vt 0.817391 0.000000
vt 0.569565 0.000000
vt 0.813043 0.000000
vt 0.573913 0.000000
vt 0.808696 0.000000
vt 0.578261 0.000000
vt 0.804348 0.000000
vt 0.582609 0.000000
vt 0.586957 0.000000
vt 0.795652 0.000000
vt 0.591304 0.000000
vt 0.791304 0.000000
vt 0.595652 0.000000
vt 0.786957 0.000000
vt 0.782609 0.000000
vt 0.604348 0.000000
vt 0.778261 0.000000
vt 0.608696 0.000000
vt 0.773913 0.000000
vt 0.613043 0.000000
vt 0.769565 0.000000
vt 0.617391 0.000000
vt 0.765217 0.000000
vt 0.621739 0.000000
vt 0.760870 0.000000
vt 0.626087 0.000000
vt 0.756522 0.000000
vt 0.752174 0.000000
vt 0.630435 0.000000
vt 0.747826 0.000000
vt 0.634783 0.000000
vt 0.743478 0.000000
vt 0.639130 0.000000
vt 0.739130 0.000000
vt 0.643478 0.000000
vt 0.734783 0.000000
vt 0.647826 0.000000
vt 0.730435 0.000000
vt 0.652174 0.000000
vt 0.726087 0.000000
vt 0.656522 0.000000
vt 0.721739 0.000000
vt 0.660870 0.000000
vt 0.717391 0.000000
vt 0.665217 0.000000
vt 0.713043 0.000000
vt 0.708696 0.000000
vt 0.669565 0.000000
vt 0.704348 0.000000
vt 0.673913 0.000000
vt 0.678261 0.000000
vt 0.695652 0.000000
vt 0.682609 0.000000
vt 0.691304 0.000000
vt 0.686957 0.000000
vt 0.880779 0.000000
vt 0.883212 0.000000
vt 0.885645 0.000000
vt 0.878345 0.000000
vt 0.888078 0.000000
vt 0.875912 0.000000
vt 0.873479 0.000000
vt 0.890511 0.000000
vt 0.871046 0.000000
vt 0.892944 0.000000
vt 0.868613 0.000000
vt 0.866180 0.000000
vt 0.895377 0.000000
vt 0.863747 0.000000
vt 0.861314 0.000000
vt 0.897810 0.000000
vt 0.858881 0.000000
vt 0.900243 0.000000
vt 0.856448 0.000000
vt 0.854015 0.000000
vt 0.902676 0.000000
vt 0.851582 0.000000
vt 0.849148 0.000000
vt 0.905109 0.000000
vt 0.846715 0.000000
vt 0.907543 0.000000
vt 0.844282 0.000000
vt 0.909976 0.000000
vt 0.841849 0.000000
vt 0.839416 0.000000
vt 0.912409 0.000000
vt 0.836983 0.000000
vt 0.914842 0.000000
vt 0.834550 0.000000
vt 0.917275 0.000000
vt 0.832117 0.000000
vt 0.919708 0.000000
vt 0.829684 0.000000
vt 0.922141 0.000000
vt 0.827251 0.000000
vt 0.924574 0.000000
vt 0.824818 0.000000
vt 0.822384 0.000000
vt 0.927007 0.000000
vt 0.929440 0.000000
vt 0.931874 0.000000
vt 0.934307 0.000000
vt 0.936740 0.000000
vt 0.939173 0.000000
vt 0.941606 0.000000
vt 0.944039 0.000000
vt 0.946472 0.000000
vt 0.948905 0.000000
vt 0.951338 0.000000
vt 0.953771 0.000000
vt 0.956204 0.000000
vt 0.958637 0.000000
vt 0.961071 0.000000
vt 0.963504 0.000000
vt 0.965937 0.000000
vt 0.968370 0.000000
vt 0.970803 0.000000
vt 0.973236 0.000000
vt 0.975669 0.000000
vt 0.978102 0.000000
vt 0.980535 0.000000
vt 0.982968 0.000000
vt 0.985401 0.000000
vt 0.987835 0.000000
vt 0.990268 0.000000
vt 0.992701 0.000000
vt 0.995134 0.000000
vt 0.997567 0.000000
vt 0.819951 0.000000
vt 0.817518 0.000000
vt 0.815085 0.000000
vt 0.812652 0.000000
vt 0.810219 0.000000
vt 0.807786 0.000000
vt 0.805353 0.000000
vt 0.802920 0.000000
vt 0.800487 0.000000
vt 0.798054 0.000000
vt 0.795620 0.000000
vt 0.793187 0.000000
vt 0.790754 0.000000
vt 0.788321 0.000000
vt 0.785888 0.000000
vt 0.783455 0.000000
vt 0.781022 0.000000
vt 0.778589 0.000000
vt 0.776156 0.000000
vt 0.773723 0.000000
vt 0.771290 0.000000
vt 0.768856 0.000000
vt 0.766423 0.000000
vt 0.763990 0.000000
vt 0.761557 0.000000
vt 0.759124 0.000000
vt 0.756691 0.000000
vt 0.754258 0.000000
vt 0.751825 0.000000
vt 0.749392 0.000000
vt 0.746959 0.000000
vt 0.744526 0.000000
vt 0.742092 0.000000
vt 0.739659 0.000000
vt 0.737226 0.000000
vt 0.734793 0.000000
vt 0.732360 0.000000
vt 0.729927 0.000000
vt 0.727494 0.000000
vt 0.725061 0.000000
vt 0.722628 0.000000
vt 0.720195 0.000000
vt 0.717762 0.000000
vt 0.715328 0.000000
vt 0.712895 0.000000
vt 0.710462 0.000000
vt 0.708029 0.000000
vt 0.705596 0.000000
vt 0.703163 0.000000
vt 0.700730 0.000000
vt 0.698297 0.000000
vt 0.695864 0.000000
vt 0.693431 0.000000
vt 0.690998 0.000000
vt 0.688564 0.000000
vt 0.686131 0.000000
vt 0.683698 0.000000
vt 0.681265 0.000000
vt 0.678832 0.000000
vt 0.676399 0.000000
vt 0.673966 0.000000
vt 0.671533 0.000000
vt 0.669100 0.000000
vt 0.664234 0.000000
vt 0.661801 0.000000
vt 0.659367 0.000000
vt 0.656934 0.000000
vt 0.654501 0.000000
vt 0.652068 0.000000
vt 0.649635 0.000000
vt 0.647202 0.000000
vt 0.440389 0.000000
vt 0.442822 0.000000
vt 0.445255 0.000000
vt 0.447689 0.000000
vt 0.437956 0.000000
vt 0.450122 0.000000
vt 0.435523 0.000000
vt 0.452555 0.000000
vt 0.433090 0.000000
vt 0.454988 0.000000
vt 0.430657 0.000000
vt 0.457421 0.000000
vt 0.428224 0.000000
vt 0.459854 0.000000
vt 0.425791 0.000000
vt 0.462287 0.000000
vt 0.423358 0.000000
vt 0.464720 0.000000
vt 0.420925 0.000000
vt 0.467153 0.000000
vt 0.418491 0.000000
vt 0.469586 0.000000
vt 0.416058 0.000000
vt 0.472019 0.000000
vt 0.413625 0.000000
vt 0.474453 0.000000
vt 0.411192 0.000000
vt 0.476886 0.000000
vt 0.408759 0.000000
vt 0.406326 0.000000
vt 0.479319 0.000000
vt 0.403893 0.000000
vt 0.481752 0.000000
vt 0.401460 0.000000
vt 0.399027 0.000000
vt 0.484185 0.000000
vt 0.396594 0.000000
vt 0.486618 0.000000
vt 0.394161 0.000000
vt 0.391728 0.000000
vt 0.489051 0.000000
vt 0.389294 0.000000
vt 0.386861 0.000000
vt 0.491484 0.000000
vt 0.384428 0.000000
vt 0.381995 0.000000
vt 0.493917 0.000000
vt 0.379562 0.000000
vt 0.496350 0.000000
vt 0.377129 0.000000
vt 0.374696 0.000000
vt 0.498783 0.000000
vt 0.372263 0.000000
vt 0.369830 0.000000
vt 0.501217 0.000000
vt 0.367397 0.000000
vt 0.364964 0.000000
vt 0.503650 0.000000
vt 0.362530 0.000000
vt 0.360097 0.000000
vt 0.506083 0.000000
vt 0.357664 0.000000
vt 0.508516 0.000000
vt 0.355231 0.000000
vt 0.352798 0.000000
vt 0.350365 0.000000
vt 0.347932 0.000000
vt 0.345499 0.000000
vt 0.343066 0.000000
vt 0.340633 0.000000
vt 0.338200 0.000000
vt 0.335766 0.000000
vt 0.330900 0.000000
vt 0.328467 0.000000
vt 0.326034 0.000000
vt 0.323601 0.000000
vt 0.321168 0.000000
vt 0.318735 0.000000
vt 0.316302 0.000000
vt 0.313869 0.000000
vt 0.311436 0.000000
vt 0.309002 0.000000
vt 0.306569 0.000000
vt 0.304136 0.000000
vt 0.301703 0.000000
vt 0.299270 0.000000
vt 0.296837 0.000000
vt 0.294404 0.000000
vt 0.291971 0.000000
vt 0.510949 0.000000
vt 0.289538 0.000000
vt 0.287105 0.000000
vt 0.284672 0.000000
vt 0.513382 0.000000
vt 0.282238 0.000000
vt 0.279805 0.000000
vt 0.277372 0.000000
vt 0.515815 0.000000
vt 0.274939 0.000000
vt 0.272506 0.000000
vt 0.270073 0.000000
vt 0.518248 0.000000
vt 0.267640 0.000000
vt 0.265207 0.000000
vt 0.262774 0.000000
vt 0.520681 0.000000
vt 0.260341 0.000000
vt 0.257908 0.000000
vt 0.255474 0.000000
vt 0.253041 0.000000
vt 0.523114 0.000000
vt 0.250608 0.000000
vt 0.248175 0.000000
vt 0.245742 0.000000
vt 0.525547 0.000000
vt 0.243309 0.000000
vt 0.240876 0.000000
vt 0.238443 0.000000
vt 0.236010 0.000000
vt 0.527981 0.000000
vt 0.233577 0.000000
vt 0.231144 0.000000
vt 0.228710 0.000000
vt 0.226277 0.000000
vt 0.223844 0.000000
vt 0.530414 0.000000
vt 0.221411 0.000000
vt 0.218978 0.000000
vt 0.216545 0.000000
vt 0.214112 0.000000
vt 0.211679 0.000000
vt 0.209246 0.000000
vt 0.206813 0.000000
vt 0.204380 0.000000
vt 0.201946 0.000000
vt 0.199513 0.000000
vt 0.197080 0.000000
vt 0.194647 0.000000
vt 0.192214 0.000000
vt 0.189781 0.000000
vt 0.187348 0.000000
vt 0.184915 0.000000
vt 0.532847 0.000000
vt 0.182482 0.000000
vt 0.180049 0.000000
vt 0.177616 0.000000
vt 0.175182 0.000000
vt 0.172749 0.000000
vt 0.170316 0.000000
vt 0.535280 0.000000
vt 0.167883 0.000000
vt 0.165450 0.000000
vt 0.163017 0.000000
vt 0.160584 0.000000
vt 0.537713 0.000000
vt 0.158151 0.000000
vt 0.155718 0.000000
vt 0.153285 0.000000
vt 0.540146 0.000000
vt 0.150852 0.000000
vt 0.148418 0.000000
vt 0.145985 0.000000
vt 0.542579 0.000000
vt 0.143552 0.000000
vt 0.141119 0.000000
vt 0.138686 0.000000
vt 0.545012 0.000000
vt 0.136253 0.000000
vt 0.133820 0.000000
vt 0.547445 0.000000
vt 0.131387 0.000000
vt 0.128954 0.000000
vt 0.549878 0.000000
vt 0.126521 0.000000
vt 0.124088 0.000000
vt 0.552311 0.000000
vt 0.121655 0.000000
vt 0.119221 0.000000
vt 0.554745 0.000000
vt 0.116788 0.000000
vt 0.114355 0.000000
vt 0.557178 0.000000
vt 0.111922 0.000000
vt 0.109489 0.000000
vt 0.559611 0.000000
vt 0.107056 0.000000
vt 0.104623 0.000000
vt 0.562044 0.000000
vt 0.102190 0.000000
vt 0.564477 0.000000
vt 0.099757 0.000000
vt 0.097324 0.000000
vt 0.566910 0.000000
vt 0.094891 0.000000
vt 0.092457 0.000000
vt 0.569343 0.000000
vt 0.090024 0.000000
vt 0.087591 0.000000
vt 0.571776 0.000000
vt 0.085158 0.000000
vt 0.082725 0.000000
vt 0.574209 0.000000
vt 0.080292 0.000000
vt 0.576642 0.000000
vt 0.077859 0.000000
vt 0.075426 0.000000
vt 0.579075 0.000000
vt 0.072993 0.000000
vt 0.070560 0.000000
vt 0.581509 0.000000
vt 0.068127 0.000000
vt 0.065693 0.000000
vt 0.583942 0.000000
vt 0.063260 0.000000
vt 0.586375 0.000000
vt 0.060827 0.000000
vt 0.058394 0.000000
vt 0.588808 0.000000
vt 0.055961 0.000000
vt 0.053528 0.000000
vt 0.591241 0.000000
vt 0.051095 0.000000
vt 0.048662 0.000000
vt 0.593674 0.000000
vt 0.046229 0.000000
vt 0.043796 0.000000
vt 0.596107 0.000000
vt 0.041363 0.000000
vt 0.038929 0.000000
vt 0.598540 0.000000
vt 0.036496 0.000000
vt 0.600973 0.000000
vt 0.034063 0.000000
vt 0.031630 0.000000
vt 0.603406 0.000000
vt 0.029197 0.000000
vt 0.026764 0.000000
vt 0.605839 0.000000
vt 0.024331 0.000000
vt 0.021898 0.000000
vt 0.608272 0.000000
vt 0.019465 0.000000
vt 0.017032 0.000000
vt 0.014599 0.000000
vt 0.610706 0.000000
vt 0.012165 0.000000
vt 0.009732 0.000000
vt 0.613139 0.000000
vt 0.007299 0.000000
vt 0.004866 0.000000
vt 0.615572 0.000000
vt 0.002433 0.000000
vt 0.618005 0.000000
vt 0.620438 0.000000
vt 0.622871 0.000000
vt 0.625304 0.000000
vt 0.627737 0.000000
vt 0.630170 0.000000
vt 0.632603 0.000000
vt 0.635036 0.000000
vt 0.637470 0.000000
vt 0.639903 0.000000
vt 0.642336 0.000000
vt 0.644769 0.000000
s 0
usemtl マテリアル
f 49/1/1 50/2/1 51/3/1
f 48/4/1 49/1/1 51/3/1
f 48/4/1 51/3/1 52/5/1
f 47/6/1 48/4/1 52/5/1
f 47/6/1 52/5/1 53/7/1
f 46/8/1 47/6/1 53/7/1
f 46/8/1 53/7/1 54/9/1
f 45/10/1 46/8/1 54/9/1
f 45/10/1 54/9/1 55/11/1
f 44/12/1 45/10/1 55/11/1
f 44/12/1 55/11/1 56/13/1
f 43/14/1 44/12/1 56/13/1
f 43/14/1 56/13/1 57/15/1
f 42/16/1 43/14/1 57/15/1
f 42/16/1 57/15/1 58/17/1
f 41/18/1 42/16/1 58/17/1
f 41/18/1 58/17/1 59/19/1
f 40/20/1 41/18/1 59/19/1
f 40/20/1 59/19/1 60/21/1
f 39/22/1 40/20/1 60/21/1
f 39/22/1 60/21/1 61/23/1
f 38/24/1 39/22/1 61/23/1
f 38/24/1 61/23/1 62/25/1
f 37/26/1 38/24/1 62/25/1
f 37/26/1 62/25/1 63/27/1
f 37/26/1 63/27/1 64/28/1
f 36/29/1 37/26/1 64/28/1
f 36/29/1 64/28/1 65/30/1
f 35/31/1 36/29/1 65/30/1
f 35/31/1 65/30/1 66/32/1
f 34/33/1 35/31/1 66/32/1
f 34/33/1 66/32/1 67/34/1
f 33/35/1 34/33/1 67/34/1
f 33/35/1 67/34/1 68/36/1
f 32/37/1 33/35/1 68/36/1
f 32/37/1 68/36/1 69/38/1
f 31/39/1 32/37/1 69/38/1
f 31/39/1 69/38/1 70/40/1
f 30/41/1 31/39/1 70/40/1
f 30/41/1 70/40/1 71/42/1
f 29/43/1 30/41/1 71/42/1
f 29/43/1 71/42/1 72/44/1
f 28/45/1 29/43/1 72/44/1
f 28/45/1 72/44/1 73/46/1
f 27/47/1 28/45/1 73/46/1
f 27/47/1 73/46/1 74/48/1
f 26/49/1 27/47/1 74/48/1
f 25/50/1 26/49/1 74/48/1
f 25/50/1 74/48/1 75/51/1
f 24/52/1 25/50/1 75/51/1
f 23/53/1 24/52/1 75/51/1
f 22/54/1 23/53/1 75/51/1
f 21/55/1 22/54/1 75/51/1
f 20/56/1 21/55/1 75/51/1
f 19/57/1 20/56/1 75/51/1
f 18/58/1 19/57/1 75/51/1
f 17/59/1 18/58/1 75/51/1
f 16/60/1 17/59/1 75/51/1
f 15/61/1 16/60/1 75/51/1
f 14/62/1 15/61/1 75/51/1
f 13/63/1 14/62/1 75/51/1
f 12/64/1 13/63/1 75/51/1
f 11/65/1 12/64/1 75/51/1
f 10/66/1 11/65/1 75/51/1
f 9/67/1 10/66/1 75/51/1
f 8/68/1 9/67/1 75/51/1
f 7/69/1 8/68/1 75/51/1
f 6/70/1 7/69/1 75/51/1
f 5/71/1 6/70/1 76/72/1
f 76/72/1 6/70/1 75/51/1
f 4/73/1 5/71/1 76/72/1
f 3/74/1 4/73/1 77/75/1
f 77/75/1 4/73/1 76/72/1
f 2/76/1 3/74/1 77/75/1
f 1/77/1 2/76/1 146/78/1
f 146/78/1 2/76/1 145/79/1
f 145/79/1 2/76/1 144/80/1
f 144/80/1 2/76/1 143/81/1
f 143/81/1 2/76/1 142/82/1
f 142/82/1 2/76/1 141/83/1
f 141/83/1 2/76/1 140/84/1
f 140/84/1 2/76/1 139/85/1
f 139/85/1 2/76/1 138/86/1
f 138/86/1 2/76/1 137/87/1
f 137/87/1 2/76/1 136/88/1
f 136/88/1 2/76/1 135/89/1
f 135/89/1 2/76/1 134/90/1
f 134/90/1 2/76/1 133/91/1
f 133/91/1 2/76/1 132/92/1
f 132/92/1 2/76/1 131/93/1
f 131/93/1 2/76/1 130/94/1
f 130/94/1 2/76/1 129/95/1
f 129/95/1 2/76/1 128/96/1
f 128/96/1 2/76/1 127/97/1
f 127/97/1 2/76/1 126/98/1
f 126/98/1 2/76/1 125/99/1
f 125/99/1 2/76/1 124/100/1
f 124/100/1 2/76/1 123/101/1
f 123/101/1 2/76/1 122/102/1
f 122/102/1 2/76/1 121/103/1
f 121/103/1 2/76/1 120/104/1
f 120/104/1 2/76/1 119/105/1
f 119/105/1 2/76/1 118/106/1
f 118/106/1 2/76/1 117/107/1
f 117/107/1 2/76/1 116/108/1
f 116/108/1 2/76/1 115/109/1
f 115/109/1 2/76/1 114/110/1
f 114/110/1 2/76/1 113/111/1
f 113/111/1 2/76/1 112/112/1
f 112/112/1 2/76/1 111/113/1
f 111/113/1 2/76/1 110/114/1
f 110/114/1 2/76/1 109/115/1
f 109/115/1 2/76/1 108/116/1
f 108/116/1 2/76/1 107/117/1
f 107/117/1 2/76/1 106/118/1
f 106/118/1 2/76/1 105/119/1
f 105/119/1 2/76/1 104/120/1
f 104/120/1 2/76/1 103/121/1
f 103/121/1 2/76/1 102/122/1
f 102/122/1 2/76/1 101/123/1
f 101/123/1 2/76/1 100/124/1
f 100/124/1 2/76/1 99/125/1
f 99/125/1 2/76/1 98/126/1
f 98/126/1 2/76/1 97/127/1
f 97/127/1 2/76/1 96/128/1
f 96/128/1 2/76/1 95/129/1
f 95/129/1 2/76/1 94/130/1
f 94/130/1 2/76/1 93/131/1
f 93/131/1 2/76/1 92/132/1
f 92/132/1 2/76/1 91/133/1
f 91/133/1 2/76/1 90/134/1
f 90/134/1 2/76/1 89/135/1
f 89/135/1 2/76/1 88/136/1
f 88/136/1 2/76/1 87/137/1
f 87/137/1 2/76/1 86/138/1
f 86/138/1 2/76/1 85/139/1
f 85/139/1 2/76/1 84/140/1
f 84/140/1 2/76/1 83/141/1
f 83/141/1 2/76/1 82/142/1
f 82/142/1 2/76/1 81/143/1
f 81/143/1 2/76/1 80/144/1
f 80/144/1 2/76/1 79/145/1
f 79/145/1 2/76/1 78/146/1
f 78/146/1 2/76/1 77/75/1
f 268/147/1 269/148/1 270/149/1
f 267/150/1 268/147/1 270/149/1
f 267/150/1 270/149/1 271/151/1
f 266/152/1 267/150/1 271/151/1
f 266/152/1 271/151/1 272/153/1
f 265/154/1 266/152/1 272/153/1
f 265/154/1 272/153/1 273/155/1
f 264/156/1 265/154/1 273/155/1
f 264/156/1 273/155/1 274/157/1
f 263/158/1 264/156/1 274/157/1
f 263/158/1 274/157/1 275/159/1
f 262/160/1 263/158/1 275/159/1
f 262/160/1 275/159/1 276/161/1
f 261/162/1 262/160/1 276/161/1
f 261/162/1 276/161/1 277/163/1
f 260/164/1 261/162/1 277/163/1
f 260/164/1 277/163/1 278/165/1
f 259/166/1 260/164/1 278/165/1
f 259/166/1 278/165/1 279/167/1
f 258/168/1 259/166/1 279/167/1
f 258/168/1 279/167/1 280/169/1
f 257/170/1 258/168/1 280/169/1
f 257/170/1 280/169/1 281/171/1
f 256/172/1 257/170/1 281/171/1
f 256/172/1 281/171/1 282/173/1
f 256/172/1 282/173/1 283/174/1
f 255/175/1 256/172/1 283/174/1
f 365/176/1 366/177/1 367/178/1
f 255/175/1 283/174/1 284/179/1
f 254/180/1 255/175/1 284/179/1
f 254/180/1 284/179/1 285/181/1
f 253/182/1 254/180/1 285/181/1
f 365/176/1 367/178/1 368/183/1
f 253/182/1 285/181/1 286/184/1
f 252/185/1 253/182/1 286/184/1
f 252/185/1 286/184/1 287/186/1
f 251/187/1 252/185/1 287/186/1
f 365/176/1 368/183/1 369/188/1
f 251/187/1 287/186/1 288/189/1
f 250/190/1 251/187/1 463/191/1
f 463/191/1 251/187/1 288/189/1
f 250/190/1 463/191/1 464/192/1
f 462/193/1 463/191/1 288/189/1
f 462/193/1 288/189/1 289/194/1
f 249/195/1 250/190/1 464/192/1
f 461/196/1 462/193/1 289/194/1
f 249/195/1 464/192/1 465/197/1
f 460/198/1 461/196/1 289/194/1
f 249/195/1 465/197/1 466/199/1
f 459/200/1 460/198/1 289/194/1
f 249/195/1 466/199/1 467/201/1
f 458/202/1 459/200/1 289/194/1
f 249/195/1 467/201/1 468/203/1
f 457/204/1 458/202/1 289/194/1
f 249/195/1 468/203/1 469/205/1
f 456/206/1 457/204/1 289/194/1
f 249/195/1 469/205/1 470/207/1
f 455/208/1 456/206/1 289/194/1
f 249/195/1 470/207/1 471/209/1
f 365/176/1 369/188/1 370/210/1
f 454/211/1 455/208/1 289/194/1
f 249/195/1 471/209/1 472/212/1
f 453/213/1 454/211/1 289/194/1
f 249/195/1 472/212/1 473/214/1
f 453/213/1 289/194/1 290/215/1
f 248/216/1 249/195/1 473/214/1
f 452/217/1 453/213/1 290/215/1
f 248/216/1 473/214/1 474/218/1
f 451/219/1 452/217/1 290/215/1
f 248/216/1 474/218/1 475/220/1
f 248/216/1 475/220/1 476/221/1
f 450/222/1 451/219/1 290/215/1
f 248/216/1 476/221/1 477/223/1
f 449/224/1 450/222/1 290/215/1
f 248/216/1 477/223/1 478/225/1
f 448/226/1 449/224/1 290/215/1
f 448/226/1 290/215/1 291/227/1
f 247/228/1 248/216/1 478/225/1
f 247/228/1 478/225/1 479/229/1
f 447/230/1 448/226/1 291/227/1
f 365/176/1 370/210/1 371/231/1
f 247/228/1 479/229/1 480/232/1
f 446/233/1 447/230/1 291/227/1
f 247/228/1 480/232/1 481/234/1
f 445/235/1 446/233/1 291/227/1
f 445/235/1 291/227/1 292/236/1
f 246/237/1 247/228/1 481/234/1
f 246/237/1 481/234/1 482/238/1
f 444/239/1 445/235/1 292/236/1
f 246/237/1 482/238/1 483/240/1
f 443/241/1 444/239/1 292/236/1
f 246/237/1 483/240/1 484/242/1
f 442/243/1 443/241/1 292/236/1
f 442/243/1 292/236/1 293/244/1
f 245/245/1 246/237/1 484/242/1
f 245/245/1 484/242/1 485/246/1
f 441/247/1 442/243/1 293/244/1
f 365/176/1 371/231/1 372/248/1
f 245/245/1 485/246/1 486/249/1
f 440/250/1 441/247/1 293/244/1
f 245/245/1 486/249/1 487/251/1
f 439/252/1 440/250/1 293/244/1
f 244/253/1 245/245/1 487/251/1
f 244/253/1 487/251/1 488/254/1
f 438/255/1 439/252/1 293/244/1
f 438/255/1 293/244/1 294/256/1
f 244/253/1 488/254/1 489/257/1
f 437/258/1 438/255/1 294/256/1
f 244/253/1 489/257/1 490/259/1
f 436/260/1 437/258/1 294/256/1
f 244/253/1 490/259/1 491/261/1
f 435/262/1 436/260/1 294/256/1
f 243/263/1 244/253/1 491/261/1
f 435/262/1 294/256/1 295/264/1
f 365/176/1 372/248/1 373/265/1
f 243/263/1 491/261/1 492/266/1
f 434/267/1 435/262/1 295/264/1
f 243/263/1 492/266/1 493/268/1
f 433/269/1 434/267/1 295/264/1
f 364/270/1 365/176/1 373/265/1
f 243/263/1 493/268/1 494/271/1
f 432/272/1 433/269/1 295/264/1
f 242/273/1 243/263/1 494/271/1
f 432/272/1 295/264/1 296/274/1
f 242/273/1 494/271/1 495/275/1
f 431/276/1 432/272/1 296/274/1
f 242/273/1 495/275/1 496/277/1
f 430/278/1 431/276/1 296/274/1
f 242/273/1 496/277/1 497/279/1
f 429/280/1 430/278/1 296/274/1
f 242/273/1 497/279/1 498/281/1
f 428/282/1 429/280/1 296/274/1
f 428/282/1 296/274/1 297/283/1
f 241/284/1 242/273/1 498/281/1
f 364/270/1 373/265/1 374/285/1
f 363/286/1 364/270/1 374/285/1
f 241/284/1 498/281/1 499/287/1
f 427/288/1 428/282/1 297/283/1
f 241/284/1 499/287/1 500/289/1
f 426/290/1 427/288/1 297/283/1
f 241/284/1 500/289/1 501/291/1
f 425/292/1 426/290/1 297/283/1
f 425/292/1 297/283/1 298/293/1
f 240/294/1 241/284/1 501/291/1
f 240/294/1 501/291/1 502/295/1
f 424/296/1 425/292/1 298/293/1
f 240/294/1 502/295/1 503/297/1
f 423/298/1 424/296/1 298/293/1
f 240/294/1 503/297/1 504/299/1
f 422/300/1 423/298/1 298/293/1
f 240/294/1 504/299/1 505/301/1
f 421/302/1 422/300/1 298/293/1
f 240/294/1 505/301/1 506/303/1
f 420/304/1 421/302/1 298/293/1
f 240/294/1 506/303/1 507/305/1
f 419/306/1 420/304/1 298/293/1
f 362/307/1 363/286/1 374/285/1
f 240/294/1 507/305/1 508/308/1
f 418/309/1 419/306/1 298/293/1
f 418/309/1 298/293/1 299/310/1
f 239/311/1 240/294/1 508/308/1
f 239/311/1 508/308/1 509/312/1
f 417/313/1 418/309/1 299/310/1
f 239/311/1 509/312/1 510/78/1
f 416/314/1 417/313/1 299/310/1
f 239/311/1 510/78/1 415/315/1
f 415/315/1 416/314/1 299/310/1
f 239/311/1 415/315/1 299/310/1
f 362/307/1 374/285/1 375/316/1
f 239/311/1 299/310/1 300/317/1
f 238/318/1 239/311/1 300/317/1
f 361/319/1 362/307/1 375/316/1
f 238/318/1 300/317/1 301/320/1
f 237/321/1 238/318/1 301/320/1
f 361/319/1 375/316/1 376/322/1
f 237/321/1 301/320/1 302/323/1
f 236/324/1 237/321/1 302/323/1
f 360/325/1 361/319/1 376/322/1
f 236/324/1 302/323/1 303/326/1
f 235/327/1 236/324/1 303/326/1
f 235/327/1 303/326/1 304/328/1
f 234/329/1 235/327/1 304/328/1
f 360/325/1 376/322/1 377/330/1
f 359/331/1 360/325/1 377/330/1
f 234/329/1 304/328/1 305/332/1
f 233/333/1 234/329/1 305/332/1
f 232/334/1 233/333/1 305/332/1
f 232/334/1 305/332/1 306/335/1
f 231/336/1 232/334/1 306/335/1
f 231/336/1 306/335/1 307/337/1
f 359/331/1 377/330/1 378/338/1
f 358/339/1 359/331/1 378/338/1
f 230/340/1 231/336/1 307/337/1
f 230/340/1 307/337/1 308/341/1
f 229/342/1 230/340/1 308/341/1
f 229/342/1 308/341/1 309/343/1
f 228/344/1 229/342/1 309/343/1
f 228/344/1 309/343/1 310/345/1
f 357/346/1 358/339/1 378/338/1
f 227/347/1 228/344/1 310/345/1
f 227/347/1 310/345/1 311/348/1
f 357/346/1 378/338/1 379/349/1
f 226/350/1 227/347/1 311/348/1
f 226/350/1 311/348/1 312/351/1
f 225/352/1 226/350/1 312/351/1
f 225/352/1 312/351/1 313/353/1
f 224/354/1 225/352/1 313/353/1
f 224/354/1 313/353/1 314/355/1
f 223/356/1 224/354/1 314/355/1
f 223/356/1 314/355/1 315/357/1
f 222/358/1 223/356/1 315/357/1
f 222/358/1 315/357/1 316/359/1
f 221/360/1 222/358/1 316/359/1
f 356/361/1 357/346/1 379/349/1
f 356/361/1 379/349/1 380/362/1
f 355/363/1 356/361/1 380/362/1
f 355/363/1 380/362/1 381/364/1
f 354/365/1 355/363/1 381/364/1
f 354/365/1 381/364/1 382/366/1
f 353/367/1 354/365/1 382/366/1
f 353/367/1 382/366/1 383/368/1
f 352/369/1 353/367/1 383/368/1
f 352/369/1 383/368/1 384/370/1
f 351/371/1 352/369/1 384/370/1
f 350/372/1 351/371/1 384/370/1
f 350/372/1 384/370/1 385/373/1
f 349/374/1 350/372/1 385/373/1
f 349/374/1 385/373/1 386/375/1
f 348/376/1 349/374/1 386/375/1
f 348/376/1 386/375/1 387/377/1
f 347/378/1 348/376/1 387/377/1
f 347/378/1 387/377/1 388/379/1
f 346/380/1 347/378/1 388/379/1
f 346/380/1 388/379/1 389/381/1
f 345/382/1 346/380/1 389/381/1
f 345/382/1 389/381/1 390/383/1
f 344/384/1 345/382/1 390/383/1
f 344/384/1 390/383/1 391/385/1
f 343/386/1 344/384/1 391/385/1
f 343/386/1 391/385/1 392/387/1
f 342/388/1 343/386/1 392/387/1
f 342/388/1 392/387/1 393/389/1
f 341/390/1 342/388/1 393/389/1
f 341/390/1 393/389/1 394/391/1
f 340/392/1 341/390/1 394/391/1
f 340/392/1 394/391/1 395/393/1
f 339/394/1 340/392/1 395/393/1
f 339/394/1 395/393/1 396/395/1
f 338/396/1 339/394/1 396/395/1
f 338/396/1 396/395/1 397/397/1
f 337/398/1 338/396/1 397/397/1
f 337/398/1 397/397/1 398/399/1
f 336/400/1 337/398/1 398/399/1
f 336/400/1 398/399/1 399/401/1
f 335/402/1 336/400/1 399/401/1
f 335/402/1 399/401/1 400/403/1
f 334/404/1 335/402/1 400/403/1
f 334/404/1 400/403/1 401/405/1
f 333/406/1 334/404/1 401/405/1
f 333/406/1 401/405/1 402/407/1
f 332/408/1 333/406/1 402/407/1
f 332/408/1 402/407/1 403/409/1
f 331/410/1 332/408/1 403/409/1
f 331/410/1 403/409/1 404/411/1
f 330/412/1 331/410/1 404/411/1
f 330/412/1 404/411/1 405/413/1
f 329/414/1 330/412/1 405/413/1
f 329/414/1 405/413/1 406/415/1
f 328/416/1 329/414/1 406/415/1
f 328/416/1 406/415/1 407/417/1
f 327/418/1 328/416/1 407/417/1
f 327/418/1 407/417/1 408/419/1
f 326/420/1 327/418/1 408/419/1
f 326/420/1 408/419/1 409/421/1
f 325/422/1 326/420/1 409/421/1
f 325/422/1 409/421/1 410/423/1
f 324/424/1 325/422/1 410/423/1
f 324/424/1 410/423/1 411/425/1
f 323/426/1 324/424/1 411/425/1
f 323/426/1 411/425/1 412/427/1
f 322/428/1 323/426/1 412/427/1
f 322/428/1 412/427/1 413/429/1
f 321/430/1 322/428/1 413/429/1
f 321/430/1 413/429/1 414/431/1
f 320/432/1 321/430/1 414/431/1
f 320/432/1 414/431/1 319/433/1
f 319/433/1 414/431/1 318/434/1
f 318/434/1 414/431/1 317/435/1
f 183/436/1 184/437/1 185/438/1
f 182/439/1 183/436/1 185/438/1
f 181/440/1 182/439/1 185/438/1
f 181/440/1 185/438/1 186/441/1
f 180/442/1 181/440/1 186/441/1
f 180/442/1 186/441/1 187/443/1
f 179/444/1 180/442/1 187/443/1
f 179/444/1 187/443/1 188/445/1
f 178/446/1 179/444/1 188/445/1
f 178/446/1 188/445/1 189/447/1
f 177/448/1 178/446/1 189/447/1
f 177/448/1 189/447/1 190/449/1
f 176/450/1 177/448/1 190/449/1
f 176/450/1 190/449/1 191/451/1
f 175/452/1 176/450/1 191/451/1
f 175/452/1 191/451/1 192/453/1
f 174/454/1 175/452/1 192/453/1
f 174/454/1 192/453/1 193/455/1
f 173/456/1 174/454/1 193/455/1
f 173/456/1 193/455/1 194/457/1
f 172/458/1 173/456/1 194/457/1
f 172/458/1 194/457/1 195/459/1
f 171/460/1 172/458/1 195/459/1
f 171/460/1 195/459/1 196/461/1
f 170/462/1 171/460/1 196/461/1
f 170/462/1 196/461/1 197/463/1
f 169/464/1 170/462/1 197/463/1
f 169/464/1 197/463/1 198/465/1
f 168/466/1 169/464/1 198/465/1
f 168/466/1 198/465/1 199/467/1
f 167/468/1 168/466/1 199/467/1
f 167/468/1 199/467/1 200/469/1
f 166/470/1 167/468/1 200/469/1
f 166/470/1 200/469/1 201/471/1
f 165/472/1 166/470/1 201/471/1
f 165/472/1 201/471/1 202/473/1
f 164/474/1 165/472/1 202/473/1
f 164/474/1 202/473/1 203/475/1
f 163/476/1 164/474/1 203/475/1
f 163/476/1 203/475/1 204/477/1
f 162/478/1 163/476/1 204/477/1
f 162/478/1 204/477/1 205/479/1
f 161/480/1 162/478/1 205/479/1
f 161/480/1 205/479/1 206/481/1
f 160/482/1 161/480/1 206/481/1
f 160/482/1 206/481/1 207/483/1
f 159/484/1 160/482/1 207/483/1
f 158/485/1 159/484/1 207/483/1
f 158/485/1 207/483/1 208/486/1
f 157/487/1 158/485/1 208/486/1
f 157/487/1 208/486/1 209/488/1
f 156/489/1 157/487/1 209/488/1
f 156/489/1 209/488/1 210/490/1
f 155/491/1 156/489/1 210/490/1
f 155/491/1 210/490/1 211/492/1
f 154/493/1 155/491/1 211/492/1
f 154/493/1 211/492/1 212/494/1
f 153/495/1 154/493/1 212/494/1
f 153/495/1 212/494/1 213/496/1
f 152/497/1 153/495/1 213/496/1
f 152/497/1 213/496/1 214/498/1
f 151/499/1 152/497/1 214/498/1
f 151/499/1 214/498/1 215/500/1
f 150/501/1 151/499/1 215/500/1
f 150/501/1 215/500/1 216/502/1
f 149/503/1 150/501/1 216/502/1
f 149/503/1 216/502/1 217/504/1
f 148/505/1 149/503/1 217/504/1
f 148/505/1 217/504/1 218/506/1
f 147/77/1 148/505/1 218/506/1
f 147/77/1 218/506/1 219/507/1
f 147/77/1 219/507/1 220/508/1
f 535/509/1 536/510/1 537/511/1
f 535/509/1 537/511/1 538/512/1
f 535/509/1 538/512/1 539/513/1
f 535/509/1 539/513/1 540/514/1
f 535/509/1 540/514/1 541/515/1
f 535/509/1 541/515/1 542/516/1
f 535/509/1 542/516/1 543/517/1
f 535/509/1 543/517/1 544/518/1
f 535/509/1 544/518/1 545/519/1
f 535/509/1 545/519/1 546/520/1
f 535/509/1 546/520/1 547/521/1
f 535/509/1 547/521/1 548/522/1
f 535/509/1 548/522/1 549/523/1
f 535/509/1 549/523/1 550/524/1
f 535/509/1 550/524/1 551/496/1
f 535/509/1 551/496/1 552/525/1
f 534/526/1 535/509/1 552/525/1
f 534/526/1 552/525/1 553/527/1
f 533/528/1 534/526/1 553/527/1
f 532/529/1 533/528/1 553/527/1
f 532/529/1 553/527/1 554/530/1
f 531/442/1 532/529/1 554/530/1
f 531/442/1 554/530/1 555/41/1
f 530/531/1 531/442/1 555/41/1
f 529/532/1 530/531/1 555/41/1
f 529/532/1 555/41/1 556/533/1
f 528/534/1 529/532/1 556/533/1
f 528/534/1 556/533/1 557/535/1
f 527/536/1 528/534/1 557/535/1
f 527/536/1 557/535/1 558/537/1
f 526/538/1 527/536/1 558/537/1
f 525/539/1 526/538/1 558/537/1
f 525/539/1 558/537/1 559/540/1
f 524/541/1 525/539/1 559/540/1
f 524/541/1 559/540/1 560/542/1
f 523/543/1 524/541/1 560/542/1
f 523/543/1 560/542/1 522/544/1
f 522/544/1 560/542/1 521/545/1
f 521/545/1 560/542/1 520/546/1
f 520/546/1 560/542/1 519/547/1
f 519/547/1 560/542/1 518/548/1
f 518/548/1 560/542/1 517/549/1
f 517/549/1 560/542/1 516/550/1
f 516/550/1 560/542/1 515/551/1
f 515/551/1 560/542/1 514/552/1
f 514/552/1 560/542/1 513/553/1
f 513/553/1 560/542/1 512/554/1
f 512/554/1 560/542/1 511/77/1
f 681/555/1 682/556/1 683/557/1
f 680/558/1 681/555/1 683/557/1
f 679/559/1 680/558/1 683/557/1
f 678/560/1 679/559/1 683/557/1
f 677/561/1 678/560/1 683/557/1
f 676/562/1 677/561/1 683/557/1
f 675/563/1 676/562/1 683/557/1
f 674/564/1 675/563/1 683/557/1
f 674/564/1 683/557/1 684/565/1
f 674/564/1 684/565/1 685/566/1
f 673/567/1 674/564/1 685/566/1
f 673/567/1 685/566/1 686/568/1
f 673/567/1 686/568/1 687/107/1
f 672/569/1 673/567/1 687/107/1
f 672/569/1 687/107/1 688/570/1
f 671/425/1 672/569/1 688/570/1
f 671/425/1 688/570/1 689/571/1
f 671/425/1 689/571/1 690/572/1
f 670/573/1 671/425/1 690/572/1
f 670/573/1 690/572/1 691/239/1
f 669/574/1 670/573/1 691/239/1
f 669/574/1 691/239/1 692/575/1
f 668/576/1 669/574/1 692/575/1
f 668/576/1 692/575/1 693/577/1
f 668/576/1 693/577/1 694/578/1
f 667/579/1 668/576/1 694/578/1
f 667/579/1 694/578/1 695/580/1
f 666/581/1 667/579/1 695/580/1
f 666/581/1 695/580/1 696/582/1
f 665/583/1 666/581/1 696/582/1
f 665/583/1 696/582/1 697/584/1
f 664/585/1 665/583/1 697/584/1
f 664/585/1 697/584/1 698/586/1
f 663/587/1 664/585/1 698/586/1
f 663/587/1 698/586/1 699/588/1
f 662/589/1 663/587/1 699/588/1
f 662/589/1 699/588/1 700/590/1
f 661/591/1 662/589/1 700/590/1
f 661/591/1 700/590/1 701/592/1
f 660/593/1 661/591/1 701/592/1
f 660/593/1 701/592/1 702/594/1
f 659/595/1 660/593/1 702/594/1
f 659/595/1 702/594/1 703/596/1
f 658/597/1 659/595/1 703/596/1
f 658/597/1 703/596/1 704/598/1
f 657/599/1 658/597/1 704/598/1
f 657/599/1 704/598/1 705/600/1
f 656/601/1 657/599/1 705/600/1
f 597/602/1 598/603/1 599/19/1
f 656/601/1 705/600/1 706/604/1
f 655/605/1 656/601/1 706/604/1
f 597/602/1 599/19/1 600/606/1
f 654/607/1 655/605/1 706/604/1
f 654/607/1 706/604/1 707/608/1
f 597/602/1 600/606/1 601/609/1
f 653/610/1 654/607/1 707/608/1
f 653/610/1 707/608/1 708/611/1
f 597/602/1 601/609/1 602/612/1
f 652/613/1 653/610/1 708/611/1
f 652/613/1 708/611/1 709/614/1
f 651/338/1 652/613/1 709/614/1
f 597/602/1 602/612/1 603/615/1
f 650/616/1 651/338/1 709/614/1
f 650/616/1 709/614/1 710/617/1
f 597/602/1 603/615/1 604/618/1
f 649/619/1 650/616/1 710/617/1
f 597/602/1 604/618/1 605/620/1
f 648/621/1 649/619/1 710/617/1
f 648/621/1 710/617/1 711/223/1
f 647/622/1 648/621/1 711/223/1
f 597/602/1 605/620/1 606/623/1
f 646/624/1 647/622/1 711/223/1
f 646/624/1 711/223/1 712/625/1
f 597/602/1 606/623/1 607/626/1
f 645/627/1 646/624/1 712/625/1
f 644/628/1 645/627/1 712/625/1
f 596/629/1 597/602/1 607/626/1
f 644/628/1 712/625/1 713/630/1
f 596/629/1 607/626/1 608/631/1
f 643/136/1 644/628/1 713/630/1
f 596/629/1 608/631/1 609/632/1
f 642/633/1 643/136/1 713/630/1
f 642/633/1 713/630/1 714/634/1
f 596/629/1 609/632/1 610/635/1
f 641/636/1 642/633/1 714/634/1
f 640/637/1 641/636/1 714/634/1
f 596/629/1 610/635/1 611/351/1
f 639/638/1 640/637/1 714/634/1
f 639/638/1 714/634/1 715/639/1
f 596/629/1 611/351/1 612/640/1
f 638/641/1 639/638/1 715/639/1
f 637/642/1 638/641/1 715/639/1
f 596/629/1 612/640/1 613/643/1
f 636/644/1 637/642/1 715/639/1
f 636/644/1 715/639/1 716/645/1
f 596/629/1 613/643/1 614/646/1
f 635/647/1 636/644/1 716/645/1
f 634/648/1 635/647/1 716/645/1
f 596/629/1 614/646/1 615/649/1
f 633/650/1 634/648/1 716/645/1
f 596/629/1 615/649/1 616/651/1
f 632/652/1 633/650/1 716/645/1
f 595/653/1 596/629/1 616/651/1
f 631/382/1 632/652/1 716/645/1
f 631/382/1 716/645/1 717/654/1
f 595/653/1 616/651/1 617/655/1
f 630/656/1 631/382/1 717/654/1
f 595/653/1 617/655/1 618/657/1
f 629/658/1 630/656/1 717/654/1
f 628/659/1 629/658/1 717/654/1
f 595/653/1 618/657/1 619/660/1
f 627/661/1 628/659/1 717/654/1
f 626/662/1 627/661/1 717/654/1
f 595/653/1 619/660/1 620/663/1
f 625/664/1 626/662/1 717/654/1
f 595/653/1 620/663/1 621/665/1
f 624/666/1 625/664/1 717/654/1
f 623/667/1 624/666/1 717/654/1
f 595/653/1 621/665/1 622/668/1
f 622/668/1 623/667/1 717/654/1
f 595/653/1 622/668/1 717/654/1
f 595/653/1 717/654/1 718/669/1
f 595/653/1 718/669/1 719/670/1
f 595/653/1 719/670/1 720/671/1
f 594/672/1 595/653/1 720/671/1
f 594/672/1 720/671/1 721/673/1
f 594/672/1 721/673/1 722/674/1
f 594/672/1 722/674/1 723/675/1
f 594/672/1 723/675/1 724/676/1
f 593/677/1 594/672/1 724/676/1
f 593/677/1 724/676/1 725/678/1
f 593/677/1 725/678/1 726/679/1
f 593/677/1 726/679/1 727/680/1
f 592/681/1 593/677/1 727/680/1
f 592/681/1 727/680/1 728/682/1
f 592/681/1 728/682/1 729/683/1
f 592/681/1 729/683/1 730/684/1
f 592/681/1 730/684/1 731/78/1
f 591/167/1 592/681/1 731/78/1
f 591/167/1 731/78/1 561/685/1
f 591/167/1 561/685/1 562/686/1
f 591/167/1 562/686/1 563/687/1
f 590/688/1 591/167/1 563/687/1
f 590/688/1 563/687/1 564/689/1
f 590/688/1 564/689/1 565/690/1
f 590/688/1 565/690/1 566/691/1
f 589/692/1 590/688/1 566/691/1
f 589/692/1 566/691/1 567/693/1
f 589/692/1 567/693/1 568/694/1
f 589/692/1 568/694/1 569/695/1
f 588/696/1 589/692/1 569/695/1
f 588/696/1 569/695/1 570/697/1
f 588/696/1 570/697/1 571/237/1
f 588/696/1 571/237/1 572/698/1
f 588/696/1 572/698/1 573/699/1
f 587/700/1 588/696/1 573/699/1
f 587/700/1 573/699/1 574/701/1
f 587/700/1 574/701/1 575/702/1
f 587/700/1 575/702/1 576/703/1
f 587/700/1 576/703/1 577/704/1
f 586/705/1 587/700/1 577/704/1
f 586/705/1 577/704/1 578/706/1
f 586/705/1 578/706/1 579/707/1
f 586/705/1 579/707/1 580/708/1
f 586/705/1 580/708/1 581/709/1
f 585/710/1 586/705/1 581/709/1
f 585/710/1 581/709/1 582/711/1
f 585/710/1 582/711/1 583/712/1
f 585/710/1 583/712/1 584/713/1
f 841/172/1 842/170/1 843/168/1
f 841/172/1 843/168/1 844/166/1
f 841/172/1 844/166/1 845/164/1
f 841/172/1 845/164/1 846/162/1
f 841/172/1 846/162/1 847/160/1
f 841/172/1 847/160/1 848/158/1
f 841/172/1 848/158/1 849/156/1
f 841/172/1 849/156/1 850/154/1
f 841/172/1 850/154/1 851/152/1
f 841/172/1 851/152/1 852/150/1
f 840/175/1 841/172/1 852/150/1
f 901/359/1 902/435/1 903/434/1
f 900/357/1 901/359/1 903/434/1
f 899/355/1 900/357/1 903/434/1
f 899/355/1 903/434/1 904/433/1
f 898/353/1 899/355/1 904/433/1
f 897/351/1 898/353/1 904/433/1
f 897/351/1 904/433/1 905/432/1
f 896/348/1 897/351/1 905/432/1
f 895/345/1 896/348/1 905/432/1
f 894/343/1 895/345/1 905/432/1
f 894/343/1 905/432/1 906/430/1
f 893/341/1 894/343/1 906/430/1
f 892/337/1 893/341/1 906/430/1
f 892/337/1 906/430/1 907/428/1
f 891/335/1 892/337/1 907/428/1
f 840/175/1 852/150/1 853/147/1
f 890/332/1 891/335/1 907/428/1
f 839/180/1 840/175/1 853/147/1
f 890/332/1 907/428/1 908/426/1
f 889/328/1 890/332/1 908/426/1
f 888/326/1 889/328/1 908/426/1
f 888/326/1 908/426/1 909/424/1
f 887/323/1 888/326/1 909/424/1
f 886/320/1 887/323/1 909/424/1
f 839/180/1 853/147/1 854/148/1
f 838/182/1 839/180/1 854/148/1
f 886/320/1 909/424/1 910/422/1
f 885/317/1 886/320/1 910/422/1
f 884/310/1 885/317/1 910/422/1
f 884/310/1 910/422/1 911/420/1
f 883/293/1 884/310/1 911/420/1
f 837/185/1 838/182/1 854/148/1
f 837/185/1 854/148/1 855/149/1
f 882/283/1 883/293/1 911/420/1
f 882/283/1 911/420/1 912/418/1
f 881/274/1 882/283/1 912/418/1
f 836/187/1 837/185/1 855/149/1
f 836/187/1 855/149/1 856/151/1
f 880/264/1 881/274/1 912/418/1
f 880/264/1 912/418/1 913/416/1
f 879/256/1 880/264/1 913/416/1
f 835/190/1 836/187/1 856/151/1
f 835/190/1 856/151/1 857/153/1
f 878/244/1 879/256/1 913/416/1
f 878/244/1 913/416/1 914/414/1
f 877/236/1 878/244/1 914/414/1
f 834/195/1 835/190/1 857/153/1
f 877/236/1 914/414/1 915/412/1
f 834/195/1 857/153/1 858/155/1
f 876/227/1 877/236/1 915/412/1
f 875/215/1 876/227/1 915/412/1
f 833/216/1 834/195/1 858/155/1
f 875/215/1 915/412/1 916/410/1
f 833/216/1 858/155/1 859/157/1
f 874/194/1 875/215/1 916/410/1
f 832/228/1 833/216/1 859/157/1
f 874/194/1 916/410/1 917/408/1
f 832/228/1 859/157/1 860/159/1
f 873/189/1 874/194/1 917/408/1
f 872/186/1 873/189/1 917/408/1
f 831/237/1 832/228/1 860/159/1
f 831/237/1 860/159/1 861/161/1
f 872/186/1 917/408/1 918/406/1
f 871/184/1 872/186/1 918/406/1
f 830/245/1 831/237/1 861/161/1
f 830/245/1 861/161/1 862/163/1
f 871/184/1 918/406/1 919/404/1
f 870/181/1 871/184/1 919/404/1
f 829/253/1 830/245/1 862/163/1
f 829/253/1 862/163/1 863/165/1
f 869/179/1 870/181/1 919/404/1
f 869/179/1 919/404/1 920/402/1
f 828/263/1 829/253/1 863/165/1
f 828/263/1 863/165/1 864/167/1
f 868/174/1 869/179/1 920/402/1
f 868/174/1 920/402/1 921/400/1
f 828/263/1 864/167/1 865/169/1
f 827/273/1 828/263/1 865/169/1
f 867/173/1 868/174/1 921/400/1
f 867/173/1 921/400/1 922/398/1
f 866/171/1 867/173/1 922/398/1
f 827/273/1 865/169/1 866/171/1
f 826/284/1 827/273/1 866/171/1
f 826/284/1 866/171/1 922/398/1
f 826/284/1 922/398/1 923/396/1
f 825/294/1 826/284/1 923/396/1
f 824/311/1 825/294/1 923/396/1
f 824/311/1 923/396/1 924/394/1
f 823/318/1 824/311/1 924/394/1
f 823/318/1 924/394/1 925/392/1
f 822/321/1 823/318/1 925/392/1
f 822/321/1 925/392/1 926/390/1
f 821/324/1 822/321/1 926/390/1
f 820/327/1 821/324/1 926/390/1
f 820/327/1 926/390/1 927/388/1
f 820/327/1 927/388/1 928/386/1
f 819/329/1 820/327/1 928/386/1
f 819/329/1 928/386/1 929/384/1
f 818/333/1 819/329/1 929/384/1
f 818/333/1 929/384/1 930/382/1
f 817/334/1 818/333/1 930/382/1
f 817/334/1 930/382/1 1011/290/1
f 1011/290/1 930/382/1 931/380/1
f 817/334/1 1011/290/1 1012/288/1
f 1010/292/1 1011/290/1 931/380/1
f 817/334/1 1012/288/1 1013/282/1
f 1009/296/1 1010/292/1 931/380/1
f 817/334/1 1013/282/1 1014/280/1
f 817/334/1 1014/280/1 1015/278/1
f 1008/298/1 1009/296/1 931/380/1
f 817/334/1 1015/278/1 1016/276/1
f 817/334/1 1016/276/1 1017/272/1
f 1007/300/1 1008/298/1 931/380/1
f 817/334/1 1017/272/1 1018/269/1
f 1007/300/1 931/380/1 932/378/1
f 816/336/1 817/334/1 1018/269/1
f 816/336/1 1018/269/1 1019/267/1
f 1006/302/1 1007/300/1 932/378/1
f 816/336/1 1019/267/1 1020/262/1
f 816/336/1 1020/262/1 1021/260/1
f 1005/304/1 1006/302/1 932/378/1
f 816/336/1 1021/260/1 1022/258/1
f 815/340/1 816/336/1 1022/258/1
f 815/340/1 1022/258/1 1023/255/1
f 1004/306/1 1005/304/1 932/378/1
f 815/340/1 1023/255/1 1024/252/1
f 815/340/1 1024/252/1 1025/250/1
f 814/342/1 815/340/1 1025/250/1
f 1003/309/1 1004/306/1 932/378/1
f 1003/309/1 932/378/1 933/376/1
f 814/342/1 1025/250/1 1026/247/1
f 814/342/1 1026/247/1 1027/243/1
f 1002/313/1 1003/309/1 933/376/1
f 813/344/1 814/342/1 1027/243/1
f 813/344/1 1027/243/1 1028/241/1
f 813/344/1 1028/241/1 1029/239/1
f 1001/314/1 1002/313/1 933/376/1
f 812/347/1 813/344/1 1029/239/1
f 812/347/1 1029/239/1 1030/235/1
f 1001/314/1 933/376/1 934/374/1
f 812/347/1 1030/235/1 1031/233/1
f 1000/315/1 1001/314/1 934/374/1
f 811/350/1 812/347/1 1031/233/1
f 811/350/1 1031/233/1 1032/230/1
f 811/350/1 1032/230/1 1033/226/1
f 810/352/1 811/350/1 1033/226/1
f 999/431/1 1000/315/1 934/374/1
f 810/352/1 1033/226/1 1034/224/1
f 809/354/1 810/352/1 1034/224/1
f 809/354/1 1034/224/1 1035/222/1
f 999/431/1 934/374/1 935/372/1
f 998/429/1 999/431/1 935/372/1
f 809/354/1 1035/222/1 1036/219/1
f 808/356/1 809/354/1 1036/219/1
f 808/356/1 1036/219/1 1037/217/1
f 997/427/1 998/429/1 935/372/1
f 808/356/1 1037/217/1 1038/213/1
f 807/358/1 808/356/1 1038/213/1
f 996/425/1 997/427/1 935/372/1
f 807/358/1 1038/213/1 1039/211/1
f 996/425/1 935/372/1 936/371/1
f 806/360/1 807/358/1 1039/211/1
f 806/360/1 1039/211/1 1040/208/1
f 995/423/1 996/425/1 936/371/1
f 806/360/1 1040/208/1 1041/206/1
f 805/508/1 806/360/1 1041/206/1
f 805/508/1 1041/206/1 1042/204/1
f 994/421/1 995/423/1 936/371/1
f 804/507/1 805/508/1 1042/204/1
f 994/421/1 936/371/1 937/369/1
f 804/507/1 1042/204/1 1043/202/1
f 804/507/1 1043/202/1 1044/200/1
f 993/419/1 994/421/1 937/369/1
f 803/506/1 804/507/1 1044/200/1
f 803/506/1 1044/200/1 1045/198/1
f 802/504/1 803/506/1 1045/198/1
f 992/417/1 993/419/1 937/369/1
f 802/504/1 1045/198/1 1046/196/1
f 992/417/1 937/369/1 938/367/1
f 801/502/1 802/504/1 1046/196/1
f 801/502/1 1046/196/1 1047/193/1
f 991/415/1 992/417/1 938/367/1
f 801/502/1 1047/193/1 1048/191/1
f 800/500/1 801/502/1 1048/191/1
f 800/500/1 1048/191/1 1049/192/1
f 799/498/1 800/500/1 1049/192/1
f 990/413/1 991/415/1 938/367/1
f 990/413/1 938/367/1 939/365/1
f 799/498/1 1049/192/1 1050/197/1
f 798/496/1 799/498/1 1050/197/1
f 798/496/1 1050/197/1 1051/199/1
f 989/411/1 990/413/1 939/365/1
f 797/494/1 798/496/1 1051/199/1
f 797/494/1 1051/199/1 1052/201/1
f 796/492/1 797/494/1 1052/201/1
f 989/411/1 939/365/1 940/363/1
f 796/492/1 1052/201/1 1053/203/1
f 988/409/1 989/411/1 940/363/1
f 795/490/1 796/492/1 1053/203/1
f 795/490/1 1053/203/1 1054/205/1
f 987/407/1 988/409/1 940/363/1
f 794/488/1 795/490/1 1054/205/1
f 794/488/1 1054/205/1 1055/207/1
f 987/407/1 940/363/1 941/361/1
f 794/488/1 1055/207/1 1056/209/1
f 793/486/1 794/488/1 1056/209/1
f 986/405/1 987/407/1 941/361/1
f 793/486/1 1056/209/1 1057/212/1
f 792/483/1 793/486/1 791/481/1
f 791/481/1 793/486/1 790/479/1
f 790/479/1 793/486/1 789/477/1
f 789/477/1 793/486/1 788/475/1
f 788/475/1 793/486/1 787/473/1
f 787/473/1 793/486/1 786/471/1
f 786/471/1 793/486/1 785/469/1
f 785/469/1 793/486/1 784/467/1
f 784/467/1 793/486/1 783/465/1
f 783/465/1 793/486/1 782/463/1
f 782/463/1 793/486/1 781/461/1
f 781/461/1 793/486/1 780/459/1
f 780/459/1 793/486/1 779/457/1
f 779/457/1 793/486/1 778/455/1
f 778/455/1 793/486/1 777/453/1
f 777/453/1 793/486/1 776/451/1
f 776/451/1 793/486/1 775/449/1
f 775/449/1 793/486/1 774/447/1
f 774/447/1 793/486/1 773/445/1
f 773/445/1 793/486/1 772/443/1
f 772/443/1 793/486/1 771/441/1
f 771/441/1 793/486/1 770/438/1
f 770/438/1 793/486/1 769/437/1
f 769/437/1 793/486/1 768/436/1
f 768/436/1 793/486/1 1059/218/1
f 1059/218/1 793/486/1 1058/214/1
f 1058/214/1 793/486/1 1057/212/1
f 985/403/1 986/405/1 941/361/1
f 985/403/1 941/361/1 942/346/1
f 984/401/1 985/403/1 942/346/1
f 768/436/1 1059/218/1 1060/220/1
f 984/401/1 942/346/1 943/339/1
f 983/399/1 984/401/1 943/339/1
f 982/397/1 983/399/1 943/339/1
f 982/397/1 943/339/1 944/331/1
f 768/436/1 1060/220/1 1061/221/1
f 981/395/1 982/397/1 944/331/1
f 981/395/1 944/331/1 945/325/1
f 980/393/1 981/395/1 945/325/1
f 768/436/1 1061/221/1 1062/223/1
f 979/391/1 980/393/1 945/325/1
f 979/391/1 945/325/1 946/319/1
f 978/389/1 979/391/1 946/319/1
f 768/436/1 1062/223/1 1063/225/1
f 977/387/1 978/389/1 946/319/1
f 977/387/1 946/319/1 947/307/1
f 976/385/1 977/387/1 947/307/1
f 976/385/1 947/307/1 948/286/1
f 768/436/1 1063/225/1 1064/229/1
f 975/383/1 976/385/1 948/286/1
f 974/381/1 975/383/1 948/286/1
f 974/381/1 948/286/1 949/270/1
f 767/439/1 768/436/1 1064/229/1
f 767/439/1 1064/229/1 1065/232/1
f 973/379/1 974/381/1 949/270/1
f 973/379/1 949/270/1 950/176/1
f 972/377/1 973/379/1 950/176/1
f 766/440/1 767/439/1 1065/232/1
f 766/440/1 1065/232/1 1066/234/1
f 971/375/1 972/377/1 950/176/1
f 971/375/1 950/176/1 951/177/1
f 970/373/1 971/375/1 951/177/1
f 765/442/1 766/440/1 1066/234/1
f 765/442/1 1066/234/1 1067/238/1
f 969/370/1 970/373/1 951/177/1
f 969/370/1 951/177/1 952/178/1
f 968/368/1 969/370/1 952/178/1
f 764/444/1 765/442/1 1067/238/1
f 764/444/1 1067/238/1 1068/240/1
f 967/366/1 968/368/1 952/178/1
f 967/366/1 952/178/1 953/183/1
f 966/364/1 967/366/1 953/183/1
f 763/446/1 764/444/1 1068/240/1
f 965/362/1 966/364/1 953/183/1
f 763/446/1 1068/240/1 1069/242/1
f 965/362/1 953/183/1 954/188/1
f 964/349/1 965/362/1 954/188/1
f 762/448/1 763/446/1 1069/242/1
f 963/338/1 964/349/1 954/188/1
f 963/338/1 954/188/1 955/210/1
f 762/448/1 1069/242/1 1070/246/1
f 962/330/1 963/338/1 955/210/1
f 761/450/1 762/448/1 1070/246/1
f 962/330/1 955/210/1 956/231/1
f 761/450/1 1070/246/1 1071/249/1
f 962/330/1 956/231/1 957/248/1
f 760/452/1 761/450/1 1071/249/1
f 760/452/1 1071/249/1 1072/251/1
f 962/330/1 957/248/1 958/265/1
f 759/454/1 760/452/1 1072/251/1
f 759/454/1 1072/251/1 1073/254/1
f 962/330/1 958/265/1 959/285/1
f 758/456/1 759/454/1 1073/254/1
f 758/456/1 1073/254/1 1074/257/1
f 962/330/1 959/285/1 960/316/1
f 757/458/1 758/456/1 1074/257/1
f 757/458/1 1074/257/1 1075/259/1
f 962/330/1 960/316/1 961/322/1
f 756/460/1 757/458/1 1075/259/1
f 756/460/1 1075/259/1 1076/261/1
f 755/462/1 756/460/1 1076/261/1
f 755/462/1 1076/261/1 1077/266/1
f 754/464/1 755/462/1 1077/266/1
f 754/464/1 1077/266/1 1078/268/1
f 754/464/1 1078/268/1 1079/271/1
f 753/466/1 754/464/1 1079/271/1
f 753/466/1 1079/271/1 1080/275/1
f 752/468/1 753/466/1 1080/275/1
f 752/468/1 1080/275/1 1081/277/1
f 751/470/1 752/468/1 1081/277/1
f 751/470/1 1081/277/1 1082/279/1
f 750/472/1 751/470/1 1082/279/1
f 750/472/1 1082/279/1 1083/281/1
f 749/474/1 750/472/1 1083/281/1
f 749/474/1 1083/281/1 1084/287/1
f 748/476/1 749/474/1 1084/287/1
f 748/476/1 1084/287/1 1085/289/1
f 747/478/1 748/476/1 1085/289/1
f 747/478/1 1085/289/1 1086/291/1
f 746/480/1 747/478/1 1086/291/1
f 746/480/1 1086/291/1 1087/295/1
f 746/480/1 1087/295/1 1088/297/1
f 745/482/1 746/480/1 1088/297/1
f 745/482/1 1088/297/1 1089/299/1
f 744/484/1 745/482/1 1089/299/1
f 744/484/1 1089/299/1 1090/301/1
f 743/485/1 744/484/1 1090/301/1
f 743/485/1 1090/301/1 1091/303/1
f 743/485/1 1091/303/1 1092/305/1
f 742/487/1 743/485/1 1092/305/1
f 742/487/1 1092/305/1 1093/308/1
f 741/489/1 742/487/1 1093/308/1
f 741/489/1 1093/308/1 1094/312/1
f 741/489/1 1094/312/1 1095/78/1
f 740/491/1 741/489/1 1095/78/1
f 740/491/1 1095/78/1 732/77/1
f 739/493/1 740/491/1 732/77/1
f 738/495/1 739/493/1 732/77/1
f 737/497/1 738/495/1 732/77/1
f 736/499/1 737/497/1 732/77/1
f 735/501/1 736/499/1 732/77/1
f 734/503/1 735/501/1 732/77/1
f 733/505/1 734/503/1 732/77/1
f 1438/714/1 1439/715/1 1440/716/1
f 1438/714/1 1440/716/1 1441/717/1
f 1438/714/1 1441/717/1 1442/718/1
f 1438/714/1 1442/718/1 1443/719/1
f 1438/714/1 1443/719/1 1444/720/1
f 1438/714/1 1444/720/1 1445/721/1
f 1500/722/1 1501/723/1 1502/724/1
f 1438/714/1 1445/721/1 1446/725/1
f 1500/722/1 1502/724/1 1503/726/1
f 1438/714/1 1446/725/1 1447/239/1
f 1500/722/1 1503/726/1 1504/727/1
f 1438/714/1 1447/239/1 1448/728/1
f 1500/722/1 1504/727/1 1505/729/1
f 1438/714/1 1448/728/1 1449/730/1
f 1500/722/1 1505/729/1 1506/731/1
f 1438/714/1 1449/730/1 1450/732/1
f 1500/722/1 1506/731/1 1507/733/1
f 1438/714/1 1450/732/1 1451/734/1
f 1500/722/1 1507/733/1 1508/735/1
f 1437/736/1 1438/714/1 1451/734/1
f 1437/736/1 1451/734/1 1452/737/1
f 1500/722/1 1508/735/1 1509/738/1
f 1436/739/1 1437/736/1 1452/737/1
f 1499/254/1 1500/722/1 1509/738/1
f 1435/740/1 1436/739/1 1452/737/1
f 1435/740/1 1452/737/1 1453/741/1
f 1499/254/1 1509/738/1 1510/742/1
f 1498/743/1 1499/254/1 1510/742/1
f 1434/269/1 1435/740/1 1453/741/1
f 1434/269/1 1453/741/1 1454/744/1
f 1433/745/1 1434/269/1 1454/744/1
f 1497/746/1 1498/743/1 1510/742/1
f 1497/746/1 1510/742/1 1511/747/1
f 1433/745/1 1454/744/1 1455/748/1
f 1432/749/1 1433/745/1 1455/748/1
f 1496/750/1 1497/746/1 1511/747/1
f 1496/750/1 1511/747/1 1512/287/1
f 1431/751/1 1432/749/1 1455/748/1
f 1495/752/1 1496/750/1 1512/287/1
f 1431/751/1 1455/748/1 1456/753/1
f 1430/754/1 1431/751/1 1456/753/1
f 1494/755/1 1495/752/1 1512/287/1
f 1494/755/1 1512/287/1 1513/756/1
f 1430/754/1 1456/753/1 1457/757/1
f 1429/758/1 1430/754/1 1457/757/1
f 1493/759/1 1494/755/1 1513/756/1
f 1429/758/1 1457/757/1 1458/760/1
f 1493/759/1 1513/756/1 1514/761/1
f 1428/762/1 1429/758/1 1458/760/1
f 1492/763/1 1493/759/1 1514/761/1
f 1428/762/1 1458/760/1 1459/764/1
f 1427/765/1 1428/762/1 1459/764/1
f 1492/763/1 1514/761/1 1515/766/1
f 1491/767/1 1492/763/1 1515/766/1
f 1427/765/1 1459/764/1 1460/208/1
f 1426/768/1 1427/765/1 1460/208/1
f 1426/768/1 1460/208/1 1461/769/1
f 1490/770/1 1491/767/1 1515/766/1
f 1490/770/1 1515/766/1 1516/771/1
f 1425/772/1 1426/768/1 1461/769/1
f 1425/772/1 1461/769/1 1462/773/1
f 1489/774/1 1490/770/1 1516/771/1
f 1424/775/1 1425/772/1 1462/773/1
f 1489/774/1 1516/771/1 1517/776/1
f 1424/775/1 1462/773/1 1463/777/1
f 1488/778/1 1489/774/1 1517/776/1
f 1423/779/1 1424/775/1 1463/777/1
f 1423/779/1 1463/777/1 1402/780/1
f 1488/778/1 1517/776/1 1518/781/1
f 1422/782/1 1423/779/1 1402/780/1
f 1487/783/1 1488/778/1 1518/781/1
f 1487/783/1 1518/781/1 1519/784/1
f 1421/300/1 1422/782/1 1402/780/1
f 1486/223/1 1487/783/1 1519/784/1
f 1486/223/1 1519/784/1 1520/785/1
f 1420/786/1 1421/300/1 1402/780/1
f 1485/787/1 1486/223/1 1520/785/1
f 1419/788/1 1420/786/1 1402/780/1
f 1485/787/1 1520/785/1 1521/789/1
f 1484/790/1 1485/787/1 1521/789/1
f 1418/791/1 1419/788/1 1402/780/1
f 1484/790/1 1521/789/1 1522/792/1
f 1417/793/1 1418/791/1 1402/780/1
f 1483/794/1 1484/790/1 1522/792/1
f 1483/794/1 1522/792/1 1523/795/1
f 1416/796/1 1417/793/1 1402/780/1
f 1482/797/1 1483/794/1 1523/795/1
f 1482/797/1 1523/795/1 1524/798/1
f 1415/799/1 1416/796/1 1402/780/1
f 1481/800/1 1482/797/1 1524/798/1
f 1414/801/1 1415/799/1 1402/780/1
f 1481/800/1 1524/798/1 1525/78/1
f 1480/802/1 1481/800/1 1525/78/1
f 1413/803/1 1414/801/1 1402/780/1
f 1480/802/1 1525/78/1 1464/804/1
f 1412/805/1 1413/803/1 1402/780/1
f 1479/806/1 1480/802/1 1464/804/1
f 1411/807/1 1412/805/1 1402/780/1
f 1478/808/1 1479/806/1 1464/804/1
f 1410/809/1 1411/807/1 1402/780/1
f 1409/810/1 1410/809/1 1402/780/1
f 1477/811/1 1478/808/1 1464/804/1
f 1408/425/1 1409/810/1 1402/780/1
f 1476/812/1 1477/811/1 1464/804/1
f 1407/813/1 1408/425/1 1402/780/1
f 1406/814/1 1407/813/1 1402/780/1
f 1475/815/1 1476/812/1 1464/804/1
f 1405/816/1 1406/814/1 1402/780/1
f 1404/817/1 1405/816/1 1402/780/1
f 1474/818/1 1475/815/1 1464/804/1
f 1403/819/1 1404/817/1 1402/780/1
f 1473/199/1 1474/818/1 1464/804/1
f 1472/820/1 1473/199/1 1464/804/1
f 1471/821/1 1472/820/1 1464/804/1
f 1470/822/1 1471/821/1 1464/804/1
f 1469/823/1 1470/822/1 1464/804/1
f 1468/824/1 1469/823/1 1464/804/1
f 1467/825/1 1468/824/1 1464/804/1
f 1466/826/1 1467/825/1 1464/804/1
f 1465/827/1 1466/826/1 1464/804/1
f 1120/828/1 1121/829/1 1122/464/1
f 1120/828/1 1122/464/1 1123/830/1
f 1120/828/1 1123/830/1 1124/831/1
f 1120/828/1 1124/831/1 1125/832/1
f 1120/828/1 1125/832/1 1126/833/1
f 1120/828/1 1126/833/1 1127/834/1
f 1120/828/1 1127/834/1 1128/835/1
f 1120/828/1 1128/835/1 1129/836/1
f 1120/828/1 1129/836/1 1130/837/1
f 1120/828/1 1130/837/1 1131/838/1
f 1120/828/1 1131/838/1 1132/839/1
f 1120/828/1 1132/839/1 1133/840/1
f 1120/828/1 1133/840/1 1134/841/1
f 1120/828/1 1134/841/1 1135/442/1
f 1120/828/1 1135/442/1 1136/842/1
f 1120/828/1 1136/842/1 1137/843/1
f 1120/828/1 1137/843/1 1138/844/1
f 1120/828/1 1138/844/1 1139/845/1
f 1120/828/1 1139/845/1 1140/846/1
f 1120/828/1 1140/846/1 1141/847/1
f 1120/828/1 1141/847/1 1142/848/1
f 1120/828/1 1142/848/1 1143/849/1
f 1120/828/1 1143/849/1 1144/850/1
f 1120/828/1 1144/850/1 1145/851/1
f 1120/828/1 1145/851/1 1146/852/1
f 1120/828/1 1146/852/1 1147/853/1
f 1120/828/1 1147/853/1 1148/451/1
f 1120/828/1 1148/451/1 1149/854/1
f 1120/828/1 1149/854/1 1150/855/1
f 1120/828/1 1150/855/1 1151/856/1
f 1120/828/1 1151/856/1 1152/857/1
f 1120/828/1 1152/857/1 1153/858/1
f 1120/828/1 1153/858/1 1154/859/1
f 1119/860/1 1120/828/1 1154/859/1
f 1119/860/1 1154/859/1 1155/861/1
f 1118/862/1 1119/860/1 1155/861/1
f 1118/862/1 1155/861/1 1156/863/1
f 1118/862/1 1156/863/1 1157/864/1
f 1117/865/1 1118/862/1 1157/864/1
f 1117/865/1 1157/864/1 1116/866/1
f 1116/866/1 1157/864/1 1115/867/1
f 1115/867/1 1157/864/1 1114/868/1
f 1114/868/1 1157/864/1 1113/869/1
f 1113/869/1 1157/864/1 1112/870/1
f 1112/870/1 1157/864/1 1111/871/1
f 1111/871/1 1157/864/1 1110/872/1
f 1110/872/1 1157/864/1 1109/485/1
f 1109/485/1 1157/864/1 1108/873/1
f 1108/873/1 1157/864/1 1107/874/1
f 1107/874/1 1157/864/1 1106/875/1
f 1106/875/1 1157/864/1 1105/876/1
f 1105/876/1 1157/864/1 1104/877/1
f 1104/877/1 1157/864/1 1103/878/1
f 1103/878/1 1157/864/1 1102/879/1
f 1102/879/1 1157/864/1 1101/880/1
f 1101/880/1 1157/864/1 1100/881/1
f 1100/881/1 1157/864/1 1099/882/1
f 1099/882/1 1157/864/1 1098/883/1
f 1098/883/1 1157/864/1 1097/884/1
f 1097/884/1 1157/864/1 1096/77/1
f 1194/885/1 1195/886/1 1196/887/1
f 1194/885/1 1196/887/1 1197/888/1
f 1194/885/1 1197/888/1 1198/889/1
f 1194/885/1 1198/889/1 1199/890/1
f 1194/885/1 1199/890/1 1200/327/1
f 1194/885/1 1200/327/1 1201/891/1
f 1194/885/1 1201/891/1 1202/892/1
f 1194/885/1 1202/892/1 1203/893/1
f 1194/885/1 1203/893/1 1204/894/1
f 1194/885/1 1204/894/1 1205/895/1
f 1194/885/1 1205/895/1 1206/896/1
f 1194/885/1 1206/896/1 1207/897/1
f 1194/885/1 1207/897/1 1208/898/1
f 1194/885/1 1208/898/1 1209/899/1
f 1194/885/1 1209/899/1 1210/900/1
f 1194/885/1 1210/900/1 1211/901/1
f 1194/885/1 1211/901/1 1212/902/1
f 1194/885/1 1212/902/1 1213/237/1
f 1194/885/1 1213/237/1 1214/903/1
f 1194/885/1 1214/903/1 1215/904/1
f 1194/885/1 1215/904/1 1216/905/1
f 1194/885/1 1216/905/1 1217/906/1
f 1194/885/1 1217/906/1 1218/907/1
f 1194/885/1 1218/907/1 1219/908/1
f 1400/909/1 1401/910/1 1232/911/1
f 1194/885/1 1219/908/1 1220/912/1
f 1194/885/1 1220/912/1 1221/913/1
f 1194/885/1 1221/913/1 1222/914/1
f 1194/885/1 1222/914/1 1223/915/1
f 1399/916/1 1400/909/1 1232/911/1
f 1194/885/1 1223/915/1 1224/917/1
f 1194/885/1 1224/917/1 1225/918/1
f 1194/885/1 1225/918/1 1226/170/1
f 1194/885/1 1226/170/1 1227/919/1
f 1398/920/1 1399/916/1 1232/911/1
f 1194/885/1 1227/919/1 1228/921/1
f 1194/885/1 1228/921/1 1229/922/1
f 1194/885/1 1229/922/1 1230/923/1
f 1397/924/1 1398/920/1 1232/911/1
f 1194/885/1 1230/923/1 1231/925/1
f 1194/885/1 1231/925/1 1193/926/1
f 1193/926/1 1231/925/1 1192/927/1
f 1192/927/1 1231/925/1 1191/928/1
f 1191/928/1 1231/925/1 1190/929/1
f 1190/929/1 1231/925/1 1189/930/1
f 1189/930/1 1231/925/1 1188/931/1
f 1188/931/1 1231/925/1 1187/354/1
f 1187/354/1 1231/925/1 1186/932/1
f 1186/932/1 1231/925/1 1185/933/1
f 1185/933/1 1231/925/1 1184/934/1
f 1184/934/1 1231/925/1 1183/935/1
f 1183/935/1 1231/925/1 1182/936/1
f 1182/936/1 1231/925/1 1181/937/1
f 1181/937/1 1231/925/1 1180/938/1
f 1180/938/1 1231/925/1 1179/939/1
f 1179/939/1 1231/925/1 1178/940/1
f 1178/940/1 1231/925/1 1177/941/1
f 1177/941/1 1231/925/1 1176/942/1
f 1176/942/1 1231/925/1 1175/943/1
f 1175/943/1 1231/925/1 1174/496/1
f 1174/496/1 1231/925/1 1173/944/1
f 1173/944/1 1231/925/1 1172/945/1
f 1172/945/1 1231/925/1 1171/946/1
f 1171/946/1 1231/925/1 1170/947/1
f 1170/947/1 1231/925/1 1169/948/1
f 1169/948/1 1231/925/1 1168/949/1
f 1168/949/1 1231/925/1 1167/950/1
f 1167/950/1 1231/925/1 1166/951/1
f 1166/951/1 1231/925/1 1165/952/1
f 1165/952/1 1231/925/1 1164/953/1
f 1164/953/1 1231/925/1 1163/954/1
f 1163/954/1 1231/925/1 1162/955/1
f 1162/955/1 1231/925/1 1161/473/1
f 1161/473/1 1231/925/1 1160/956/1
f 1160/956/1 1231/925/1 1159/957/1
f 1159/957/1 1231/925/1 1158/958/1
f 1396/959/1 1397/924/1 1232/911/1
f 1395/403/1 1396/959/1 1232/911/1
f 1394/960/1 1395/403/1 1232/911/1
f 1393/961/1 1394/960/1 1232/911/1
f 1392/962/1 1393/961/1 1232/911/1
f 1391/963/1 1392/962/1 1232/911/1
f 1390/964/1 1391/963/1 1232/911/1
f 1389/965/1 1390/964/1 1232/911/1
f 1388/966/1 1389/965/1 1232/911/1
f 1388/966/1 1232/911/1 1233/967/1
f 1387/968/1 1388/966/1 1233/967/1
f 1387/968/1 1233/967/1 1234/969/1
f 1386/970/1 1387/968/1 1234/969/1
f 1386/970/1 1234/969/1 1235/971/1
f 1385/972/1 1386/970/1 1235/971/1
f 1385/972/1 1235/971/1 1236/973/1
f 1384/974/1 1385/972/1 1236/973/1
f 1384/974/1 1236/973/1 1237/975/1
f 1383/976/1 1384/974/1 1237/975/1
f 1383/976/1 1237/975/1 1238/977/1
f 1382/381/1 1383/976/1 1238/977/1
f 1382/381/1 1238/977/1 1239/147/1
f 1381/978/1 1382/381/1 1239/147/1
f 1380/979/1 1381/978/1 1239/147/1
f 1380/979/1 1239/147/1 1240/980/1
f 1379/981/1 1380/979/1 1240/980/1
f 1379/981/1 1240/980/1 1241/982/1
f 1378/983/1 1379/981/1 1241/982/1
f 1378/983/1 1241/982/1 1242/984/1
f 1377/985/1 1378/983/1 1242/984/1
f 1377/985/1 1242/984/1 1243/986/1
f 1376/987/1 1377/985/1 1243/986/1
f 1375/988/1 1376/987/1 1243/986/1
f 1375/988/1 1243/986/1 1244/989/1
f 1374/990/1 1375/988/1 1244/989/1
f 1374/990/1 1244/989/1 1245/991/1
f 1373/992/1 1374/990/1 1245/991/1
f 1372/993/1 1373/992/1 1245/991/1
f 1372/993/1 1245/991/1 1246/994/1
f 1316/995/1 1317/404/1 1318/996/1
f 1371/997/1 1372/993/1 1246/994/1
f 1371/997/1 1246/994/1 1247/998/1
f 1316/995/1 1318/996/1 1319/999/1
f 1370/1000/1 1371/997/1 1247/998/1
f 1370/1000/1 1247/998/1 1248/1001/1
f 1369/338/1 1370/1000/1 1248/1001/1
f 1316/995/1 1319/999/1 1320/1002/1
f 1368/1003/1 1369/338/1 1248/1001/1
f 1368/1003/1 1248/1001/1 1249/1004/1
f 1316/995/1 1320/1002/1 1321/1005/1
f 1367/1006/1 1368/1003/1 1249/1004/1
f 1366/1007/1 1367/1006/1 1249/1004/1
f 1316/995/1 1321/1005/1 1322/1008/1
f 1366/1007/1 1249/1004/1 1250/1009/1
f 1365/1010/1 1366/1007/1 1250/1009/1
f 1316/995/1 1322/1008/1 1323/1011/1
f 1365/1010/1 1250/1009/1 1251/1012/1
f 1364/1013/1 1365/1010/1 1251/1012/1
f 1316/995/1 1323/1011/1 1324/1014/1
f 1363/1015/1 1364/1013/1 1251/1012/1
f 1363/1015/1 1251/1012/1 1252/167/1
f 1362/1016/1 1363/1015/1 1252/167/1
f 1316/995/1 1324/1014/1 1325/1017/1
f 1361/1018/1 1362/1016/1 1252/167/1
f 1316/995/1 1325/1017/1 1326/1019/1
f 1315/1020/1 1316/995/1 1326/1019/1
f 1361/1018/1 1252/167/1 1253/1021/1
f 1360/1022/1 1361/1018/1 1253/1021/1
f 1315/1020/1 1326/1019/1 1327/1023/1
f 1359/1024/1 1360/1022/1 1253/1021/1
f 1359/1024/1 1253/1021/1 1254/1025/1
f 1358/1026/1 1359/1024/1 1254/1025/1
f 1315/1020/1 1327/1023/1 1328/1027/1
f 1357/1028/1 1358/1026/1 1254/1025/1
f 1315/1020/1 1328/1027/1 1329/1029/1
f 1356/178/1 1357/1028/1 1254/1025/1
f 1314/1030/1 1315/1020/1 1329/1029/1
f 1356/178/1 1254/1025/1 1255/1031/1
f 1314/1030/1 1329/1029/1 1330/382/1
f 1355/1032/1 1356/178/1 1255/1031/1
f 1354/1033/1 1355/1032/1 1255/1031/1
f 1314/1030/1 1330/382/1 1331/1034/1
f 1353/1035/1 1354/1033/1 1255/1031/1
f 1353/1035/1 1255/1031/1 1256/1036/1
f 1314/1030/1 1331/1034/1 1332/1037/1
f 1352/1038/1 1353/1035/1 1256/1036/1
f 1314/1030/1 1332/1037/1 1333/1039/1
f 1351/1040/1 1352/1038/1 1256/1036/1
f 1314/1030/1 1333/1039/1 1334/1041/1
f 1350/1042/1 1351/1040/1 1256/1036/1
f 1313/1043/1 1314/1030/1 1334/1041/1
f 1350/1042/1 1256/1036/1 1257/1044/1
f 1349/1045/1 1350/1042/1 1257/1044/1
f 1313/1043/1 1334/1041/1 1335/1046/1
f 1348/1047/1 1349/1045/1 1257/1044/1
f 1313/1043/1 1335/1046/1 1336/1048/1
f 1347/1049/1 1348/1047/1 1257/1044/1
f 1313/1043/1 1336/1048/1 1337/1050/1
f 1346/1051/1 1347/1049/1 1257/1044/1
f 1313/1043/1 1337/1050/1 1338/1052/1
f 1345/1053/1 1346/1051/1 1257/1044/1
f 1344/1054/1 1345/1053/1 1257/1044/1
f 1313/1043/1 1338/1052/1 1339/1055/1
f 1344/1054/1 1257/1044/1 1258/1056/1
f 1343/361/1 1344/1054/1 1258/1056/1
f 1313/1043/1 1339/1055/1 1340/1057/1
f 1342/1058/1 1343/361/1 1258/1056/1
f 1313/1043/1 1340/1057/1 1341/1059/1
f 1341/1059/1 1342/1058/1 1258/1056/1
f 1313/1043/1 1341/1059/1 1258/1056/1
f 1312/1060/1 1313/1043/1 1258/1056/1
f 1312/1060/1 1258/1056/1 1259/1061/1
f 1312/1060/1 1259/1061/1 1260/1062/1
f 1311/1063/1 1312/1060/1 1260/1062/1
f 1311/1063/1 1260/1062/1 1261/1064/1
f 1311/1063/1 1261/1064/1 1262/1065/1
f 1310/1066/1 1311/1063/1 1262/1065/1
f 1310/1066/1 1262/1065/1 1263/1067/1
f 1310/1066/1 1263/1067/1 1264/1068/1
f 1309/1069/1 1310/1066/1 1264/1068/1
f 1309/1069/1 1264/1068/1 1265/215/1
f 1309/1069/1 1265/215/1 1266/1070/1
f 1308/1071/1 1309/1069/1 1266/1070/1
f 1308/1071/1 1266/1070/1 1267/1072/1
f 1308/1071/1 1267/1072/1 1268/1073/1
f 1307/1074/1 1308/1071/1 1268/1073/1
f 1307/1074/1 1268/1073/1 1269/1075/1
f 1306/1076/1 1307/1074/1 1269/1075/1
f 1306/1076/1 1269/1075/1 1270/1077/1
f 1306/1076/1 1270/1077/1 1271/1078/1
f 1305/1079/1 1306/1076/1 1271/1078/1
f 1305/1079/1 1271/1078/1 1272/1080/1
f 1305/1079/1 1272/1080/1 1273/1081/1
f 1304/426/1 1305/1079/1 1273/1081/1
f 1304/426/1 1273/1081/1 1274/1082/1
f 1303/1083/1 1304/426/1 1274/1082/1
f 1303/1083/1 1274/1082/1 1275/1084/1
f 1303/1083/1 1275/1084/1 1276/1085/1
f 1302/1086/1 1303/1083/1 1276/1085/1
f 1302/1086/1 1276/1085/1 1277/1087/1
f 1302/1086/1 1277/1087/1 1278/320/1
f 1301/1088/1 1302/1086/1 1278/320/1
f 1301/1088/1 1278/320/1 1279/1089/1
f 1300/1090/1 1301/1088/1 1279/1089/1
f 1300/1090/1 1279/1089/1 1280/1091/1
f 1300/1090/1 1280/1091/1 1281/1092/1
f 1299/1093/1 1300/1090/1 1281/1092/1
f 1299/1093/1 1281/1092/1 1282/1094/1
f 1298/1095/1 1299/1093/1 1282/1094/1
f 1298/1095/1 1282/1094/1 1283/1096/1
f 1298/1095/1 1283/1096/1 1284/1097/1
f 1297/1098/1 1298/1095/1 1284/1097/1
f 1297/1098/1 1284/1097/1 1285/1099/1
f 1296/1100/1 1297/1098/1 1285/1099/1
f 1296/1100/1 1285/1099/1 1286/1101/1
f 1296/1100/1 1286/1101/1 1287/1102/1
f 1295/1103/1 1296/1100/1 1287/1102/1
f 1295/1103/1 1287/1102/1 1288/1104/1
f 1294/1105/1 1295/1103/1 1288/1104/1
f 1294/1105/1 1288/1104/1 1289/1106/1
f 1294/1105/1 1289/1106/1 1290/1107/1
f 1293/1108/1 1294/1105/1 1290/1107/1
f 1293/1108/1 1290/1107/1 1291/351/1
f 1292/1109/1 1293/1108/1 1291/351/1
f 1550/509/1 1551/510/1 1552/511/1
f 1550/509/1 1552/511/1 1553/512/1
f 1550/509/1 1553/512/1 1554/513/1
f 1550/509/1 1554/513/1 1555/514/1
f 1550/509/1 1555/514/1 1556/515/1
f 1550/509/1 1556/515/1 1557/516/1
f 1550/509/1 1557/516/1 1558/517/1
f 1550/509/1 1558/517/1 1559/518/1
f 1550/509/1 1559/518/1 1560/519/1
f 1550/509/1 1560/519/1 1561/520/1
f 1550/509/1 1561/520/1 1562/521/1
f 1550/509/1 1562/521/1 1563/522/1
f 1550/509/1 1563/522/1 1564/523/1
f 1550/509/1 1564/523/1 1565/524/1
f 1550/509/1 1565/524/1 1566/496/1
f 1550/509/1 1566/496/1 1567/525/1
f 1549/526/1 1550/509/1 1567/525/1
f 1549/526/1 1567/525/1 1568/527/1
f 1548/528/1 1549/526/1 1568/527/1
f 1547/529/1 1548/528/1 1568/527/1
f 1547/529/1 1568/527/1 1569/530/1
f 1546/442/1 1547/529/1 1569/530/1
f 1546/442/1 1569/530/1 1570/41/1
f 1545/531/1 1546/442/1 1570/41/1
f 1544/532/1 1545/531/1 1570/41/1
f 1544/532/1 1570/41/1 1571/533/1
f 1543/534/1 1544/532/1 1571/533/1
f 1543/534/1 1571/533/1 1572/535/1
f 1542/536/1 1543/534/1 1572/535/1
f 1542/536/1 1572/535/1 1573/537/1
f 1541/538/1 1542/536/1 1573/537/1
f 1540/539/1 1541/538/1 1573/537/1
f 1540/539/1 1573/537/1 1574/540/1
f 1539/541/1 1540/539/1 1574/540/1
f 1539/541/1 1574/540/1 1575/542/1
f 1538/543/1 1539/541/1 1575/542/1
f 1538/543/1 1575/542/1 1537/544/1
f 1537/544/1 1575/542/1 1536/545/1
f 1536/545/1 1575/542/1 1535/546/1
f 1535/546/1 1575/542/1 1534/547/1
f 1534/547/1 1575/542/1 1533/548/1
f 1533/548/1 1575/542/1 1532/549/1
f 1532/549/1 1575/542/1 1531/550/1
f 1531/550/1 1575/542/1 1530/551/1
f 1530/551/1 1575/542/1 1529/552/1
f 1529/552/1 1575/542/1 1528/553/1
f 1528/553/1 1575/542/1 1527/554/1
f 1527/554/1 1575/542/1 1526/77/1
f 1696/555/1 1697/556/1 1698/557/1
f 1695/558/1 1696/555/1 1698/557/1
f 1694/559/1 1695/558/1 1698/557/1
f 1693/560/1 1694/559/1 1698/557/1
f 1692/561/1 1693/560/1 1698/557/1
f 1691/562/1 1692/561/1 1698/557/1
f 1690/563/1 1691/562/1 1698/557/1
f 1689/564/1 1690/563/1 1698/557/1
f 1689/564/1 1698/557/1 1699/565/1
f 1689/564/1 1699/565/1 1700/566/1
f 1688/567/1 1689/564/1 1700/566/1
f 1688/567/1 1700/566/1 1701/568/1
f 1688/567/1 1701/568/1 1702/107/1
f 1687/569/1 1688/567/1 1702/107/1
f 1687/569/1 1702/107/1 1703/570/1
f 1686/425/1 1687/569/1 1703/570/1
f 1686/425/1 1703/570/1 1704/571/1
f 1686/425/1 1704/571/1 1705/572/1
f 1685/573/1 1686/425/1 1705/572/1
f 1685/573/1 1705/572/1 1706/239/1
f 1684/574/1 1685/573/1 1706/239/1
f 1684/574/1 1706/239/1 1707/575/1
f 1683/576/1 1684/574/1 1707/575/1
f 1683/576/1 1707/575/1 1708/577/1
f 1683/576/1 1708/577/1 1709/578/1
f 1682/579/1 1683/576/1 1709/578/1
f 1682/579/1 1709/578/1 1710/580/1
f 1681/581/1 1682/579/1 1710/580/1
f 1681/581/1 1710/580/1 1711/582/1
f 1680/583/1 1681/581/1 1711/582/1
f 1680/583/1 1711/582/1 1712/584/1
f 1679/585/1 1680/583/1 1712/584/1
f 1679/585/1 1712/584/1 1713/586/1
f 1678/587/1 1679/585/1 1713/586/1
f 1678/587/1 1713/586/1 1714/588/1
f 1677/589/1 1678/587/1 1714/588/1
f 1677/589/1 1714/588/1 1715/590/1
f 1676/591/1 1677/589/1 1715/590/1
f 1676/591/1 1715/590/1 1716/592/1
f 1675/593/1 1676/591/1 1716/592/1
f 1675/593/1 1716/592/1 1717/594/1
f 1674/595/1 1675/593/1 1717/594/1
f 1674/595/1 1717/594/1 1718/596/1
f 1673/597/1 1674/595/1 1718/596/1
f 1673/597/1 1718/596/1 1719/598/1
f 1672/599/1 1673/597/1 1719/598/1
f 1672/599/1 1719/598/1 1720/600/1
f 1671/601/1 1672/599/1 1720/600/1
f 1612/602/1 1613/603/1 1614/19/1
f 1671/601/1 1720/600/1 1721/604/1
f 1670/605/1 1671/601/1 1721/604/1
f 1612/602/1 1614/19/1 1615/606/1
f 1669/607/1 1670/605/1 1721/604/1
f 1669/607/1 1721/604/1 1722/608/1
f 1612/602/1 1615/606/1 1616/609/1
f 1668/610/1 1669/607/1 1722/608/1
f 1668/610/1 1722/608/1 1723/611/1
f 1612/602/1 1616/609/1 1617/612/1
f 1667/613/1 1668/610/1 1723/611/1
f 1667/613/1 1723/611/1 1724/614/1
f 1666/338/1 1667/613/1 1724/614/1
f 1612/602/1 1617/612/1 1618/615/1
f 1665/616/1 1666/338/1 1724/614/1
f 1665/616/1 1724/614/1 1725/617/1
f 1612/602/1 1618/615/1 1619/618/1
f 1664/619/1 1665/616/1 1725/617/1
f 1612/602/1 1619/618/1 1620/620/1
f 1663/621/1 1664/619/1 1725/617/1
f 1663/621/1 1725/617/1 1726/223/1
f 1662/622/1 1663/621/1 1726/223/1
f 1612/602/1 1620/620/1 1621/623/1
f 1661/624/1 1662/622/1 1726/223/1
f 1661/624/1 1726/223/1 1727/625/1
f 1612/602/1 1621/623/1 1622/626/1
f 1660/627/1 1661/624/1 1727/625/1
f 1659/628/1 1660/627/1 1727/625/1
f 1611/629/1 1612/602/1 1622/626/1
f 1659/628/1 1727/625/1 1728/630/1
f 1611/629/1 1622/626/1 1623/631/1
f 1658/136/1 1659/628/1 1728/630/1
f 1611/629/1 1623/631/1 1624/632/1
f 1657/633/1 1658/136/1 1728/630/1
f 1657/633/1 1728/630/1 1729/634/1
f 1611/629/1 1624/632/1 1625/635/1
f 1656/636/1 1657/633/1 1729/634/1
f 1655/637/1 1656/636/1 1729/634/1
f 1611/629/1 1625/635/1 1626/351/1
f 1654/638/1 1655/637/1 1729/634/1
f 1654/638/1 1729/634/1 1730/639/1
f 1611/629/1 1626/351/1 1627/640/1
f 1653/641/1 1654/638/1 1730/639/1
f 1652/642/1 1653/641/1 1730/639/1
f 1611/629/1 1627/640/1 1628/643/1
f 1651/644/1 1652/642/1 1730/639/1
f 1651/644/1 1730/639/1 1731/645/1
f 1611/629/1 1628/643/1 1629/646/1
f 1650/647/1 1651/644/1 1731/645/1
f 1649/648/1 1650/647/1 1731/645/1
f 1611/629/1 1629/646/1 1630/649/1
f 1648/650/1 1649/648/1 1731/645/1
f 1611/629/1 1630/649/1 1631/651/1
f 1647/652/1 1648/650/1 1731/645/1
f 1610/653/1 1611/629/1 1631/651/1
f 1646/382/1 1647/652/1 1731/645/1
f 1646/382/1 1731/645/1 1732/654/1
f 1610/653/1 1631/651/1 1632/655/1
f 1645/656/1 1646/382/1 1732/654/1
f 1610/653/1 1632/655/1 1633/657/1
f 1644/658/1 1645/656/1 1732/654/1
f 1643/659/1 1644/658/1 1732/654/1
f 1610/653/1 1633/657/1 1634/660/1
f 1642/661/1 1643/659/1 1732/654/1
f 1641/662/1 1642/661/1 1732/654/1
f 1610/653/1 1634/660/1 1635/663/1
f 1640/664/1 1641/662/1 1732/654/1
f 1610/653/1 1635/663/1 1636/665/1
f 1639/666/1 1640/664/1 1732/654/1
f 1638/667/1 1639/666/1 1732/654/1
f 1610/653/1 1636/665/1 1637/668/1
f 1637/668/1 1638/667/1 1732/654/1
f 1610/653/1 1637/668/1 1732/654/1
f 1610/653/1 1732/654/1 1733/669/1
f 1610/653/1 1733/669/1 1734/670/1
f 1610/653/1 1734/670/1 1735/671/1
f 1609/672/1 1610/653/1 1735/671/1
f 1609/672/1 1735/671/1 1736/673/1
f 1609/672/1 1736/673/1 1737/674/1
f 1609/672/1 1737/674/1 1738/675/1
f 1609/672/1 1738/675/1 1739/676/1
f 1608/677/1 1609/672/1 1739/676/1
f 1608/677/1 1739/676/1 1740/678/1
f 1608/677/1 1740/678/1 1741/679/1
f 1608/677/1 1741/679/1 1742/680/1
f 1607/681/1 1608/677/1 1742/680/1
f 1607/681/1 1742/680/1 1743/682/1
f 1607/681/1 1743/682/1 1744/683/1
f 1607/681/1 1744/683/1 1745/684/1
f 1607/681/1 1745/684/1 1746/78/1
f 1606/167/1 1607/681/1 1746/78/1
f 1606/167/1 1746/78/1 1576/685/1
f 1606/167/1 1576/685/1 1577/686/1
f 1606/167/1 1577/686/1 1578/687/1
f 1605/688/1 1606/167/1 1578/687/1
f 1605/688/1 1578/687/1 1579/689/1
f 1605/688/1 1579/689/1 1580/690/1
f 1605/688/1 1580/690/1 1581/691/1
f 1604/692/1 1605/688/1 1581/691/1
f 1604/692/1 1581/691/1 1582/693/1
f 1604/692/1 1582/693/1 1583/694/1
f 1604/692/1 1583/694/1 1584/695/1
f 1603/696/1 1604/692/1 1584/695/1
f 1603/696/1 1584/695/1 1585/697/1
f 1603/696/1 1585/697/1 1586/237/1
f 1603/696/1 1586/237/1 1587/698/1
f 1603/696/1 1587/698/1 1588/699/1
f 1602/700/1 1603/696/1 1588/699/1
f 1602/700/1 1588/699/1 1589/701/1
f 1602/700/1 1589/701/1 1590/702/1
f 1602/700/1 1590/702/1 1591/703/1
f 1602/700/1 1591/703/1 1592/704/1
f 1601/705/1 1602/700/1 1592/704/1
f 1601/705/1 1592/704/1 1593/706/1
f 1601/705/1 1593/706/1 1594/707/1
f 1601/705/1 1594/707/1 1595/708/1
f 1601/705/1 1595/708/1 1596/709/1
f 1600/710/1 1601/705/1 1596/709/1
f 1600/710/1 1596/709/1 1597/711/1
f 1600/710/1 1597/711/1 1598/712/1
f 1600/710/1 1598/712/1 1599/713/1
f 1819/1110/1 1820/1111/1 1821/1112/1
f 1818/1113/1 1819/1110/1 1821/1112/1
f 1817/1114/1 1818/1113/1 1821/1112/1
f 1816/704/1 1817/1114/1 1821/1112/1
f 1815/1115/1 1816/704/1 1821/1112/1
f 1814/1116/1 1815/1115/1 1821/1112/1
f 1813/1117/1 1814/1116/1 1821/1112/1
f 1812/1118/1 1813/1117/1 1821/1112/1
f 1811/1119/1 1812/1118/1 1821/1112/1
f 1810/1120/1 1811/1119/1 1821/1112/1
f 1809/1121/1 1810/1120/1 1821/1112/1
f 1808/1122/1 1809/1121/1 1821/1112/1
f 1807/1123/1 1808/1122/1 1821/1112/1
f 1806/1124/1 1807/1123/1 1821/1112/1
f 1805/1125/1 1806/1124/1 1821/1112/1
f 1804/1126/1 1805/1125/1 1821/1112/1
f 1803/1127/1 1804/1126/1 1821/1112/1
f 1802/1128/1 1803/1127/1 1821/1112/1
f 1801/1129/1 1802/1128/1 1821/1112/1
f 1800/1130/1 1801/1129/1 1821/1112/1
f 1799/1131/1 1800/1130/1 1821/1112/1
f 1798/1132/1 1799/1131/1 1821/1112/1
f 1797/1133/1 1798/1132/1 1821/1112/1
f 1797/1133/1 1821/1112/1 1822/1134/1
f 1797/1133/1 1822/1134/1 1823/1135/1
f 1796/1136/1 1797/1133/1 1823/1135/1
f 1796/1136/1 1823/1135/1 1824/1137/1
f 1796/1136/1 1824/1137/1 1825/1138/1
f 1795/1139/1 1796/1136/1 1825/1138/1
f 1795/1139/1 1825/1138/1 1826/1140/1
f 1795/1139/1 1826/1140/1 1827/1141/1
f 1794/1142/1 1795/1139/1 1827/1141/1
f 1794/1142/1 1827/1141/1 1828/1143/1
f 1793/41/1 1794/1142/1 1828/1143/1
f 1793/41/1 1828/1143/1 1829/1144/1
f 1793/41/1 1829/1144/1 1830/1145/1
f 1792/1146/1 1793/41/1 1830/1145/1
f 1792/1146/1 1830/1145/1 1831/1147/1
f 1791/1148/1 1792/1146/1 1831/1147/1
f 1791/1148/1 1831/1147/1 1832/1149/1
f 1791/1148/1 1832/1149/1 1833/1150/1
f 1790/1151/1 1791/1148/1 1833/1150/1
f 1790/1151/1 1833/1150/1 1834/1152/1
f 1789/1153/1 1790/1151/1 1834/1152/1
f 1789/1153/1 1834/1152/1 1835/1154/1
f 1788/1155/1 1789/1153/1 1835/1154/1
f 1788/1155/1 1835/1154/1 1836/1156/1
f 1788/1155/1 1836/1156/1 1837/1157/1
f 1787/1158/1 1788/1155/1 1837/1157/1
f 1787/1158/1 1837/1157/1 1838/1159/1
f 1786/1160/1 1787/1158/1 1838/1159/1
f 1786/1160/1 1838/1159/1 1839/19/1
f 1786/1160/1 1839/19/1 1840/1161/1
f 1785/1162/1 1786/1160/1 1840/1161/1
f 1785/1162/1 1840/1161/1 1841/1163/1
f 1784/1164/1 1785/1162/1 1841/1163/1
f 1784/1164/1 1841/1163/1 1842/1165/1
f 1783/1166/1 1784/1164/1 1842/1165/1
f 1783/1166/1 1842/1165/1 1843/1167/1
f 1783/1166/1 1843/1167/1 1844/1168/1
f 1782/1169/1 1783/1166/1 1844/1168/1
f 1782/1169/1 1844/1168/1 1845/1170/1
f 1781/1171/1 1782/1169/1 1845/1170/1
f 1781/1171/1 1845/1170/1 1846/1172/1
f 1780/1173/1 1781/1171/1 1846/1172/1
f 1780/1173/1 1846/1172/1 1847/1174/1
f 1779/1175/1 1780/1173/1 1847/1174/1
f 1779/1175/1 1847/1174/1 1848/1176/1
f 1778/1177/1 1779/1175/1 1848/1176/1
f 1778/1177/1 1848/1176/1 1849/1178/1
f 1777/1179/1 1778/1177/1 1849/1178/1
f 1777/1179/1 1849/1178/1 1850/1180/1
f 1776/1181/1 1777/1179/1 1850/1180/1
f 1776/1181/1 1850/1180/1 1851/1182/1
f 1775/1183/1 1776/1181/1 1851/1182/1
f 1775/1183/1 1851/1182/1 1852/1184/1
f 1774/1185/1 1775/1183/1 1852/1184/1
f 1774/1185/1 1852/1184/1 1853/1186/1
f 1773/1187/1 1774/1185/1 1853/1186/1
f 1773/1187/1 1853/1186/1 1854/1188/1
f 1772/1189/1 1773/1187/1 1854/1188/1
f 1772/1189/1 1854/1188/1 1855/1190/1
f 1771/1191/1 1772/1189/1 1855/1190/1
f 1771/1191/1 1855/1190/1 1856/1192/1
f 1770/528/1 1771/1191/1 1856/1192/1
f 1770/528/1 1856/1192/1 1857/1193/1
f 1769/1194/1 1770/528/1 1857/1193/1
f 1769/1194/1 1857/1193/1 1858/1195/1
f 1768/1196/1 1769/1194/1 1858/1195/1
f 1768/1196/1 1858/1195/1 1954/614/1
f 1954/614/1 1858/1195/1 1859/1197/1
f 1768/1196/1 1954/614/1 1955/1198/1
f 1953/1199/1 1954/614/1 1859/1197/1
f 1767/1200/1 1768/1196/1 1955/1198/1
f 1953/1199/1 1859/1197/1 1860/1201/1
f 1766/1202/1 1767/1200/1 1955/1198/1
f 1952/1203/1 1953/1199/1 1860/1201/1
f 1766/1202/1 1955/1198/1 1956/1204/1
f 1765/1205/1 1766/1202/1 1956/1204/1
f 1952/1203/1 1860/1201/1 1861/1206/1
f 1951/1207/1 1952/1203/1 1861/1206/1
f 1765/1205/1 1956/1204/1 1957/1208/1
f 1764/1209/1 1765/1205/1 1957/1208/1
f 1951/1207/1 1861/1206/1 1862/665/1
f 1950/1210/1 1951/1207/1 1862/665/1
f 1763/1211/1 1764/1209/1 1957/1208/1
f 1763/1211/1 1957/1208/1 1958/1212/1
f 1950/1210/1 1862/665/1 1863/1213/1
f 1949/1214/1 1950/1210/1 1863/1213/1
f 1762/1215/1 1763/1211/1 1958/1212/1
f 1762/1215/1 1958/1212/1 1959/1216/1
f 1761/1217/1 1762/1215/1 1959/1216/1
f 1949/1214/1 1863/1213/1 1864/1218/1
f 1948/1219/1 1949/1214/1 1864/1218/1
f 1761/1217/1 1959/1216/1 1960/1220/1
f 1760/1221/1 1761/1217/1 1960/1220/1
f 1948/1219/1 1864/1218/1 1865/1222/1
f 1947/1223/1 1948/1219/1 1865/1222/1
f 1759/1224/1 1760/1221/1 1960/1220/1
f 1759/1224/1 1960/1220/1 1961/1225/1
f 1947/1223/1 1865/1222/1 1866/1226/1
f 1946/1227/1 1947/1223/1 1866/1226/1
f 1758/1228/1 1759/1224/1 1961/1225/1
f 1758/1228/1 1961/1225/1 1962/1229/1
f 1757/1230/1 1758/1228/1 1962/1229/1
f 1946/1227/1 1866/1226/1 1867/1231/1
f 1945/1232/1 1946/1227/1 1867/1231/1
f 1756/1233/1 1757/1230/1 1962/1229/1
f 1756/1233/1 1962/1229/1 1963/1234/1
f 1945/1232/1 1867/1231/1 1868/1235/1
f 1944/1236/1 1945/1232/1 1868/1235/1
f 1755/1237/1 1756/1233/1 1963/1234/1
f 1755/1237/1 1963/1234/1 1964/1238/1
f 1754/1239/1 1755/1237/1 1964/1238/1
f 1944/1236/1 1868/1235/1 1869/1240/1
f 1943/1241/1 1944/1236/1 1869/1240/1
f 1753/1242/1 1754/1239/1 1964/1238/1
f 1753/1242/1 1964/1238/1 1965/1243/1
f 1943/1241/1 1869/1240/1 1870/1244/1
f 1942/1245/1 1943/1241/1 1870/1244/1
f 1752/1246/1 1753/1242/1 1965/1243/1
f 1751/1247/1 1752/1246/1 1965/1243/1
f 1751/1247/1 1965/1243/1 1966/1248/1
f 1942/1245/1 1870/1244/1 1871/1249/1
f 1941/1250/1 1942/1245/1 1871/1249/1
f 1750/1251/1 1751/1247/1 1966/1248/1
f 1750/1251/1 1966/1248/1 1967/1252/1
f 1749/1253/1 1750/1251/1 1967/1252/1
f 1941/1250/1 1871/1249/1 1872/1254/1
f 1940/1255/1 1941/1250/1 1872/1254/1
f 1748/1256/1 1749/1253/1 1967/1252/1
f 1748/1256/1 1967/1252/1 1968/1257/1
f 1940/1255/1 1872/1254/1 1873/1258/1
f 1747/77/1 1748/1256/1 1977/78/1
f 1977/78/1 1748/1256/1 1976/1259/1
f 1976/1259/1 1748/1256/1 1975/1260/1
f 1975/1260/1 1748/1256/1 1974/1261/1
f 1974/1261/1 1748/1256/1 1973/1262/1
f 1973/1262/1 1748/1256/1 1972/1263/1
f 1972/1263/1 1748/1256/1 1971/1264/1
f 1971/1264/1 1748/1256/1 1970/1265/1
f 1970/1265/1 1748/1256/1 1969/1266/1
f 1969/1266/1 1748/1256/1 1968/1257/1
f 1939/1267/1 1940/1255/1 1873/1258/1
f 1939/1267/1 1873/1258/1 1874/1268/1
f 1938/1269/1 1939/1267/1 1874/1268/1
f 1938/1269/1 1874/1268/1 1875/1270/1
f 1937/1271/1 1938/1269/1 1875/1270/1
f 1937/1271/1 1875/1270/1 1876/1272/1
f 1936/1273/1 1937/1271/1 1876/1272/1
f 1936/1273/1 1876/1272/1 1877/1274/1
f 1935/1275/1 1936/1273/1 1877/1274/1
f 1935/1275/1 1877/1274/1 1878/1276/1
f 1934/1277/1 1935/1275/1 1878/1276/1
f 1934/1277/1 1878/1276/1 1879/1278/1
f 1933/1279/1 1934/1277/1 1879/1278/1
f 1933/1279/1 1879/1278/1 1880/1280/1
f 1932/1281/1 1933/1279/1 1880/1280/1
f 1932/1281/1 1880/1280/1 1881/1282/1
f 1931/107/1 1932/1281/1 1881/1282/1
f 1931/107/1 1881/1282/1 1882/1283/1
f 1930/1284/1 1931/107/1 1882/1283/1
f 1930/1284/1 1882/1283/1 1883/1285/1
f 1929/1286/1 1930/1284/1 1883/1285/1
f 1929/1286/1 1883/1285/1 1884/1287/1
f 1928/1288/1 1929/1286/1 1884/1287/1
f 1928/1288/1 1884/1287/1 1885/136/1
f 1927/1289/1 1928/1288/1 1885/136/1
f 1927/1289/1 1885/136/1 1886/1290/1
f 1926/1291/1 1927/1289/1 1886/1290/1
f 1926/1291/1 1886/1290/1 1887/1292/1
f 1925/1293/1 1926/1291/1 1887/1292/1
f 1925/1293/1 1887/1292/1 1888/1294/1
f 1924/1295/1 1925/1293/1 1888/1294/1
f 1924/1295/1 1888/1294/1 1889/1296/1
f 1923/1297/1 1924/1295/1 1889/1296/1
f 1923/1297/1 1889/1296/1 1890/1298/1
f 1922/1299/1 1923/1297/1 1890/1298/1
f 1922/1299/1 1890/1298/1 1891/1300/1
f 1921/1301/1 1922/1299/1 1891/1300/1
f 1920/1302/1 1921/1301/1 1891/1300/1
f 1920/1302/1 1891/1300/1 1892/1303/1
f 1919/1304/1 1920/1302/1 1892/1303/1
f 1919/1304/1 1892/1303/1 1893/1305/1
f 1918/1306/1 1919/1304/1 1893/1305/1
f 1918/1306/1 1893/1305/1 1894/1307/1
f 1917/1308/1 1918/1306/1 1894/1307/1
f 1917/1308/1 1894/1307/1 1895/1309/1
f 1916/1310/1 1917/1308/1 1895/1309/1
f 1916/1310/1 1895/1309/1 1896/1311/1
f 1915/1312/1 1916/1310/1 1896/1311/1
f 1915/1312/1 1896/1311/1 1897/1313/1
f 1914/1314/1 1915/1312/1 1897/1313/1
f 1914/1314/1 1897/1313/1 1898/1315/1
f 1913/1316/1 1914/1314/1 1898/1315/1
f 1913/1316/1 1898/1315/1 1899/1317/1
f 1912/1318/1 1913/1316/1 1899/1317/1
f 1912/1318/1 1899/1317/1 1900/1319/1
f 1911/1320/1 1912/1318/1 1900/1319/1
f 1910/1321/1 1911/1320/1 1900/1319/1
f 1910/1321/1 1900/1319/1 1901/1322/1
f 1909/1323/1 1910/1321/1 1901/1322/1
f 1909/1323/1 1901/1322/1 1902/1324/1
f 1908/583/1 1909/1323/1 1902/1324/1
f 1908/583/1 1902/1324/1 1903/1325/1
f 1907/1326/1 1908/583/1 1903/1325/1
f 1907/1326/1 1903/1325/1 1904/1327/1
f 1906/1328/1 1907/1326/1 1904/1327/1
f 1905/1329/1 1906/1328/1 1904/1327/1
f 2340/1330/1 2341/1331/1 2342/1332/1
f 2339/1333/1 2340/1330/1 2342/1332/1
f 2339/1333/1 2342/1332/1 2343/1334/1
f 2338/1335/1 2339/1333/1 2343/1334/1
f 2337/1336/1 2338/1335/1 2343/1334/1
f 2337/1336/1 2343/1334/1 2344/1337/1
f 2336/1338/1 2337/1336/1 2344/1337/1
f 2336/1338/1 2344/1337/1 2345/1339/1
f 2335/1340/1 2336/1338/1 2345/1339/1
f 2334/1341/1 2335/1340/1 2345/1339/1
f 2334/1341/1 2345/1339/1 2346/1342/1
f 2333/1343/1 2334/1341/1 2346/1342/1
f 2332/1344/1 2333/1343/1 2346/1342/1
f 2332/1344/1 2346/1342/1 2347/1345/1
f 2331/1346/1 2332/1344/1 2347/1345/1
f 2331/1346/1 2347/1345/1 2348/1347/1
f 2330/1348/1 2331/1346/1 2348/1347/1
f 2329/1349/1 2330/1348/1 2348/1347/1
f 2329/1349/1 2348/1347/1 2349/1350/1
f 2328/1351/1 2329/1349/1 2349/1350/1
f 2327/1352/1 2328/1351/1 2349/1350/1
f 2327/1352/1 2349/1350/1 2350/1353/1
f 2326/1354/1 2327/1352/1 2350/1353/1
f 2326/1354/1 2350/1353/1 2351/1355/1
f 2325/1356/1 2326/1354/1 2351/1355/1
f 2325/1356/1 2351/1355/1 2352/1357/1
f 2324/1358/1 2325/1356/1 2352/1357/1
f 2323/1359/1 2324/1358/1 2352/1357/1
f 2323/1359/1 2352/1357/1 2353/1360/1
f 2322/1361/1 2323/1359/1 2353/1360/1
f 2322/1361/1 2353/1360/1 2354/1362/1
f 2321/1363/1 2322/1361/1 2354/1362/1
f 2321/1363/1 2354/1362/1 2355/1364/1
f 2320/1365/1 2321/1363/1 2355/1364/1
f 2320/1365/1 2355/1364/1 2356/1366/1
f 2319/1367/1 2320/1365/1 2356/1366/1
f 2319/1367/1 2356/1366/1 2357/1368/1
f 2318/1369/1 2319/1367/1 2357/1368/1
f 2318/1369/1 2357/1368/1 2358/1370/1
f 2317/1371/1 2318/1369/1 2358/1370/1
f 2316/1372/1 2317/1371/1 2358/1370/1
f 2316/1372/1 2358/1370/1 2359/1373/1
f 2316/1372/1 2359/1373/1 2360/1374/1
f 2316/1372/1 2360/1374/1 2361/1375/1
f 2316/1372/1 2361/1375/1 2362/1376/1
f 2316/1372/1 2362/1376/1 2363/1377/1
f 2316/1372/1 2363/1377/1 2364/1378/1
f 2316/1372/1 2364/1378/1 2365/1379/1
f 2316/1372/1 2365/1379/1 2366/1380/1
f 2316/1372/1 2366/1380/1 2367/1381/1
f 2316/1372/1 2367/1381/1 2368/1382/1
f 2316/1372/1 2368/1382/1 2369/1383/1
f 2316/1372/1 2369/1383/1 2370/1384/1
f 2316/1372/1 2370/1384/1 2371/1385/1
f 2316/1372/1 2371/1385/1 2372/1386/1
f 2316/1372/1 2372/1386/1 2373/1387/1
f 2316/1372/1 2373/1387/1 2374/1388/1
f 2316/1372/1 2374/1388/1 2375/1389/1
f 2316/1372/1 2375/1389/1 2376/1390/1
f 2316/1372/1 2376/1390/1 2377/1391/1
f 2316/1372/1 2377/1391/1 2378/1392/1
f 2316/1372/1 2378/1392/1 2379/1393/1
f 2316/1372/1 2379/1393/1 2380/1394/1
f 2316/1372/1 2380/1394/1 2381/1395/1
f 2316/1372/1 2381/1395/1 2382/1396/1
f 2316/1372/1 2382/1396/1 2383/1397/1
f 2316/1372/1 2383/1397/1 2384/1398/1
f 2316/1372/1 2384/1398/1 2385/1399/1
f 2316/1372/1 2385/1399/1 2386/1400/1
f 2316/1372/1 2386/1400/1 2387/1401/1
f 2316/1372/1 2387/1401/1 2388/1402/1
f 2316/1372/1 2388/1402/1 2389/78/1
f 2316/1372/1 2389/78/1 2315/1403/1
f 2315/1403/1 2389/78/1 2314/1404/1
f 2314/1404/1 2389/78/1 2313/1405/1
f 2313/1405/1 2389/78/1 2312/1406/1
f 2312/1406/1 2389/78/1 2311/1407/1
f 2311/1407/1 2389/78/1 2310/1408/1
f 2310/1408/1 2389/78/1 2309/1409/1
f 2309/1409/1 2389/78/1 2308/1410/1
f 2308/1410/1 2389/78/1 2307/1411/1
f 2307/1411/1 2389/78/1 2306/1412/1
f 2306/1412/1 2389/78/1 2305/1413/1
f 2305/1413/1 2389/78/1 2304/1414/1
f 2304/1414/1 2389/78/1 2303/1415/1
f 2303/1415/1 2389/78/1 2302/1416/1
f 2302/1416/1 2389/78/1 2301/1417/1
f 2301/1417/1 2389/78/1 2300/1418/1
f 2300/1418/1 2389/78/1 2299/1419/1
f 2299/1419/1 2389/78/1 2298/1420/1
f 2298/1420/1 2389/78/1 2297/1421/1
f 2297/1421/1 2389/78/1 2296/1422/1
f 2296/1422/1 2389/78/1 2295/1423/1
f 2295/1423/1 2389/78/1 2294/1424/1
f 2294/1424/1 2389/78/1 2293/1425/1
f 2293/1425/1 2389/78/1 2292/1426/1
f 2292/1426/1 2389/78/1 2291/1427/1
f 2291/1427/1 2389/78/1 2290/1428/1
f 2290/1428/1 2389/78/1 2289/1429/1
f 2289/1429/1 2389/78/1 2288/1430/1
f 2288/1430/1 2389/78/1 2287/1431/1
f 2287/1431/1 2389/78/1 2286/1432/1
f 2286/1432/1 2389/78/1 2285/1433/1
f 2285/1433/1 2389/78/1 2284/1434/1
f 2284/1434/1 2389/78/1 2283/1435/1
f 2283/1435/1 2389/78/1 2282/1436/1
f 2282/1436/1 2389/78/1 2281/1437/1
f 2281/1437/1 2389/78/1 2280/1438/1
f 2280/1438/1 2389/78/1 2279/1439/1
f 2279/1439/1 2389/78/1 2278/1440/1
f 2278/1440/1 2389/78/1 2277/1441/1
f 2277/1441/1 2389/78/1 2276/1442/1
f 2276/1442/1 2389/78/1 2275/1443/1
f 2275/1443/1 2389/78/1 2274/1444/1
f 2274/1444/1 2389/78/1 2273/1445/1
f 2273/1445/1 2389/78/1 2272/1446/1
f 2272/1446/1 2389/78/1 2271/1447/1
f 2271/1447/1 2389/78/1 2270/1448/1
f 2270/1448/1 2389/78/1 2269/1449/1
f 2269/1449/1 2389/78/1 2268/1450/1
f 2268/1450/1 2389/78/1 2267/1451/1
f 2267/1451/1 2389/78/1 2266/1452/1
f 2266/1452/1 2389/78/1 2265/1453/1
f 2265/1453/1 2389/78/1 2264/1454/1
f 2264/1454/1 2389/78/1 2263/1455/1
f 2263/1455/1 2389/78/1 2262/1456/1
f 2262/1456/1 2389/78/1 2261/1457/1
f 2261/1457/1 2389/78/1 2260/1458/1
f 2260/1458/1 2389/78/1 2259/1459/1
f 2259/1459/1 2389/78/1 2258/1460/1
f 2258/1460/1 2389/78/1 2257/1461/1
f 2257/1461/1 2389/78/1 2256/1462/1
f 2256/1462/1 2389/78/1 2255/1463/1
f 2255/1463/1 2389/78/1 2254/1464/1
f 2254/1464/1 2389/78/1 2253/1465/1
f 2253/1465/1 2389/78/1 2252/381/1
f 2252/381/1 2389/78/1 2251/1466/1
f 2251/1466/1 2389/78/1 2250/1467/1
f 2250/1467/1 2389/78/1 2249/1468/1
f 2249/1468/1 2389/78/1 2248/1469/1
f 2248/1469/1 2389/78/1 2247/1470/1
f 2247/1470/1 2389/78/1 2246/1471/1
f 2246/1471/1 2389/78/1 2245/1472/1
f 2245/1472/1 2389/78/1 2244/1473/1
f 2159/1474/1 2160/1475/1 2161/1476/1
f 2159/1474/1 2161/1476/1 2162/1477/1
f 2158/1478/1 2159/1474/1 2162/1477/1
f 2158/1478/1 2162/1477/1 2163/1479/1
f 2157/1480/1 2158/1478/1 2163/1479/1
f 2157/1480/1 2163/1479/1 2164/1481/1
f 2156/1482/1 2157/1480/1 2164/1481/1
f 2156/1482/1 2164/1481/1 2165/1483/1
f 2155/1484/1 2156/1482/1 2165/1483/1
f 2155/1484/1 2165/1483/1 2166/1485/1
f 2154/1486/1 2155/1484/1 2166/1485/1
f 2154/1486/1 2166/1485/1 2167/1487/1
f 2153/1488/1 2154/1486/1 2167/1487/1
f 2153/1488/1 2167/1487/1 2168/1489/1
f 2152/1490/1 2153/1488/1 2168/1489/1
f 2152/1490/1 2168/1489/1 2169/1491/1
f 2151/1492/1 2152/1490/1 2169/1491/1
f 2151/1492/1 2169/1491/1 2170/1493/1
f 2150/1494/1 2151/1492/1 2170/1493/1
f 2150/1494/1 2170/1493/1 2171/1495/1
f 2149/1496/1 2150/1494/1 2171/1495/1
f 2149/1496/1 2171/1495/1 2172/1497/1
f 2148/1498/1 2149/1496/1 2172/1497/1
f 2148/1498/1 2172/1497/1 2173/1499/1
f 2147/1500/1 2148/1498/1 2173/1499/1
f 2147/1500/1 2173/1499/1 2174/1501/1
f 2146/1502/1 2147/1500/1 2174/1501/1
f 2145/1503/1 2146/1502/1 2174/1501/1
f 2145/1503/1 2174/1501/1 2175/1504/1
f 2144/1505/1 2145/1503/1 2175/1504/1
f 2144/1505/1 2175/1504/1 2176/1506/1
f 2143/1507/1 2144/1505/1 2176/1506/1
f 2142/1508/1 2143/1507/1 2176/1506/1
f 2142/1508/1 2176/1506/1 2177/1509/1
f 2141/1510/1 2142/1508/1 2177/1509/1
f 2141/1510/1 2177/1509/1 2178/1511/1
f 2140/1512/1 2141/1510/1 2178/1511/1
f 2139/1513/1 2140/1512/1 2178/1511/1
f 2139/1513/1 2178/1511/1 2179/1514/1
f 2138/1515/1 2139/1513/1 2179/1514/1
f 2137/1516/1 2138/1515/1 2179/1514/1
f 2137/1516/1 2179/1514/1 2180/1517/1
f 2136/1518/1 2137/1516/1 2180/1517/1
f 2135/1519/1 2136/1518/1 2180/1517/1
f 2135/1519/1 2180/1517/1 2181/1520/1
f 2134/1521/1 2135/1519/1 2181/1520/1
f 2134/1521/1 2181/1520/1 2182/1522/1
f 2133/1523/1 2134/1521/1 2182/1522/1
f 2132/1524/1 2133/1523/1 2182/1522/1
f 2132/1524/1 2182/1522/1 2183/1525/1
f 2131/1526/1 2132/1524/1 2183/1525/1
f 2130/1527/1 2131/1526/1 2183/1525/1
f 2130/1527/1 2183/1525/1 2184/1528/1
f 2129/1529/1 2130/1527/1 2184/1528/1
f 2128/1530/1 2129/1529/1 2184/1528/1
f 2128/1530/1 2184/1528/1 2185/1531/1
f 2127/1532/1 2128/1530/1 2185/1531/1
f 2126/1533/1 2127/1532/1 2185/1531/1
f 2126/1533/1 2185/1531/1 2186/1534/1
f 2125/1535/1 2126/1533/1 2186/1534/1
f 2125/1535/1 2186/1534/1 2187/1536/1
f 2124/1537/1 2125/1535/1 2187/1536/1
f 2123/1538/1 2124/1537/1 2122/1539/1
f 2122/1539/1 2124/1537/1 2121/1540/1
f 2121/1540/1 2124/1537/1 2120/1541/1
f 2120/1541/1 2124/1537/1 2119/1542/1
f 2119/1542/1 2124/1537/1 2118/1543/1
f 2118/1543/1 2124/1537/1 2117/1544/1
f 2117/1544/1 2124/1537/1 2116/1545/1
f 2116/1545/1 2124/1537/1 2115/147/1
f 2115/147/1 2124/1537/1 2114/1546/1
f 2114/1546/1 2124/1537/1 2113/1547/1
f 2113/1547/1 2124/1537/1 2112/1548/1
f 2112/1548/1 2124/1537/1 2111/1549/1
f 2111/1549/1 2124/1537/1 2110/1550/1
f 2110/1550/1 2124/1537/1 2109/1551/1
f 2109/1551/1 2124/1537/1 2108/1552/1
f 2108/1552/1 2124/1537/1 2107/1553/1
f 2107/1553/1 2124/1537/1 2106/1554/1
f 2106/1554/1 2124/1537/1 2105/1555/1
f 2105/1555/1 2124/1537/1 2104/1556/1
f 2104/1556/1 2124/1537/1 2103/1557/1
f 2103/1557/1 2124/1537/1 2102/1558/1
f 2102/1558/1 2124/1537/1 2101/1559/1
f 2101/1559/1 2124/1537/1 2187/1536/1
f 2101/1559/1 2187/1536/1 2100/1560/1
f 2100/1560/1 2187/1536/1 2099/1561/1
f 2099/1561/1 2187/1536/1 2098/1562/1
f 2098/1562/1 2187/1536/1 2188/1563/1
f 2098/1562/1 2188/1563/1 2097/1564/1
f 2097/1564/1 2188/1563/1 2096/1565/1
f 2096/1565/1 2188/1563/1 2095/1566/1
f 2095/1566/1 2188/1563/1 2189/1567/1
f 2095/1566/1 2189/1567/1 2094/1568/1
f 2094/1568/1 2189/1567/1 2093/1569/1
f 2093/1569/1 2189/1567/1 2092/1570/1
f 2092/1570/1 2189/1567/1 2190/1571/1
f 2092/1570/1 2190/1571/1 2091/1572/1
f 2091/1572/1 2190/1571/1 2090/1573/1
f 2090/1573/1 2190/1571/1 2089/1574/1
f 2089/1574/1 2190/1571/1 2191/1575/1
f 2089/1574/1 2191/1575/1 2088/1576/1
f 2088/1576/1 2191/1575/1 2087/1577/1
f 2087/1577/1 2191/1575/1 2086/1578/1
f 2086/1578/1 2191/1575/1 2192/1579/1
f 2086/1578/1 2192/1579/1 2085/1580/1
f 2085/1580/1 2192/1579/1 2084/1581/1
f 2084/1581/1 2192/1579/1 2083/1582/1
f 2083/1582/1 2192/1579/1 2082/1583/1
f 2082/1583/1 2192/1579/1 2193/1584/1
f 2082/1583/1 2193/1584/1 2081/1585/1
f 2081/1585/1 2193/1584/1 2080/1586/1
f 2080/1586/1 2193/1584/1 2079/1587/1
f 2079/1587/1 2193/1584/1 2194/1588/1
f 2079/1587/1 2194/1588/1 2078/1589/1
f 2078/1589/1 2194/1588/1 2077/1590/1
f 2077/1590/1 2194/1588/1 2076/1591/1
f 2076/1591/1 2194/1588/1 2075/1592/1
f 2075/1592/1 2194/1588/1 2195/1593/1
f 2075/1592/1 2195/1593/1 2074/1594/1
f 2074/1594/1 2195/1593/1 2073/1595/1
f 2073/1595/1 2195/1593/1 2072/1596/1
f 2072/1596/1 2195/1593/1 2071/1597/1
f 2071/1597/1 2195/1593/1 2070/1598/1
f 2070/1598/1 2195/1593/1 2196/1599/1
f 2069/1600/1 2070/1598/1 2196/1599/1
f 2068/1601/1 2069/1600/1 2196/1599/1
f 2067/1602/1 2068/1601/1 2196/1599/1
f 2066/1603/1 2067/1602/1 2196/1599/1
f 2065/1604/1 2066/1603/1 2196/1599/1
f 2064/1605/1 2065/1604/1 2196/1599/1
f 2063/1606/1 2064/1605/1 2196/1599/1
f 2062/1607/1 2063/1606/1 2196/1599/1
f 2061/1608/1 2062/1607/1 2196/1599/1
f 2060/1609/1 2061/1608/1 2196/1599/1
f 2059/1610/1 2060/1609/1 2196/1599/1
f 2058/1611/1 2059/1610/1 2196/1599/1
f 2057/1612/1 2058/1611/1 2196/1599/1
f 2056/1613/1 2057/1612/1 2196/1599/1
f 2055/1614/1 2056/1613/1 2196/1599/1
f 2054/1615/1 2055/1614/1 2196/1599/1
f 2054/1615/1 2196/1599/1 2197/1616/1
f 2053/1617/1 2054/1615/1 2197/1616/1
f 2052/1618/1 2053/1617/1 2197/1616/1
f 2051/1619/1 2052/1618/1 2197/1616/1
f 2050/1620/1 2051/1619/1 2197/1616/1
f 2049/1621/1 2050/1620/1 2197/1616/1
f 2048/1622/1 2049/1621/1 2197/1616/1
f 2048/1622/1 2197/1616/1 2198/1623/1
f 2047/1624/1 2048/1622/1 2198/1623/1
f 2046/1625/1 2047/1624/1 2198/1623/1
f 2045/1626/1 2046/1625/1 2198/1623/1
f 2044/1627/1 2045/1626/1 2198/1623/1
f 2044/1627/1 2198/1623/1 2199/1628/1
f 2043/1629/1 2044/1627/1 2199/1628/1
f 2042/1630/1 2043/1629/1 2199/1628/1
f 2041/1631/1 2042/1630/1 2199/1628/1
f 2041/1631/1 2199/1628/1 2200/1632/1
f 2040/1633/1 2041/1631/1 2200/1632/1
f 2039/1634/1 2040/1633/1 2200/1632/1
f 2038/1635/1 2039/1634/1 2200/1632/1
f 2038/1635/1 2200/1632/1 2201/1636/1
f 2037/1637/1 2038/1635/1 2201/1636/1
f 2036/1638/1 2037/1637/1 2201/1636/1
f 2035/1639/1 2036/1638/1 2201/1636/1
f 2035/1639/1 2201/1636/1 2202/1640/1
f 2034/1641/1 2035/1639/1 2202/1640/1
f 2033/1642/1 2034/1641/1 2202/1640/1
f 2033/1642/1 2202/1640/1 2203/1643/1
f 2032/1644/1 2033/1642/1 2203/1643/1
f 2031/1645/1 2032/1644/1 2203/1643/1
f 2031/1645/1 2203/1643/1 2204/1646/1
f 2030/1647/1 2031/1645/1 2204/1646/1
f 2029/1648/1 2030/1647/1 2204/1646/1
f 2029/1648/1 2204/1646/1 2205/1649/1
f 2028/1650/1 2029/1648/1 2205/1649/1
f 2027/1651/1 2028/1650/1 2205/1649/1
f 2027/1651/1 2205/1649/1 2206/1652/1
f 2026/1653/1 2027/1651/1 2206/1652/1
f 2025/1654/1 2026/1653/1 2206/1652/1
f 2025/1654/1 2206/1652/1 2207/1655/1
f 2024/1656/1 2025/1654/1 2207/1655/1
f 2023/1657/1 2024/1656/1 2207/1655/1
f 2023/1657/1 2207/1655/1 2208/1658/1
f 2022/1659/1 2023/1657/1 2208/1658/1
f 2021/1660/1 2022/1659/1 2208/1658/1
f 2021/1660/1 2208/1658/1 2209/1661/1
f 2020/1662/1 2021/1660/1 2209/1661/1
f 2020/1662/1 2209/1661/1 2210/1663/1
f 2019/1664/1 2020/1662/1 2210/1663/1
f 2018/1665/1 2019/1664/1 2210/1663/1
f 2018/1665/1 2210/1663/1 2211/1666/1
f 2017/1667/1 2018/1665/1 2211/1666/1
f 2016/1668/1 2017/1667/1 2211/1666/1
f 2016/1668/1 2211/1666/1 2212/1669/1
f 2015/1670/1 2016/1668/1 2212/1669/1
f 2014/1671/1 2015/1670/1 2212/1669/1
f 2014/1671/1 2212/1669/1 2213/1672/1
f 2013/1673/1 2014/1671/1 2213/1672/1
f 2012/1674/1 2013/1673/1 2213/1672/1
f 2012/1674/1 2213/1672/1 2214/1675/1
f 2011/1676/1 2012/1674/1 2214/1675/1
f 2011/1676/1 2214/1675/1 2215/1677/1
f 2010/1678/1 2011/1676/1 2215/1677/1
f 2009/1679/1 2010/1678/1 2215/1677/1
f 2009/1679/1 2215/1677/1 2216/1680/1
f 2008/1681/1 2009/1679/1 2216/1680/1
f 2007/1682/1 2008/1681/1 2216/1680/1
f 2007/1682/1 2216/1680/1 2217/1683/1
f 2006/1684/1 2007/1682/1 2217/1683/1
f 2005/1685/1 2006/1684/1 2217/1683/1
f 2005/1685/1 2217/1683/1 2218/1686/1
f 2004/1687/1 2005/1685/1 2218/1686/1
f 2004/1687/1 2218/1686/1 2219/1688/1
f 2003/1689/1 2004/1687/1 2219/1688/1
f 2002/1690/1 2003/1689/1 2219/1688/1
f 2002/1690/1 2219/1688/1 2220/1691/1
f 2001/1692/1 2002/1690/1 2220/1691/1
f 2000/1693/1 2001/1692/1 2220/1691/1
f 2000/1693/1 2220/1691/1 2221/1694/1
f 1999/1695/1 2000/1693/1 2221/1694/1
f 1998/1696/1 1999/1695/1 2221/1694/1
f 1998/1696/1 2221/1694/1 2222/1697/1
f 1997/1698/1 1998/1696/1 2222/1697/1
f 1996/1699/1 1997/1698/1 2222/1697/1
f 1996/1699/1 2222/1697/1 2223/1700/1
f 1995/1701/1 1996/1699/1 2223/1700/1
f 1994/1702/1 1995/1701/1 2223/1700/1
f 1994/1702/1 2223/1700/1 2224/1703/1
f 1993/1704/1 1994/1702/1 2224/1703/1
f 1993/1704/1 2224/1703/1 2225/1705/1
f 1992/1706/1 1993/1704/1 2225/1705/1
f 1991/1707/1 1992/1706/1 2225/1705/1
f 1991/1707/1 2225/1705/1 2226/1708/1
f 1990/1709/1 1991/1707/1 2226/1708/1
f 1989/1710/1 1990/1709/1 2226/1708/1
f 1989/1710/1 2226/1708/1 2227/1711/1
f 1988/1712/1 1989/1710/1 2227/1711/1
f 1987/1713/1 1988/1712/1 2227/1711/1
f 1987/1713/1 2227/1711/1 2228/1714/1
f 1986/1715/1 1987/1713/1 2228/1714/1
f 1985/1716/1 1986/1715/1 2228/1714/1
f 1984/1717/1 1985/1716/1 2228/1714/1
f 1984/1717/1 2228/1714/1 2229/1718/1
f 1983/1719/1 1984/1717/1 2229/1718/1
f 1982/1720/1 1983/1719/1 2229/1718/1
f 1982/1720/1 2229/1718/1 2230/1721/1
f 1981/1722/1 1982/1720/1 2230/1721/1
f 1980/1723/1 1981/1722/1 2230/1721/1
f 1980/1723/1 2230/1721/1 2231/1724/1
f 1979/1725/1 1980/1723/1 2231/1724/1
f 1978/77/1 1979/1725/1 2231/1724/1
f 1978/77/1 2231/1724/1 2232/1726/1
f 1978/77/1 2232/1726/1 2233/1727/1
f 1978/77/1 2233/1727/1 2234/1728/1
f 1978/77/1 2234/1728/1 2235/1729/1
f 1978/77/1 2235/1729/1 2236/1730/1
f 1978/77/1 2236/1730/1 2237/1731/1
f 1978/77/1 2237/1731/1 2238/1732/1
f 1978/77/1 2238/1732/1 2239/1733/1
f 1978/77/1 2239/1733/1 2240/1734/1
f 1978/77/1 2240/1734/1 2241/1735/1
f 1978/77/1 2241/1735/1 2242/1736/1
f 1978/77/1 2242/1736/1 2243/1737/1
f 2438/1/2 2440/3/2 2439/2/2
f 2437/4/2 2440/3/2 2438/1/2
f 2437/4/2 2441/5/2 2440/3/2
f 2436/6/2 2441/5/2 2437/4/2
f 2436/6/2 2442/7/2 2441/5/2
f 2435/8/2 2442/7/2 2436/6/2
f 2435/8/2 2443/9/2 2442/7/2
f 2434/10/2 2443/9/2 2435/8/2
f 2434/10/2 2444/11/2 2443/9/2
f 2433/12/2 2444/11/2 2434/10/2
f 2433/12/2 2445/13/2 2444/11/2
f 2432/14/2 2445/13/2 2433/12/2
f 2432/14/2 2446/15/2 2445/13/2
f 2431/16/2 2446/15/2 2432/14/2
f 2431/16/2 2447/17/2 2446/15/2
f 2430/18/2 2447/17/2 2431/16/2
f 2430/18/2 2448/19/2 2447/17/2
f 2429/20/2 2448/19/2 2430/18/2
f 2429/20/2 2449/21/2 2448/19/2
f 2428/22/2 2449/21/2 2429/20/2
f 2428/22/2 2450/23/2 2449/21/2
f 2427/24/2 2450/23/2 2428/22/2
f 2427/24/2 2451/25/2 2450/23/2
f 2426/26/2 2451/25/2 2427/24/2
f 2426/26/2 2452/27/2 2451/25/2
f 2426/26/2 2453/28/2 2452/27/2
f 2425/29/2 2453/28/2 2426/26/2
f 2425/29/2 2454/30/2 2453/28/2
f 2424/31/2 2454/30/2 2425/29/2
f 2424/31/2 2455/32/2 2454/30/2
f 2423/33/2 2455/32/2 2424/31/2
f 2423/33/2 2456/34/2 2455/32/2
f 2422/35/2 2456/34/2 2423/33/2
f 2422/35/2 2457/36/2 2456/34/2
f 2421/37/2 2457/36/2 2422/35/2
f 2421/37/2 2458/38/2 2457/36/2
f 2420/39/2 2458/38/2 2421/37/2
f 2420/39/2 2459/40/2 2458/38/2
f 2419/41/2 2459/40/2 2420/39/2
f 2419/41/2 2460/42/2 2459/40/2
f 2418/43/2 2460/42/2 2419/41/2
f 2418/43/2 2461/44/2 2460/42/2
f 2417/45/2 2461/44/2 2418/43/2
f 2417/45/2 2462/46/2 2461/44/2
f 2416/47/2 2462/46/2 2417/45/2
f 2416/47/2 2463/48/2 2462/46/2
f 2415/49/2 2463/48/2 2416/47/2
f 2414/50/2 2463/48/2 2415/49/2
f 2414/50/2 2464/51/2 2463/48/2
f 2413/52/2 2464/51/2 2414/50/2
f 2412/53/2 2464/51/2 2413/52/2
f 2411/54/2 2464/51/2 2412/53/2
f 2410/55/2 2464/51/2 2411/54/2
f 2409/56/2 2464/51/2 2410/55/2
f 2408/57/2 2464/51/2 2409/56/2
f 2407/58/2 2464/51/2 2408/57/2
f 2406/59/2 2464/51/2 2407/58/2
f 2405/60/2 2464/51/2 2406/59/2
f 2404/61/2 2464/51/2 2405/60/2
f 2403/62/2 2464/51/2 2404/61/2
f 2402/63/2 2464/51/2 2403/62/2
f 2401/64/2 2464/51/2 2402/63/2
f 2400/65/2 2464/51/2 2401/64/2
f 2399/66/2 2464/51/2 2400/65/2
f 2398/67/2 2464/51/2 2399/66/2
f 2397/68/2 2464/51/2 2398/67/2
f 2396/69/2 2464/51/2 2397/68/2
f 2395/70/2 2464/51/2 2396/69/2
f 2394/71/2 2465/72/2 2395/70/2
f 2465/72/2 2464/51/2 2395/70/2
f 2393/73/2 2465/72/2 2394/71/2
f 2392/74/2 2466/75/2 2393/73/2
f 2466/75/2 2465/72/2 2393/73/2
f 2391/76/2 2466/75/2 2392/74/2
f 2390/77/2 2535/78/2 2391/76/2
f 2535/78/2 2534/79/2 2391/76/2
f 2534/79/2 2533/80/2 2391/76/2
f 2533/80/2 2532/81/2 2391/76/2
f 2532/81/2 2531/82/2 2391/76/2
f 2531/82/2 2530/83/2 2391/76/2
f 2530/83/2 2529/84/2 2391/76/2
f 2529/84/2 2528/85/2 2391/76/2
f 2528/85/2 2527/86/2 2391/76/2
f 2527/86/2 2526/87/2 2391/76/2
f 2526/87/2 2525/88/2 2391/76/2
f 2525/88/2 2524/89/2 2391/76/2
f 2524/89/2 2523/90/2 2391/76/2
f 2523/90/2 2522/91/2 2391/76/2
f 2522/91/2 2521/92/2 2391/76/2
f 2521/92/2 2520/93/2 2391/76/2
f 2520/93/2 2519/94/2 2391/76/2
f 2519/94/2 2518/95/2 2391/76/2
f 2518/95/2 2517/96/2 2391/76/2
f 2517/96/2 2516/97/2 2391/76/2
f 2516/97/2 2515/98/2 2391/76/2
f 2515/98/2 2514/99/2 2391/76/2
f 2514/99/2 2513/100/2 2391/76/2
f 2513/100/2 2512/101/2 2391/76/2
f 2512/101/2 2511/102/2 2391/76/2
f 2511/102/2 2510/103/2 2391/76/2
f 2510/103/2 2509/104/2 2391/76/2
f 2509/104/2 2508/105/2 2391/76/2
f 2508/105/2 2507/106/2 2391/76/2
f 2507/106/2 2506/107/2 2391/76/2
f 2506/107/2 2505/108/2 2391/76/2
f 2505/108/2 2504/109/2 2391/76/2
f 2504/109/2 2503/110/2 2391/76/2
f 2503/110/2 2502/111/2 2391/76/2
f 2502/111/2 2501/112/2 2391/76/2
f 2501/112/2 2500/113/2 2391/76/2
f 2500/113/2 2499/114/2 2391/76/2
f 2499/114/2 2498/115/2 2391/76/2
f 2498/115/2 2497/116/2 2391/76/2
f 2497/116/2 2496/117/2 2391/76/2
f 2496/117/2 2495/118/2 2391/76/2
f 2495/118/2 2494/119/2 2391/76/2
f 2494/119/2 2493/120/2 2391/76/2
f 2493/120/2 2492/121/2 2391/76/2
f 2492/121/2 2491/122/2 2391/76/2
f 2491/122/2 2490/123/2 2391/76/2
f 2490/123/2 2489/124/2 2391/76/2
f 2489/124/2 2488/125/2 2391/76/2
f 2488/125/2 2487/126/2 2391/76/2
f 2487/126/2 2486/127/2 2391/76/2
f 2486/127/2 2485/128/2 2391/76/2
f 2485/128/2 2484/129/2 2391/76/2
f 2484/129/2 2483/130/2 2391/76/2
f 2483/130/2 2482/131/2 2391/76/2
f 2482/131/2 2481/132/2 2391/76/2
f 2481/132/2 2480/133/2 2391/76/2
f 2480/133/2 2479/134/2 2391/76/2
f 2479/134/2 2478/135/2 2391/76/2
f 2478/135/2 2477/136/2 2391/76/2
f 2477/136/2 2476/137/2 2391/76/2
f 2476/137/2 2475/138/2 2391/76/2
f 2475/138/2 2474/139/2 2391/76/2
f 2474/139/2 2473/140/2 2391/76/2
f 2473/140/2 2472/141/2 2391/76/2
f 2472/141/2 2471/142/2 2391/76/2
f 2471/142/2 2470/143/2 2391/76/2
f 2470/143/2 2469/144/2 2391/76/2
f 2469/144/2 2468/145/2 2391/76/2
f 2468/145/2 2467/146/2 2391/76/2
f 2467/146/2 2466/75/2 2391/76/2
f 2657/147/2 2659/149/2 2658/148/2
f 2656/150/2 2659/149/2 2657/147/2
f 2656/150/2 2660/151/2 2659/149/2
f 2655/152/2 2660/151/2 2656/150/2
f 2655/152/2 2661/153/2 2660/151/2
f 2654/154/2 2661/153/2 2655/152/2
f 2654/154/2 2662/155/2 2661/153/2
f 2653/156/2 2662/155/2 2654/154/2
f 2653/156/2 2663/157/2 2662/155/2
f 2652/158/2 2663/157/2 2653/156/2
f 2652/158/2 2664/159/2 2663/157/2
f 2651/160/2 2664/159/2 2652/158/2
f 2651/160/2 2665/161/2 2664/159/2
f 2650/162/2 2665/161/2 2651/160/2
f 2650/162/2 2666/163/2 2665/161/2
f 2649/164/2 2666/163/2 2650/162/2
f 2649/164/2 2667/165/2 2666/163/2
f 2648/166/2 2667/165/2 2649/164/2
f 2648/166/2 2668/167/2 2667/165/2
f 2647/168/2 2668/167/2 2648/166/2
f 2647/168/2 2669/169/2 2668/167/2
f 2646/170/2 2669/169/2 2647/168/2
f 2646/170/2 2670/171/2 2669/169/2
f 2645/172/2 2670/171/2 2646/170/2
f 2645/172/2 2671/173/2 2670/171/2
f 2645/172/2 2672/174/2 2671/173/2
f 2644/175/2 2672/174/2 2645/172/2
f 2754/176/2 2756/178/2 2755/177/2
f 2644/175/2 2673/179/2 2672/174/2
f 2643/180/2 2673/179/2 2644/175/2
f 2643/180/2 2674/181/2 2673/179/2
f 2642/182/2 2674/181/2 2643/180/2
f 2754/176/2 2757/183/2 2756/178/2
f 2642/182/2 2675/184/2 2674/181/2
f 2641/185/2 2675/184/2 2642/182/2
f 2641/185/2 2676/186/2 2675/184/2
f 2640/187/2 2676/186/2 2641/185/2
f 2754/176/2 2758/188/2 2757/183/2
f 2640/187/2 2677/189/2 2676/186/2
f 2639/190/2 2852/191/2 2640/187/2
f 2852/191/2 2677/189/2 2640/187/2
f 2639/190/2 2853/192/2 2852/191/2
f 2851/193/2 2677/189/2 2852/191/2
f 2851/193/2 2678/194/2 2677/189/2
f 2638/195/2 2853/192/2 2639/190/2
f 2850/196/2 2678/194/2 2851/193/2
f 2638/195/2 2854/197/2 2853/192/2
f 2849/198/2 2678/194/2 2850/196/2
f 2638/195/2 2855/199/2 2854/197/2
f 2848/200/2 2678/194/2 2849/198/2
f 2638/195/2 2856/201/2 2855/199/2
f 2847/202/2 2678/194/2 2848/200/2
f 2638/195/2 2857/203/2 2856/201/2
f 2846/204/2 2678/194/2 2847/202/2
f 2638/195/2 2858/205/2 2857/203/2
f 2845/206/2 2678/194/2 2846/204/2
f 2638/195/2 2859/207/2 2858/205/2
f 2844/208/2 2678/194/2 2845/206/2
f 2638/195/2 2860/209/2 2859/207/2
f 2754/176/2 2759/210/2 2758/188/2
f 2843/211/2 2678/194/2 2844/208/2
f 2638/195/2 2861/212/2 2860/209/2
f 2842/213/2 2678/194/2 2843/211/2
f 2638/195/2 2862/214/2 2861/212/2
f 2842/213/2 2679/215/2 2678/194/2
f 2637/216/2 2862/214/2 2638/195/2
f 2841/217/2 2679/215/2 2842/213/2
f 2637/216/2 2863/218/2 2862/214/2
f 2840/219/2 2679/215/2 2841/217/2
f 2637/216/2 2864/220/2 2863/218/2
f 2637/216/2 2865/221/2 2864/220/2
f 2839/222/2 2679/215/2 2840/219/2
f 2637/216/2 2866/223/2 2865/221/2
f 2838/224/2 2679/215/2 2839/222/2
f 2637/216/2 2867/225/2 2866/223/2
f 2837/226/2 2679/215/2 2838/224/2
f 2837/226/2 2680/227/2 2679/215/2
f 2636/228/2 2867/225/2 2637/216/2
f 2636/228/2 2868/229/2 2867/225/2
f 2836/230/2 2680/227/2 2837/226/2
f 2754/176/2 2760/231/2 2759/210/2
f 2636/228/2 2869/232/2 2868/229/2
f 2835/233/2 2680/227/2 2836/230/2
f 2636/228/2 2870/234/2 2869/232/2
f 2834/235/2 2680/227/2 2835/233/2
f 2834/235/2 2681/236/2 2680/227/2
f 2635/237/2 2870/234/2 2636/228/2
f 2635/237/2 2871/238/2 2870/234/2
f 2833/239/2 2681/236/2 2834/235/2
f 2635/237/2 2872/240/2 2871/238/2
f 2832/241/2 2681/236/2 2833/239/2
f 2635/237/2 2873/242/2 2872/240/2
f 2831/243/2 2681/236/2 2832/241/2
f 2831/243/2 2682/244/2 2681/236/2
f 2634/245/2 2873/242/2 2635/237/2
f 2634/245/2 2874/246/2 2873/242/2
f 2830/247/2 2682/244/2 2831/243/2
f 2754/176/2 2761/248/2 2760/231/2
f 2634/245/2 2875/249/2 2874/246/2
f 2829/250/2 2682/244/2 2830/247/2
f 2634/245/2 2876/251/2 2875/249/2
f 2828/252/2 2682/244/2 2829/250/2
f 2633/253/2 2876/251/2 2634/245/2
f 2633/253/2 2877/254/2 2876/251/2
f 2827/255/2 2682/244/2 2828/252/2
f 2827/255/2 2683/256/2 2682/244/2
f 2633/253/2 2878/257/2 2877/254/2
f 2826/258/2 2683/256/2 2827/255/2
f 2633/253/2 2879/259/2 2878/257/2
f 2825/260/2 2683/256/2 2826/258/2
f 2633/253/2 2880/261/2 2879/259/2
f 2824/262/2 2683/256/2 2825/260/2
f 2632/263/2 2880/261/2 2633/253/2
f 2824/262/2 2684/264/2 2683/256/2
f 2754/176/2 2762/265/2 2761/248/2
f 2632/263/2 2881/266/2 2880/261/2
f 2823/267/2 2684/264/2 2824/262/2
f 2632/263/2 2882/268/2 2881/266/2
f 2822/269/2 2684/264/2 2823/267/2
f 2753/270/2 2762/265/2 2754/176/2
f 2632/263/2 2883/271/2 2882/268/2
f 2821/272/2 2684/264/2 2822/269/2
f 2631/273/2 2883/271/2 2632/263/2
f 2821/272/2 2685/274/2 2684/264/2
f 2631/273/2 2884/275/2 2883/271/2
f 2820/276/2 2685/274/2 2821/272/2
f 2631/273/2 2885/277/2 2884/275/2
f 2819/278/2 2685/274/2 2820/276/2
f 2631/273/2 2886/279/2 2885/277/2
f 2818/280/2 2685/274/2 2819/278/2
f 2631/273/2 2887/281/2 2886/279/2
f 2817/282/2 2685/274/2 2818/280/2
f 2817/282/2 2686/283/2 2685/274/2
f 2630/284/2 2887/281/2 2631/273/2
f 2753/270/2 2763/285/2 2762/265/2
f 2752/286/2 2763/285/2 2753/270/2
f 2630/284/2 2888/287/2 2887/281/2
f 2816/288/2 2686/283/2 2817/282/2
f 2630/284/2 2889/289/2 2888/287/2
f 2815/290/2 2686/283/2 2816/288/2
f 2630/284/2 2890/291/2 2889/289/2
f 2814/292/2 2686/283/2 2815/290/2
f 2814/292/2 2687/293/2 2686/283/2
f 2629/294/2 2890/291/2 2630/284/2
f 2629/294/2 2891/295/2 2890/291/2
f 2813/296/2 2687/293/2 2814/292/2
f 2629/294/2 2892/297/2 2891/295/2
f 2812/298/2 2687/293/2 2813/296/2
f 2629/294/2 2893/299/2 2892/297/2
f 2811/300/2 2687/293/2 2812/298/2
f 2629/294/2 2894/301/2 2893/299/2
f 2810/302/2 2687/293/2 2811/300/2
f 2629/294/2 2895/303/2 2894/301/2
f 2809/304/2 2687/293/2 2810/302/2
f 2629/294/2 2896/305/2 2895/303/2
f 2808/306/2 2687/293/2 2809/304/2
f 2751/307/2 2763/285/2 2752/286/2
f 2629/294/2 2897/308/2 2896/305/2
f 2807/309/2 2687/293/2 2808/306/2
f 2807/309/2 2688/310/2 2687/293/2
f 2628/311/2 2897/308/2 2629/294/2
f 2628/311/2 2898/312/2 2897/308/2
f 2806/313/2 2688/310/2 2807/309/2
f 2628/311/2 2899/78/2 2898/312/2
f 2805/314/2 2688/310/2 2806/313/2
f 2628/311/2 2804/315/2 2899/78/2
f 2804/315/2 2688/310/2 2805/314/2
f 2628/311/2 2688/310/2 2804/315/2
f 2751/307/2 2764/316/2 2763/285/2
f 2628/311/2 2689/317/2 2688/310/2
f 2627/318/2 2689/317/2 2628/311/2
f 2750/319/2 2764/316/2 2751/307/2
f 2627/318/2 2690/320/2 2689/317/2
f 2626/321/2 2690/320/2 2627/318/2
f 2750/319/2 2765/322/2 2764/316/2
f 2626/321/2 2691/323/2 2690/320/2
f 2625/324/2 2691/323/2 2626/321/2
f 2749/325/2 2765/322/2 2750/319/2
f 2625/324/2 2692/326/2 2691/323/2
f 2624/327/2 2692/326/2 2625/324/2
f 2624/327/2 2693/328/2 2692/326/2
f 2623/329/2 2693/328/2 2624/327/2
f 2749/325/2 2766/330/2 2765/322/2
f 2748/331/2 2766/330/2 2749/325/2
f 2623/329/2 2694/332/2 2693/328/2
f 2622/333/2 2694/332/2 2623/329/2
f 2621/334/2 2694/332/2 2622/333/2
f 2621/334/2 2695/335/2 2694/332/2
f 2620/336/2 2695/335/2 2621/334/2
f 2620/336/2 2696/337/2 2695/335/2
f 2748/331/2 2767/338/2 2766/330/2
f 2747/339/2 2767/338/2 2748/331/2
f 2619/340/2 2696/337/2 2620/336/2
f 2619/340/2 2697/341/2 2696/337/2
f 2618/342/2 2697/341/2 2619/340/2
f 2618/342/2 2698/343/2 2697/341/2
f 2617/344/2 2698/343/2 2618/342/2
f 2617/344/2 2699/345/2 2698/343/2
f 2746/346/2 2767/338/2 2747/339/2
f 2616/347/2 2699/345/2 2617/344/2
f 2616/347/2 2700/348/2 2699/345/2
f 2746/346/2 2768/349/2 2767/338/2
f 2615/350/2 2700/348/2 2616/347/2
f 2615/350/2 2701/351/2 2700/348/2
f 2614/352/2 2701/351/2 2615/350/2
f 2614/352/2 2702/353/2 2701/351/2
f 2613/354/2 2702/353/2 2614/352/2
f 2613/354/2 2703/355/2 2702/353/2
f 2612/356/2 2703/355/2 2613/354/2
f 2612/356/2 2704/357/2 2703/355/2
f 2611/358/2 2704/357/2 2612/356/2
f 2611/358/2 2705/359/2 2704/357/2
f 2610/360/2 2705/359/2 2611/358/2
f 2745/361/2 2768/349/2 2746/346/2
f 2745/361/2 2769/362/2 2768/349/2
f 2744/363/2 2769/362/2 2745/361/2
f 2744/363/2 2770/364/2 2769/362/2
f 2743/365/2 2770/364/2 2744/363/2
f 2743/365/2 2771/366/2 2770/364/2
f 2742/367/2 2771/366/2 2743/365/2
f 2742/367/2 2772/368/2 2771/366/2
f 2741/369/2 2772/368/2 2742/367/2
f 2741/369/2 2773/370/2 2772/368/2
f 2740/371/2 2773/370/2 2741/369/2
f 2739/372/2 2773/370/2 2740/371/2
f 2739/372/2 2774/373/2 2773/370/2
f 2738/374/2 2774/373/2 2739/372/2
f 2738/374/2 2775/375/2 2774/373/2
f 2737/376/2 2775/375/2 2738/374/2
f 2737/376/2 2776/377/2 2775/375/2
f 2736/378/2 2776/377/2 2737/376/2
f 2736/378/2 2777/379/2 2776/377/2
f 2735/380/2 2777/379/2 2736/378/2
f 2735/380/2 2778/381/2 2777/379/2
f 2734/382/2 2778/381/2 2735/380/2
f 2734/382/2 2779/383/2 2778/381/2
f 2733/384/2 2779/383/2 2734/382/2
f 2733/384/2 2780/385/2 2779/383/2
f 2732/386/2 2780/385/2 2733/384/2
f 2732/386/2 2781/387/2 2780/385/2
f 2731/388/2 2781/387/2 2732/386/2
f 2731/388/2 2782/389/2 2781/387/2
f 2730/390/2 2782/389/2 2731/388/2
f 2730/390/2 2783/391/2 2782/389/2
f 2729/392/2 2783/391/2 2730/390/2
f 2729/392/2 2784/393/2 2783/391/2
f 2728/394/2 2784/393/2 2729/392/2
f 2728/394/2 2785/395/2 2784/393/2
f 2727/396/2 2785/395/2 2728/394/2
f 2727/396/2 2786/397/2 2785/395/2
f 2726/398/2 2786/397/2 2727/396/2
f 2726/398/2 2787/399/2 2786/397/2
f 2725/400/2 2787/399/2 2726/398/2
f 2725/400/2 2788/401/2 2787/399/2
f 2724/402/2 2788/401/2 2725/400/2
f 2724/402/2 2789/403/2 2788/401/2
f 2723/404/2 2789/403/2 2724/402/2
f 2723/404/2 2790/405/2 2789/403/2
f 2722/406/2 2790/405/2 2723/404/2
f 2722/406/2 2791/407/2 2790/405/2
f 2721/408/2 2791/407/2 2722/406/2
f 2721/408/2 2792/409/2 2791/407/2
f 2720/410/2 2792/409/2 2721/408/2
f 2720/410/2 2793/411/2 2792/409/2
f 2719/412/2 2793/411/2 2720/410/2
f 2719/412/2 2794/413/2 2793/411/2
f 2718/414/2 2794/413/2 2719/412/2
f 2718/414/2 2795/415/2 2794/413/2
f 2717/416/2 2795/415/2 2718/414/2
f 2717/416/2 2796/417/2 2795/415/2
f 2716/418/2 2796/417/2 2717/416/2
f 2716/418/2 2797/419/2 2796/417/2
f 2715/420/2 2797/419/2 2716/418/2
f 2715/420/2 2798/421/2 2797/419/2
f 2714/422/2 2798/421/2 2715/420/2
f 2714/422/2 2799/423/2 2798/421/2
f 2713/424/2 2799/423/2 2714/422/2
f 2713/424/2 2800/425/2 2799/423/2
f 2712/426/2 2800/425/2 2713/424/2
f 2712/426/2 2801/427/2 2800/425/2
f 2711/428/2 2801/427/2 2712/426/2
f 2711/428/2 2802/429/2 2801/427/2
f 2710/430/2 2802/429/2 2711/428/2
f 2710/430/2 2803/431/2 2802/429/2
f 2709/432/2 2803/431/2 2710/430/2
f 2709/432/2 2708/433/2 2803/431/2
f 2708/433/2 2707/434/2 2803/431/2
f 2707/434/2 2706/435/2 2803/431/2
f 2572/436/2 2574/438/2 2573/437/2
f 2571/439/2 2574/438/2 2572/436/2
f 2570/440/2 2574/438/2 2571/439/2
f 2570/440/2 2575/441/2 2574/438/2
f 2569/442/2 2575/441/2 2570/440/2
f 2569/442/2 2576/443/2 2575/441/2
f 2568/444/2 2576/443/2 2569/442/2
f 2568/444/2 2577/445/2 2576/443/2
f 2567/446/2 2577/445/2 2568/444/2
f 2567/446/2 2578/447/2 2577/445/2
f 2566/448/2 2578/447/2 2567/446/2
f 2566/448/2 2579/449/2 2578/447/2
f 2565/450/2 2579/449/2 2566/448/2
f 2565/450/2 2580/451/2 2579/449/2
f 2564/452/2 2580/451/2 2565/450/2
f 2564/452/2 2581/453/2 2580/451/2
f 2563/454/2 2581/453/2 2564/452/2
f 2563/454/2 2582/455/2 2581/453/2
f 2562/456/2 2582/455/2 2563/454/2
f 2562/456/2 2583/457/2 2582/455/2
f 2561/458/2 2583/457/2 2562/456/2
f 2561/458/2 2584/459/2 2583/457/2
f 2560/460/2 2584/459/2 2561/458/2
f 2560/460/2 2585/461/2 2584/459/2
f 2559/462/2 2585/461/2 2560/460/2
f 2559/462/2 2586/463/2 2585/461/2
f 2558/464/2 2586/463/2 2559/462/2
f 2558/464/2 2587/465/2 2586/463/2
f 2557/466/2 2587/465/2 2558/464/2
f 2557/466/2 2588/467/2 2587/465/2
f 2556/468/2 2588/467/2 2557/466/2
f 2556/468/2 2589/469/2 2588/467/2
f 2555/470/2 2589/469/2 2556/468/2
f 2555/470/2 2590/471/2 2589/469/2
f 2554/472/2 2590/471/2 2555/470/2
f 2554/472/2 2591/473/2 2590/471/2
f 2553/474/2 2591/473/2 2554/472/2
f 2553/474/2 2592/475/2 2591/473/2
f 2552/476/2 2592/475/2 2553/474/2
f 2552/476/2 2593/477/2 2592/475/2
f 2551/478/2 2593/477/2 2552/476/2
f 2551/478/2 2594/479/2 2593/477/2
f 2550/480/2 2594/479/2 2551/478/2
f 2550/480/2 2595/481/2 2594/479/2
f 2549/482/2 2595/481/2 2550/480/2
f 2549/482/2 2596/483/2 2595/481/2
f 2548/484/2 2596/483/2 2549/482/2
f 2547/485/2 2596/483/2 2548/484/2
f 2547/485/2 2597/486/2 2596/483/2
f 2546/487/2 2597/486/2 2547/485/2
f 2546/487/2 2598/488/2 2597/486/2
f 2545/489/2 2598/488/2 2546/487/2
f 2545/489/2 2599/490/2 2598/488/2
f 2544/491/2 2599/490/2 2545/489/2
f 2544/491/2 2600/492/2 2599/490/2
f 2543/493/2 2600/492/2 2544/491/2
f 2543/493/2 2601/494/2 2600/492/2
f 2542/495/2 2601/494/2 2543/493/2
f 2542/495/2 2602/496/2 2601/494/2
f 2541/497/2 2602/496/2 2542/495/2
f 2541/497/2 2603/498/2 2602/496/2
f 2540/499/2 2603/498/2 2541/497/2
f 2540/499/2 2604/500/2 2603/498/2
f 2539/501/2 2604/500/2 2540/499/2
f 2539/501/2 2605/502/2 2604/500/2
f 2538/503/2 2605/502/2 2539/501/2
f 2538/503/2 2606/504/2 2605/502/2
f 2537/505/2 2606/504/2 2538/503/2
f 2537/505/2 2607/506/2 2606/504/2
f 2536/77/2 2607/506/2 2537/505/2
f 2536/77/2 2608/507/2 2607/506/2
f 2536/77/2 2609/508/2 2608/507/2
f 2924/509/2 2926/511/2 2925/510/2
f 2924/509/2 2927/512/2 2926/511/2
f 2924/509/2 2928/513/2 2927/512/2
f 2924/509/2 2929/514/2 2928/513/2
f 2924/509/2 2930/515/2 2929/514/2
f 2924/509/2 2931/516/2 2930/515/2
f 2924/509/2 2932/517/2 2931/516/2
f 2924/509/2 2933/518/2 2932/517/2
f 2924/509/2 2934/519/2 2933/518/2
f 2924/509/2 2935/520/2 2934/519/2
f 2924/509/2 2936/521/2 2935/520/2
f 2924/509/2 2937/522/2 2936/521/2
f 2924/509/2 2938/523/2 2937/522/2
f 2924/509/2 2939/524/2 2938/523/2
f 2924/509/2 2940/496/2 2939/524/2
f 2924/509/2 2941/525/2 2940/496/2
f 2923/526/2 2941/525/2 2924/509/2
f 2923/526/2 2942/527/2 2941/525/2
f 2922/528/2 2942/527/2 2923/526/2
f 2921/529/2 2942/527/2 2922/528/2
f 2921/529/2 2943/530/2 2942/527/2
f 2920/442/2 2943/530/2 2921/529/2
f 2920/442/2 2944/41/2 2943/530/2
f 2919/531/2 2944/41/2 2920/442/2
f 2918/532/2 2944/41/2 2919/531/2
f 2918/532/2 2945/533/2 2944/41/2
f 2917/534/2 2945/533/2 2918/532/2
f 2917/534/2 2946/535/2 2945/533/2
f 2916/536/2 2946/535/2 2917/534/2
f 2916/536/2 2947/537/2 2946/535/2
f 2915/538/2 2947/537/2 2916/536/2
f 2914/539/2 2947/537/2 2915/538/2
f 2914/539/2 2948/540/2 2947/537/2
f 2913/541/2 2948/540/2 2914/539/2
f 2913/541/2 2949/542/2 2948/540/2
f 2912/543/2 2949/542/2 2913/541/2
f 2912/543/2 2911/544/2 2949/542/2
f 2911/544/2 2910/545/2 2949/542/2
f 2910/545/2 2909/546/2 2949/542/2
f 2909/546/2 2908/547/2 2949/542/2
f 2908/547/2 2907/548/2 2949/542/2
f 2907/548/2 2906/549/2 2949/542/2
f 2906/549/2 2905/550/2 2949/542/2
f 2905/550/2 2904/551/2 2949/542/2
f 2904/551/2 2903/552/2 2949/542/2
f 2903/552/2 2902/553/2 2949/542/2
f 2902/553/2 2901/554/2 2949/542/2
f 2901/554/2 2900/77/2 2949/542/2
f 3070/555/2 3072/557/2 3071/556/2
f 3069/558/2 3072/557/2 3070/555/2
f 3068/559/2 3072/557/2 3069/558/2
f 3067/560/2 3072/557/2 3068/559/2
f 3066/561/2 3072/557/2 3067/560/2
f 3065/562/2 3072/557/2 3066/561/2
f 3064/563/2 3072/557/2 3065/562/2
f 3063/564/2 3072/557/2 3064/563/2
f 3063/564/2 3073/565/2 3072/557/2
f 3063/564/2 3074/566/2 3073/565/2
f 3062/567/2 3074/566/2 3063/564/2
f 3062/567/2 3075/568/2 3074/566/2
f 3062/567/2 3076/107/2 3075/568/2
f 3061/569/2 3076/107/2 3062/567/2
f 3061/569/2 3077/570/2 3076/107/2
f 3060/425/2 3077/570/2 3061/569/2
f 3060/425/2 3078/571/2 3077/570/2
f 3060/425/2 3079/572/2 3078/571/2
f 3059/573/2 3079/572/2 3060/425/2
f 3059/573/2 3080/239/2 3079/572/2
f 3058/574/2 3080/239/2 3059/573/2
f 3058/574/2 3081/575/2 3080/239/2
f 3057/576/2 3081/575/2 3058/574/2
f 3057/576/2 3082/577/2 3081/575/2
f 3057/576/2 3083/578/2 3082/577/2
f 3056/579/2 3083/578/2 3057/576/2
f 3056/579/2 3084/580/2 3083/578/2
f 3055/581/2 3084/580/2 3056/579/2
f 3055/581/2 3085/582/2 3084/580/2
f 3054/583/2 3085/582/2 3055/581/2
f 3054/583/2 3086/584/2 3085/582/2
f 3053/585/2 3086/584/2 3054/583/2
f 3053/585/2 3087/586/2 3086/584/2
f 3052/587/2 3087/586/2 3053/585/2
f 3052/587/2 3088/588/2 3087/586/2
f 3051/589/2 3088/588/2 3052/587/2
f 3051/589/2 3089/590/2 3088/588/2
f 3050/591/2 3089/590/2 3051/589/2
f 3050/591/2 3090/592/2 3089/590/2
f 3049/593/2 3090/592/2 3050/591/2
f 3049/593/2 3091/594/2 3090/592/2
f 3048/595/2 3091/594/2 3049/593/2
f 3048/595/2 3092/596/2 3091/594/2
f 3047/597/2 3092/596/2 3048/595/2
f 3047/597/2 3093/598/2 3092/596/2
f 3046/599/2 3093/598/2 3047/597/2
f 3046/599/2 3094/600/2 3093/598/2
f 3045/601/2 3094/600/2 3046/599/2
f 2986/602/2 2988/19/2 2987/603/2
f 3045/601/2 3095/604/2 3094/600/2
f 3044/605/2 3095/604/2 3045/601/2
f 2986/602/2 2989/606/2 2988/19/2
f 3043/607/2 3095/604/2 3044/605/2
f 3043/607/2 3096/608/2 3095/604/2
f 2986/602/2 2990/609/2 2989/606/2
f 3042/610/2 3096/608/2 3043/607/2
f 3042/610/2 3097/611/2 3096/608/2
f 2986/602/2 2991/612/2 2990/609/2
f 3041/613/2 3097/611/2 3042/610/2
f 3041/613/2 3098/614/2 3097/611/2
f 3040/338/2 3098/614/2 3041/613/2
f 2986/602/2 2992/615/2 2991/612/2
f 3039/616/2 3098/614/2 3040/338/2
f 3039/616/2 3099/617/2 3098/614/2
f 2986/602/2 2993/618/2 2992/615/2
f 3038/619/2 3099/617/2 3039/616/2
f 2986/602/2 2994/620/2 2993/618/2
f 3037/621/2 3099/617/2 3038/619/2
f 3037/621/2 3100/223/2 3099/617/2
f 3036/622/2 3100/223/2 3037/621/2
f 2986/602/2 2995/623/2 2994/620/2
f 3035/624/2 3100/223/2 3036/622/2
f 3035/624/2 3101/625/2 3100/223/2
f 2986/602/2 2996/626/2 2995/623/2
f 3034/627/2 3101/625/2 3035/624/2
f 3033/628/2 3101/625/2 3034/627/2
f 2985/629/2 2996/626/2 2986/602/2
f 3033/628/2 3102/630/2 3101/625/2
f 2985/629/2 2997/631/2 2996/626/2
f 3032/136/2 3102/630/2 3033/628/2
f 2985/629/2 2998/632/2 2997/631/2
f 3031/633/2 3102/630/2 3032/136/2
f 3031/633/2 3103/634/2 3102/630/2
f 2985/629/2 2999/635/2 2998/632/2
f 3030/636/2 3103/634/2 3031/633/2
f 3029/637/2 3103/634/2 3030/636/2
f 2985/629/2 3000/351/2 2999/635/2
f 3028/638/2 3103/634/2 3029/637/2
f 3028/638/2 3104/639/2 3103/634/2
f 2985/629/2 3001/640/2 3000/351/2
f 3027/641/2 3104/639/2 3028/638/2
f 3026/642/2 3104/639/2 3027/641/2
f 2985/629/2 3002/643/2 3001/640/2
f 3025/644/2 3104/639/2 3026/642/2
f 3025/644/2 3105/645/2 3104/639/2
f 2985/629/2 3003/646/2 3002/643/2
f 3024/647/2 3105/645/2 3025/644/2
f 3023/648/2 3105/645/2 3024/647/2
f 2985/629/2 3004/649/2 3003/646/2
f 3022/650/2 3105/645/2 3023/648/2
f 2985/629/2 3005/651/2 3004/649/2
f 3021/652/2 3105/645/2 3022/650/2
f 2984/653/2 3005/651/2 2985/629/2
f 3020/382/2 3105/645/2 3021/652/2
f 3020/382/2 3106/654/2 3105/645/2
f 2984/653/2 3006/655/2 3005/651/2
f 3019/656/2 3106/654/2 3020/382/2
f 2984/653/2 3007/657/2 3006/655/2
f 3018/658/2 3106/654/2 3019/656/2
f 3017/659/2 3106/654/2 3018/658/2
f 2984/653/2 3008/660/2 3007/657/2
f 3016/661/2 3106/654/2 3017/659/2
f 3015/662/2 3106/654/2 3016/661/2
f 2984/653/2 3009/663/2 3008/660/2
f 3014/664/2 3106/654/2 3015/662/2
f 2984/653/2 3010/665/2 3009/663/2
f 3013/666/2 3106/654/2 3014/664/2
f 3012/667/2 3106/654/2 3013/666/2
f 2984/653/2 3011/668/2 3010/665/2
f 3011/668/2 3106/654/2 3012/667/2
f 2984/653/2 3106/654/2 3011/668/2
f 2984/653/2 3107/669/2 3106/654/2
f 2984/653/2 3108/670/2 3107/669/2
f 2984/653/2 3109/671/2 3108/670/2
f 2983/672/2 3109/671/2 2984/653/2
f 2983/672/2 3110/673/2 3109/671/2
f 2983/672/2 3111/674/2 3110/673/2
f 2983/672/2 3112/675/2 3111/674/2
f 2983/672/2 3113/676/2 3112/675/2
f 2982/677/2 3113/676/2 2983/672/2
f 2982/677/2 3114/678/2 3113/676/2
f 2982/677/2 3115/679/2 3114/678/2
f 2982/677/2 3116/680/2 3115/679/2
f 2981/681/2 3116/680/2 2982/677/2
f 2981/681/2 3117/682/2 3116/680/2
f 2981/681/2 3118/683/2 3117/682/2
f 2981/681/2 3119/684/2 3118/683/2
f 2981/681/2 3120/78/2 3119/684/2
f 2980/167/2 3120/78/2 2981/681/2
f 2980/167/2 2950/685/2 3120/78/2
f 2980/167/2 2951/686/2 2950/685/2
f 2980/167/2 2952/687/2 2951/686/2
f 2979/688/2 2952/687/2 2980/167/2
f 2979/688/2 2953/689/2 2952/687/2
f 2979/688/2 2954/690/2 2953/689/2
f 2979/688/2 2955/691/2 2954/690/2
f 2978/692/2 2955/691/2 2979/688/2
f 2978/692/2 2956/693/2 2955/691/2
f 2978/692/2 2957/694/2 2956/693/2
f 2978/692/2 2958/695/2 2957/694/2
f 2977/696/2 2958/695/2 2978/692/2
f 2977/696/2 2959/697/2 2958/695/2
f 2977/696/2 2960/237/2 2959/697/2
f 2977/696/2 2961/698/2 2960/237/2
f 2977/696/2 2962/699/2 2961/698/2
f 2976/700/2 2962/699/2 2977/696/2
f 2976/700/2 2963/701/2 2962/699/2
f 2976/700/2 2964/702/2 2963/701/2
f 2976/700/2 2965/703/2 2964/702/2
f 2976/700/2 2966/704/2 2965/703/2
f 2975/705/2 2966/704/2 2976/700/2
f 2975/705/2 2967/706/2 2966/704/2
f 2975/705/2 2968/707/2 2967/706/2
f 2975/705/2 2969/708/2 2968/707/2
f 2975/705/2 2970/709/2 2969/708/2
f 2974/710/2 2970/709/2 2975/705/2
f 2974/710/2 2971/711/2 2970/709/2
f 2974/710/2 2972/712/2 2971/711/2
f 2974/710/2 2973/713/2 2972/712/2
f 3230/172/2 3232/168/2 3231/170/2
f 3230/172/2 3233/166/2 3232/168/2
f 3230/172/2 3234/164/2 3233/166/2
f 3230/172/2 3235/162/2 3234/164/2
f 3230/172/2 3236/160/2 3235/162/2
f 3230/172/2 3237/158/2 3236/160/2
f 3230/172/2 3238/156/2 3237/158/2
f 3230/172/2 3239/154/2 3238/156/2
f 3230/172/2 3240/152/2 3239/154/2
f 3230/172/2 3241/150/2 3240/152/2
f 3229/175/2 3241/150/2 3230/172/2
f 3290/359/2 3292/434/2 3291/435/2
f 3289/357/2 3292/434/2 3290/359/2
f 3288/355/2 3292/434/2 3289/357/2
f 3288/355/2 3293/433/2 3292/434/2
f 3287/353/2 3293/433/2 3288/355/2
f 3286/351/2 3293/433/2 3287/353/2
f 3286/351/2 3294/432/2 3293/433/2
f 3285/348/2 3294/432/2 3286/351/2
f 3284/345/2 3294/432/2 3285/348/2
f 3283/343/2 3294/432/2 3284/345/2
f 3283/343/2 3295/430/2 3294/432/2
f 3282/341/2 3295/430/2 3283/343/2
f 3281/337/2 3295/430/2 3282/341/2
f 3281/337/2 3296/428/2 3295/430/2
f 3280/335/2 3296/428/2 3281/337/2
f 3229/175/2 3242/147/2 3241/150/2
f 3279/332/2 3296/428/2 3280/335/2
f 3228/180/2 3242/147/2 3229/175/2
f 3279/332/2 3297/426/2 3296/428/2
f 3278/328/2 3297/426/2 3279/332/2
f 3277/326/2 3297/426/2 3278/328/2
f 3277/326/2 3298/424/2 3297/426/2
f 3276/323/2 3298/424/2 3277/326/2
f 3275/320/2 3298/424/2 3276/323/2
f 3228/180/2 3243/148/2 3242/147/2
f 3227/182/2 3243/148/2 3228/180/2
f 3275/320/2 3299/422/2 3298/424/2
f 3274/317/2 3299/422/2 3275/320/2
f 3273/310/2 3299/422/2 3274/317/2
f 3273/310/2 3300/420/2 3299/422/2
f 3272/293/2 3300/420/2 3273/310/2
f 3226/185/2 3243/148/2 3227/182/2
f 3226/185/2 3244/149/2 3243/148/2
f 3271/283/2 3300/420/2 3272/293/2
f 3271/283/2 3301/418/2 3300/420/2
f 3270/274/2 3301/418/2 3271/283/2
f 3225/187/2 3244/149/2 3226/185/2
f 3225/187/2 3245/151/2 3244/149/2
f 3269/264/2 3301/418/2 3270/274/2
f 3269/264/2 3302/416/2 3301/418/2
f 3268/256/2 3302/416/2 3269/264/2
f 3224/190/2 3245/151/2 3225/187/2
f 3224/190/2 3246/153/2 3245/151/2
f 3267/244/2 3302/416/2 3268/256/2
f 3267/244/2 3303/414/2 3302/416/2
f 3266/236/2 3303/414/2 3267/244/2
f 3223/195/2 3246/153/2 3224/190/2
f 3266/236/2 3304/412/2 3303/414/2
f 3223/195/2 3247/155/2 3246/153/2
f 3265/227/2 3304/412/2 3266/236/2
f 3264/215/2 3304/412/2 3265/227/2
f 3222/216/2 3247/155/2 3223/195/2
f 3264/215/2 3305/410/2 3304/412/2
f 3222/216/2 3248/157/2 3247/155/2
f 3263/194/2 3305/410/2 3264/215/2
f 3221/228/2 3248/157/2 3222/216/2
f 3263/194/2 3306/408/2 3305/410/2
f 3221/228/2 3249/159/2 3248/157/2
f 3262/189/2 3306/408/2 3263/194/2
f 3261/186/2 3306/408/2 3262/189/2
f 3220/237/2 3249/159/2 3221/228/2
f 3220/237/2 3250/161/2 3249/159/2
f 3261/186/2 3307/406/2 3306/408/2
f 3260/184/2 3307/406/2 3261/186/2
f 3219/245/2 3250/161/2 3220/237/2
f 3219/245/2 3251/163/2 3250/161/2
f 3260/184/2 3308/404/2 3307/406/2
f 3259/181/2 3308/404/2 3260/184/2
f 3218/253/2 3251/163/2 3219/245/2
f 3218/253/2 3252/165/2 3251/163/2
f 3258/179/2 3308/404/2 3259/181/2
f 3258/179/2 3309/402/2 3308/404/2
f 3217/263/2 3252/165/2 3218/253/2
f 3217/263/2 3253/167/2 3252/165/2
f 3257/174/2 3309/402/2 3258/179/2
f 3257/174/2 3310/400/2 3309/402/2
f 3217/263/2 3254/169/2 3253/167/2
f 3216/273/2 3254/169/2 3217/263/2
f 3256/173/2 3310/400/2 3257/174/2
f 3256/173/2 3311/398/2 3310/400/2
f 3255/171/2 3311/398/2 3256/173/2
f 3216/273/2 3255/171/2 3254/169/2
f 3215/284/2 3255/171/2 3216/273/2
f 3215/284/2 3311/398/2 3255/171/2
f 3215/284/2 3312/396/2 3311/398/2
f 3214/294/2 3312/396/2 3215/284/2
f 3213/311/2 3312/396/2 3214/294/2
f 3213/311/2 3313/394/2 3312/396/2
f 3212/318/2 3313/394/2 3213/311/2
f 3212/318/2 3314/392/2 3313/394/2
f 3211/321/2 3314/392/2 3212/318/2
f 3211/321/2 3315/390/2 3314/392/2
f 3210/324/2 3315/390/2 3211/321/2
f 3209/327/2 3315/390/2 3210/324/2
f 3209/327/2 3316/388/2 3315/390/2
f 3209/327/2 3317/386/2 3316/388/2
f 3208/329/2 3317/386/2 3209/327/2
f 3208/329/2 3318/384/2 3317/386/2
f 3207/333/2 3318/384/2 3208/329/2
f 3207/333/2 3319/382/2 3318/384/2
f 3206/334/2 3319/382/2 3207/333/2
f 3206/334/2 3400/290/2 3319/382/2
f 3400/290/2 3320/380/2 3319/382/2
f 3206/334/2 3401/288/2 3400/290/2
f 3399/292/2 3320/380/2 3400/290/2
f 3206/334/2 3402/282/2 3401/288/2
f 3398/296/2 3320/380/2 3399/292/2
f 3206/334/2 3403/280/2 3402/282/2
f 3206/334/2 3404/278/2 3403/280/2
f 3397/298/2 3320/380/2 3398/296/2
f 3206/334/2 3405/276/2 3404/278/2
f 3206/334/2 3406/272/2 3405/276/2
f 3396/300/2 3320/380/2 3397/298/2
f 3206/334/2 3407/269/2 3406/272/2
f 3396/300/2 3321/378/2 3320/380/2
f 3205/336/2 3407/269/2 3206/334/2
f 3205/336/2 3408/267/2 3407/269/2
f 3395/302/2 3321/378/2 3396/300/2
f 3205/336/2 3409/262/2 3408/267/2
f 3205/336/2 3410/260/2 3409/262/2
f 3394/304/2 3321/378/2 3395/302/2
f 3205/336/2 3411/258/2 3410/260/2
f 3204/340/2 3411/258/2 3205/336/2
f 3204/340/2 3412/255/2 3411/258/2
f 3393/306/2 3321/378/2 3394/304/2
f 3204/340/2 3413/252/2 3412/255/2
f 3204/340/2 3414/250/2 3413/252/2
f 3203/342/2 3414/250/2 3204/340/2
f 3392/309/2 3321/378/2 3393/306/2
f 3392/309/2 3322/376/2 3321/378/2
f 3203/342/2 3415/247/2 3414/250/2
f 3203/342/2 3416/243/2 3415/247/2
f 3391/313/2 3322/376/2 3392/309/2
f 3202/344/2 3416/243/2 3203/342/2
f 3202/344/2 3417/241/2 3416/243/2
f 3202/344/2 3418/239/2 3417/241/2
f 3390/314/2 3322/376/2 3391/313/2
f 3201/347/2 3418/239/2 3202/344/2
f 3201/347/2 3419/235/2 3418/239/2
f 3390/314/2 3323/374/2 3322/376/2
f 3201/347/2 3420/233/2 3419/235/2
f 3389/315/2 3323/374/2 3390/314/2
f 3200/350/2 3420/233/2 3201/347/2
f 3200/350/2 3421/230/2 3420/233/2
f 3200/350/2 3422/226/2 3421/230/2
f 3199/352/2 3422/226/2 3200/350/2
f 3388/431/2 3323/374/2 3389/315/2
f 3199/352/2 3423/224/2 3422/226/2
f 3198/354/2 3423/224/2 3199/352/2
f 3198/354/2 3424/222/2 3423/224/2
f 3388/431/2 3324/372/2 3323/374/2
f 3387/429/2 3324/372/2 3388/431/2
f 3198/354/2 3425/219/2 3424/222/2
f 3197/356/2 3425/219/2 3198/354/2
f 3197/356/2 3426/217/2 3425/219/2
f 3386/427/2 3324/372/2 3387/429/2
f 3197/356/2 3427/213/2 3426/217/2
f 3196/358/2 3427/213/2 3197/356/2
f 3385/425/2 3324/372/2 3386/427/2
f 3196/358/2 3428/211/2 3427/213/2
f 3385/425/2 3325/371/2 3324/372/2
f 3195/360/2 3428/211/2 3196/358/2
f 3195/360/2 3429/208/2 3428/211/2
f 3384/423/2 3325/371/2 3385/425/2
f 3195/360/2 3430/206/2 3429/208/2
f 3194/508/2 3430/206/2 3195/360/2
f 3194/508/2 3431/204/2 3430/206/2
f 3383/421/2 3325/371/2 3384/423/2
f 3193/507/2 3431/204/2 3194/508/2
f 3383/421/2 3326/369/2 3325/371/2
f 3193/507/2 3432/202/2 3431/204/2
f 3193/507/2 3433/200/2 3432/202/2
f 3382/419/2 3326/369/2 3383/421/2
f 3192/506/2 3433/200/2 3193/507/2
f 3192/506/2 3434/198/2 3433/200/2
f 3191/504/2 3434/198/2 3192/506/2
f 3381/417/2 3326/369/2 3382/419/2
f 3191/504/2 3435/196/2 3434/198/2
f 3381/417/2 3327/367/2 3326/369/2
f 3190/502/2 3435/196/2 3191/504/2
f 3190/502/2 3436/193/2 3435/196/2
f 3380/415/2 3327/367/2 3381/417/2
f 3190/502/2 3437/191/2 3436/193/2
f 3189/500/2 3437/191/2 3190/502/2
f 3189/500/2 3438/192/2 3437/191/2
f 3188/498/2 3438/192/2 3189/500/2
f 3379/413/2 3327/367/2 3380/415/2
f 3379/413/2 3328/365/2 3327/367/2
f 3188/498/2 3439/197/2 3438/192/2
f 3187/496/2 3439/197/2 3188/498/2
f 3187/496/2 3440/199/2 3439/197/2
f 3378/411/2 3328/365/2 3379/413/2
f 3186/494/2 3440/199/2 3187/496/2
f 3186/494/2 3441/201/2 3440/199/2
f 3185/492/2 3441/201/2 3186/494/2
f 3378/411/2 3329/363/2 3328/365/2
f 3185/492/2 3442/203/2 3441/201/2
f 3377/409/2 3329/363/2 3378/411/2
f 3184/490/2 3442/203/2 3185/492/2
f 3184/490/2 3443/205/2 3442/203/2
f 3376/407/2 3329/363/2 3377/409/2
f 3183/488/2 3443/205/2 3184/490/2
f 3183/488/2 3444/207/2 3443/205/2
f 3376/407/2 3330/361/2 3329/363/2
f 3183/488/2 3445/209/2 3444/207/2
f 3182/486/2 3445/209/2 3183/488/2
f 3375/405/2 3330/361/2 3376/407/2
f 3182/486/2 3446/212/2 3445/209/2
f 3181/483/2 3180/481/2 3182/486/2
f 3180/481/2 3179/479/2 3182/486/2
f 3179/479/2 3178/477/2 3182/486/2
f 3178/477/2 3177/475/2 3182/486/2
f 3177/475/2 3176/473/2 3182/486/2
f 3176/473/2 3175/471/2 3182/486/2
f 3175/471/2 3174/469/2 3182/486/2
f 3174/469/2 3173/467/2 3182/486/2
f 3173/467/2 3172/465/2 3182/486/2
f 3172/465/2 3171/463/2 3182/486/2
f 3171/463/2 3170/461/2 3182/486/2
f 3170/461/2 3169/459/2 3182/486/2
f 3169/459/2 3168/457/2 3182/486/2
f 3168/457/2 3167/455/2 3182/486/2
f 3167/455/2 3166/453/2 3182/486/2
f 3166/453/2 3165/451/2 3182/486/2
f 3165/451/2 3164/449/2 3182/486/2
f 3164/449/2 3163/447/2 3182/486/2
f 3163/447/2 3162/445/2 3182/486/2
f 3162/445/2 3161/443/2 3182/486/2
f 3161/443/2 3160/441/2 3182/486/2
f 3160/441/2 3159/438/2 3182/486/2
f 3159/438/2 3158/437/2 3182/486/2
f 3158/437/2 3157/436/2 3182/486/2
f 3157/436/2 3448/218/2 3182/486/2
f 3448/218/2 3447/214/2 3182/486/2
f 3447/214/2 3446/212/2 3182/486/2
f 3374/403/2 3330/361/2 3375/405/2
f 3374/403/2 3331/346/2 3330/361/2
f 3373/401/2 3331/346/2 3374/403/2
f 3157/436/2 3449/220/2 3448/218/2
f 3373/401/2 3332/339/2 3331/346/2
f 3372/399/2 3332/339/2 3373/401/2
f 3371/397/2 3332/339/2 3372/399/2
f 3371/397/2 3333/331/2 3332/339/2
f 3157/436/2 3450/221/2 3449/220/2
f 3370/395/2 3333/331/2 3371/397/2
f 3370/395/2 3334/325/2 3333/331/2
f 3369/393/2 3334/325/2 3370/395/2
f 3157/436/2 3451/223/2 3450/221/2
f 3368/391/2 3334/325/2 3369/393/2
f 3368/391/2 3335/319/2 3334/325/2
f 3367/389/2 3335/319/2 3368/391/2
f 3157/436/2 3452/225/2 3451/223/2
f 3366/387/2 3335/319/2 3367/389/2
f 3366/387/2 3336/307/2 3335/319/2
f 3365/385/2 3336/307/2 3366/387/2
f 3365/385/2 3337/286/2 3336/307/2
f 3157/436/2 3453/229/2 3452/225/2
f 3364/383/2 3337/286/2 3365/385/2
f 3363/381/2 3337/286/2 3364/383/2
f 3363/381/2 3338/270/2 3337/286/2
f 3156/439/2 3453/229/2 3157/436/2
f 3156/439/2 3454/232/2 3453/229/2
f 3362/379/2 3338/270/2 3363/381/2
f 3362/379/2 3339/176/2 3338/270/2
f 3361/377/2 3339/176/2 3362/379/2
f 3155/440/2 3454/232/2 3156/439/2
f 3155/440/2 3455/234/2 3454/232/2
f 3360/375/2 3339/176/2 3361/377/2
f 3360/375/2 3340/177/2 3339/176/2
f 3359/373/2 3340/177/2 3360/375/2
f 3154/442/2 3455/234/2 3155/440/2
f 3154/442/2 3456/238/2 3455/234/2
f 3358/370/2 3340/177/2 3359/373/2
f 3358/370/2 3341/178/2 3340/177/2
f 3357/368/2 3341/178/2 3358/370/2
f 3153/444/2 3456/238/2 3154/442/2
f 3153/444/2 3457/240/2 3456/238/2
f 3356/366/2 3341/178/2 3357/368/2
f 3356/366/2 3342/183/2 3341/178/2
f 3355/364/2 3342/183/2 3356/366/2
f 3152/446/2 3457/240/2 3153/444/2
f 3354/362/2 3342/183/2 3355/364/2
f 3152/446/2 3458/242/2 3457/240/2
f 3354/362/2 3343/188/2 3342/183/2
f 3353/349/2 3343/188/2 3354/362/2
f 3151/448/2 3458/242/2 3152/446/2
f 3352/338/2 3343/188/2 3353/349/2
f 3352/338/2 3344/210/2 3343/188/2
f 3151/448/2 3459/246/2 3458/242/2
f 3351/330/2 3344/210/2 3352/338/2
f 3150/450/2 3459/246/2 3151/448/2
f 3351/330/2 3345/231/2 3344/210/2
f 3150/450/2 3460/249/2 3459/246/2
f 3351/330/2 3346/248/2 3345/231/2
f 3149/452/2 3460/249/2 3150/450/2
f 3149/452/2 3461/251/2 3460/249/2
f 3351/330/2 3347/265/2 3346/248/2
f 3148/454/2 3461/251/2 3149/452/2
f 3148/454/2 3462/254/2 3461/251/2
f 3351/330/2 3348/285/2 3347/265/2
f 3147/456/2 3462/254/2 3148/454/2
f 3147/456/2 3463/257/2 3462/254/2
f 3351/330/2 3349/316/2 3348/285/2
f 3146/458/2 3463/257/2 3147/456/2
f 3146/458/2 3464/259/2 3463/257/2
f 3351/330/3 3350/322/3 3349/316/3
f 3145/460/2 3464/259/2 3146/458/2
f 3145/460/2 3465/261/2 3464/259/2
f 3144/462/2 3465/261/2 3145/460/2
f 3144/462/2 3466/266/2 3465/261/2
f 3143/464/2 3466/266/2 3144/462/2
f 3143/464/2 3467/268/2 3466/266/2
f 3143/464/2 3468/271/2 3467/268/2
f 3142/466/2 3468/271/2 3143/464/2
f 3142/466/2 3469/275/2 3468/271/2
f 3141/468/2 3469/275/2 3142/466/2
f 3141/468/2 3470/277/2 3469/275/2
f 3140/470/2 3470/277/2 3141/468/2
f 3140/470/2 3471/279/2 3470/277/2
f 3139/472/2 3471/279/2 3140/470/2
f 3139/472/2 3472/281/2 3471/279/2
f 3138/474/2 3472/281/2 3139/472/2
f 3138/474/2 3473/287/2 3472/281/2
f 3137/476/2 3473/287/2 3138/474/2
f 3137/476/2 3474/289/2 3473/287/2
f 3136/478/2 3474/289/2 3137/476/2
f 3136/478/2 3475/291/2 3474/289/2
f 3135/480/2 3475/291/2 3136/478/2
f 3135/480/2 3476/295/2 3475/291/2
f 3135/480/2 3477/297/2 3476/295/2
f 3134/482/2 3477/297/2 3135/480/2
f 3134/482/2 3478/299/2 3477/297/2
f 3133/484/2 3478/299/2 3134/482/2
f 3133/484/2 3479/301/2 3478/299/2
f 3132/485/2 3479/301/2 3133/484/2
f 3132/485/2 3480/303/2 3479/301/2
f 3132/485/2 3481/305/2 3480/303/2
f 3131/487/2 3481/305/2 3132/485/2
f 3131/487/2 3482/308/2 3481/305/2
f 3130/489/2 3482/308/2 3131/487/2
f 3130/489/2 3483/312/2 3482/308/2
f 3130/489/2 3484/78/2 3483/312/2
f 3129/491/2 3484/78/2 3130/489/2
f 3129/491/2 3121/77/2 3484/78/2
f 3128/493/2 3121/77/2 3129/491/2
f 3127/495/2 3121/77/2 3128/493/2
f 3126/497/2 3121/77/2 3127/495/2
f 3125/499/4 3121/77/4 3126/497/4
f 3124/501/2 3121/77/2 3125/499/2
f 3123/503/2 3121/77/2 3124/501/2
f 3122/505/2 3121/77/2 3123/503/2
f 3827/714/2 3829/716/2 3828/715/2
f 3827/714/2 3830/717/2 3829/716/2
f 3827/714/2 3831/718/2 3830/717/2
f 3827/714/2 3832/719/2 3831/718/2
f 3827/714/2 3833/720/2 3832/719/2
f 3827/714/2 3834/721/2 3833/720/2
f 3889/722/2 3891/724/2 3890/723/2
f 3827/714/2 3835/725/2 3834/721/2
f 3889/722/2 3892/726/2 3891/724/2
f 3827/714/2 3836/239/2 3835/725/2
f 3889/722/2 3893/727/2 3892/726/2
f 3827/714/2 3837/728/2 3836/239/2
f 3889/722/2 3894/729/2 3893/727/2
f 3827/714/2 3838/730/2 3837/728/2
f 3889/722/2 3895/731/2 3894/729/2
f 3827/714/2 3839/732/2 3838/730/2
f 3889/722/2 3896/733/2 3895/731/2
f 3827/714/2 3840/734/2 3839/732/2
f 3889/722/2 3897/735/2 3896/733/2
f 3826/736/2 3840/734/2 3827/714/2
f 3826/736/2 3841/737/2 3840/734/2
f 3889/722/2 3898/738/2 3897/735/2
f 3825/739/2 3841/737/2 3826/736/2
f 3888/254/2 3898/738/2 3889/722/2
f 3824/740/2 3841/737/2 3825/739/2
f 3824/740/2 3842/741/2 3841/737/2
f 3888/254/2 3899/742/2 3898/738/2
f 3887/743/2 3899/742/2 3888/254/2
f 3823/269/2 3842/741/2 3824/740/2
f 3823/269/2 3843/744/2 3842/741/2
f 3822/745/2 3843/744/2 3823/269/2
f 3886/746/2 3899/742/2 3887/743/2
f 3886/746/2 3900/747/2 3899/742/2
f 3822/745/2 3844/748/2 3843/744/2
f 3821/749/2 3844/748/2 3822/745/2
f 3885/750/2 3900/747/2 3886/746/2
f 3885/750/2 3901/287/2 3900/747/2
f 3820/751/2 3844/748/2 3821/749/2
f 3884/752/2 3901/287/2 3885/750/2
f 3820/751/2 3845/753/2 3844/748/2
f 3819/754/2 3845/753/2 3820/751/2
f 3883/755/2 3901/287/2 3884/752/2
f 3883/755/2 3902/756/2 3901/287/2
f 3819/754/2 3846/757/2 3845/753/2
f 3818/758/2 3846/757/2 3819/754/2
f 3882/759/2 3902/756/2 3883/755/2
f 3818/758/2 3847/760/2 3846/757/2
f 3882/759/2 3903/761/2 3902/756/2
f 3817/762/2 3847/760/2 3818/758/2
f 3881/763/2 3903/761/2 3882/759/2
f 3817/762/2 3848/764/2 3847/760/2
f 3816/765/2 3848/764/2 3817/762/2
f 3881/763/2 3904/766/2 3903/761/2
f 3880/767/2 3904/766/2 3881/763/2
f 3816/765/2 3849/208/2 3848/764/2
f 3815/768/2 3849/208/2 3816/765/2
f 3815/768/2 3850/769/2 3849/208/2
f 3879/770/2 3904/766/2 3880/767/2
f 3879/770/2 3905/771/2 3904/766/2
f 3814/772/2 3850/769/2 3815/768/2
f 3814/772/2 3851/773/2 3850/769/2
f 3878/774/2 3905/771/2 3879/770/2
f 3813/775/2 3851/773/2 3814/772/2
f 3878/774/2 3906/776/2 3905/771/2
f 3813/775/2 3852/777/2 3851/773/2
f 3877/778/2 3906/776/2 3878/774/2
f 3812/779/2 3852/777/2 3813/775/2
f 3812/779/2 3791/780/2 3852/777/2
f 3877/778/2 3907/781/2 3906/776/2
f 3811/782/2 3791/780/2 3812/779/2
f 3876/783/2 3907/781/2 3877/778/2
f 3876/783/2 3908/784/2 3907/781/2
f 3810/300/2 3791/780/2 3811/782/2
f 3875/223/2 3908/784/2 3876/783/2
f 3875/223/2 3909/785/2 3908/784/2
f 3809/786/2 3791/780/2 3810/300/2
f 3874/787/2 3909/785/2 3875/223/2
f 3808/788/2 3791/780/2 3809/786/2
f 3874/787/2 3910/789/2 3909/785/2
f 3873/790/2 3910/789/2 3874/787/2
f 3807/791/3 3791/780/3 3808/788/3
f 3873/790/2 3911/792/2 3910/789/2
f 3806/793/2 3791/780/2 3807/791/2
f 3872/794/2 3911/792/2 3873/790/2
f 3872/794/2 3912/795/2 3911/792/2
f 3805/796/2 3791/780/2 3806/793/2
f 3871/797/2 3912/795/2 3872/794/2
f 3871/797/2 3913/798/2 3912/795/2
f 3804/799/2 3791/780/2 3805/796/2
f 3870/800/2 3913/798/2 3871/797/2
f 3803/801/2 3791/780/2 3804/799/2
f 3870/800/2 3914/78/2 3913/798/2
f 3869/802/2 3914/78/2 3870/800/2
f 3802/803/2 3791/780/2 3803/801/2
f 3869/802/2 3853/804/2 3914/78/2
f 3801/805/2 3791/780/2 3802/803/2
f 3868/806/2 3853/804/2 3869/802/2
f 3800/807/2 3791/780/2 3801/805/2
f 3867/808/2 3853/804/2 3868/806/2
f 3799/809/2 3791/780/2 3800/807/2
f 3798/810/2 3791/780/2 3799/809/2
f 3866/811/2 3853/804/2 3867/808/2
f 3797/425/2 3791/780/2 3798/810/2
f 3865/812/2 3853/804/2 3866/811/2
f 3796/813/5 3791/780/5 3797/425/5
f 3795/814/2 3791/780/2 3796/813/2
f 3864/815/4 3853/804/4 3865/812/4
f 3794/816/6 3791/780/6 3795/814/6
f 3793/817/2 3791/780/2 3794/816/2
f 3863/818/3 3853/804/3 3864/815/3
f 3792/819/2 3791/780/2 3793/817/2
f 3862/199/4 3853/804/4 3863/818/4
f 3861/820/2 3853/804/2 3862/199/2
f 3860/821/2 3853/804/2 3861/820/2
f 3859/822/2 3853/804/2 3860/821/2
f 3858/823/2 3853/804/2 3859/822/2
f 3857/824/2 3853/804/2 3858/823/2
f 3856/825/2 3853/804/2 3857/824/2
f 3855/826/2 3853/804/2 3856/825/2
f 3854/827/2 3853/804/2 3855/826/2
f 3509/828/2 3511/464/2 3510/829/2
f 3509/828/2 3512/830/2 3511/464/2
f 3509/828/2 3513/831/2 3512/830/2
f 3509/828/2 3514/832/2 3513/831/2
f 3509/828/2 3515/833/2 3514/832/2
f 3509/828/2 3516/834/2 3515/833/2
f 3509/828/2 3517/835/2 3516/834/2
f 3509/828/2 3518/836/2 3517/835/2
f 3509/828/2 3519/837/2 3518/836/2
f 3509/828/2 3520/838/2 3519/837/2
f 3509/828/2 3521/839/2 3520/838/2
f 3509/828/2 3522/840/2 3521/839/2
f 3509/828/2 3523/841/2 3522/840/2
f 3509/828/2 3524/442/2 3523/841/2
f 3509/828/2 3525/842/2 3524/442/2
f 3509/828/2 3526/843/2 3525/842/2
f 3509/828/2 3527/844/2 3526/843/2
f 3509/828/2 3528/845/2 3527/844/2
f 3509/828/2 3529/846/2 3528/845/2
f 3509/828/2 3530/847/2 3529/846/2
f 3509/828/2 3531/848/2 3530/847/2
f 3509/828/2 3532/849/2 3531/848/2
f 3509/828/2 3533/850/2 3532/849/2
f 3509/828/2 3534/851/2 3533/850/2
f 3509/828/2 3535/852/2 3534/851/2
f 3509/828/2 3536/853/2 3535/852/2
f 3509/828/2 3537/451/2 3536/853/2
f 3509/828/2 3538/854/2 3537/451/2
f 3509/828/2 3539/855/2 3538/854/2
f 3509/828/2 3540/856/2 3539/855/2
f 3509/828/2 3541/857/2 3540/856/2
f 3509/828/2 3542/858/2 3541/857/2
f 3509/828/2 3543/859/2 3542/858/2
f 3508/860/2 3543/859/2 3509/828/2
f 3508/860/2 3544/861/2 3543/859/2
f 3507/862/2 3544/861/2 3508/860/2
f 3507/862/2 3545/863/2 3544/861/2
f 3507/862/2 3546/864/2 3545/863/2
f 3506/865/2 3546/864/2 3507/862/2
f 3506/865/2 3505/866/2 3546/864/2
f 3505/866/2 3504/867/2 3546/864/2
f 3504/867/2 3503/868/2 3546/864/2
f 3503/868/2 3502/869/2 3546/864/2
f 3502/869/2 3501/870/2 3546/864/2
f 3501/870/2 3500/871/2 3546/864/2
f 3500/871/2 3499/872/2 3546/864/2
f 3499/872/2 3498/485/2 3546/864/2
f 3498/485/2 3497/873/2 3546/864/2
f 3497/873/2 3496/874/2 3546/864/2
f 3496/874/2 3495/875/2 3546/864/2
f 3495/875/2 3494/876/2 3546/864/2
f 3494/876/2 3493/877/2 3546/864/2
f 3493/877/2 3492/878/2 3546/864/2
f 3492/878/2 3491/879/2 3546/864/2
f 3491/879/2 3490/880/2 3546/864/2
f 3490/880/2 3489/881/2 3546/864/2
f 3489/881/2 3488/882/2 3546/864/2
f 3488/882/2 3487/883/2 3546/864/2
f 3487/883/2 3486/884/2 3546/864/2
f 3486/884/2 3485/77/2 3546/864/2
f 3583/885/2 3585/887/2 3584/886/2
f 3583/885/2 3586/888/2 3585/887/2
f 3583/885/2 3587/889/2 3586/888/2
f 3583/885/2 3588/890/2 3587/889/2
f 3583/885/2 3589/327/2 3588/890/2
f 3583/885/2 3590/891/2 3589/327/2
f 3583/885/2 3591/892/2 3590/891/2
f 3583/885/2 3592/893/2 3591/892/2
f 3583/885/2 3593/894/2 3592/893/2
f 3583/885/2 3594/895/2 3593/894/2
f 3583/885/2 3595/896/2 3594/895/2
f 3583/885/2 3596/897/2 3595/896/2
f 3583/885/2 3597/898/2 3596/897/2
f 3583/885/2 3598/899/2 3597/898/2
f 3583/885/2 3599/900/2 3598/899/2
f 3583/885/2 3600/901/2 3599/900/2
f 3583/885/2 3601/902/2 3600/901/2
f 3583/885/2 3602/237/2 3601/902/2
f 3583/885/2 3603/903/2 3602/237/2
f 3583/885/2 3604/904/2 3603/903/2
f 3583/885/2 3605/905/2 3604/904/2
f 3583/885/2 3606/906/2 3605/905/2
f 3583/885/2 3607/907/2 3606/906/2
f 3583/885/2 3608/908/2 3607/907/2
f 3789/909/2 3621/911/2 3790/910/2
f 3583/885/2 3609/912/2 3608/908/2
f 3583/885/2 3610/913/2 3609/912/2
f 3583/885/2 3611/914/2 3610/913/2
f 3583/885/2 3612/915/2 3611/914/2
f 3788/916/2 3621/911/2 3789/909/2
f 3583/885/2 3613/917/2 3612/915/2
f 3583/885/2 3614/918/2 3613/917/2
f 3583/885/2 3615/170/2 3614/918/2
f 3583/885/2 3616/919/2 3615/170/2
f 3787/920/2 3621/911/2 3788/916/2
f 3583/885/2 3617/921/2 3616/919/2
f 3583/885/2 3618/922/2 3617/921/2
f 3583/885/2 3619/923/2 3618/922/2
f 3786/924/2 3621/911/2 3787/920/2
f 3583/885/2 3620/925/2 3619/923/2
f 3583/885/2 3582/926/2 3620/925/2
f 3582/926/2 3581/927/2 3620/925/2
f 3581/927/2 3580/928/2 3620/925/2
f 3580/928/2 3579/929/2 3620/925/2
f 3579/929/2 3578/930/2 3620/925/2
f 3578/930/2 3577/931/2 3620/925/2
f 3577/931/2 3576/354/2 3620/925/2
f 3576/354/2 3575/932/2 3620/925/2
f 3575/932/2 3574/933/2 3620/925/2
f 3574/933/2 3573/934/2 3620/925/2
f 3573/934/2 3572/935/2 3620/925/2
f 3572/935/2 3571/936/2 3620/925/2
f 3571/936/2 3570/937/2 3620/925/2
f 3570/937/2 3569/938/2 3620/925/2
f 3569/938/2 3568/939/2 3620/925/2
f 3568/939/2 3567/940/2 3620/925/2
f 3567/940/2 3566/941/2 3620/925/2
f 3566/941/2 3565/942/2 3620/925/2
f 3565/942/2 3564/943/2 3620/925/2
f 3564/943/2 3563/496/2 3620/925/2
f 3563/496/2 3562/944/2 3620/925/2
f 3562/944/2 3561/945/2 3620/925/2
f 3561/945/2 3560/946/2 3620/925/2
f 3560/946/2 3559/947/2 3620/925/2
f 3559/947/2 3558/948/2 3620/925/2
f 3558/948/2 3557/949/2 3620/925/2
f 3557/949/2 3556/950/2 3620/925/2
f 3556/950/2 3555/951/2 3620/925/2
f 3555/951/2 3554/952/2 3620/925/2
f 3554/952/2 3553/953/2 3620/925/2
f 3553/953/2 3552/954/2 3620/925/2
f 3552/954/2 3551/955/2 3620/925/2
f 3551/955/2 3550/473/2 3620/925/2
f 3550/473/2 3549/956/2 3620/925/2
f 3549/956/2 3548/957/2 3620/925/2
f 3548/957/2 3547/958/2 3620/925/2
f 3785/959/2 3621/911/2 3786/924/2
f 3784/403/2 3621/911/2 3785/959/2
f 3783/960/2 3621/911/2 3784/403/2
f 3782/961/2 3621/911/2 3783/960/2
f 3781/962/2 3621/911/2 3782/961/2
f 3780/963/2 3621/911/2 3781/962/2
f 3779/964/2 3621/911/2 3780/963/2
f 3778/965/2 3621/911/2 3779/964/2
f 3777/966/2 3621/911/2 3778/965/2
f 3777/966/2 3622/967/2 3621/911/2
f 3776/968/2 3622/967/2 3777/966/2
f 3776/968/2 3623/969/2 3622/967/2
f 3775/970/2 3623/969/2 3776/968/2
f 3775/970/2 3624/971/2 3623/969/2
f 3774/972/2 3624/971/2 3775/970/2
f 3774/972/2 3625/973/2 3624/971/2
f 3773/974/2 3625/973/2 3774/972/2
f 3773/974/2 3626/975/2 3625/973/2
f 3772/976/2 3626/975/2 3773/974/2
f 3772/976/2 3627/977/2 3626/975/2
f 3771/381/2 3627/977/2 3772/976/2
f 3771/381/2 3628/147/2 3627/977/2
f 3770/978/2 3628/147/2 3771/381/2
f 3769/979/2 3628/147/2 3770/978/2
f 3769/979/2 3629/980/2 3628/147/2
f 3768/981/2 3629/980/2 3769/979/2
f 3768/981/2 3630/982/2 3629/980/2
f 3767/983/2 3630/982/2 3768/981/2
f 3767/983/2 3631/984/2 3630/982/2
f 3766/985/2 3631/984/2 3767/983/2
f 3766/985/2 3632/986/2 3631/984/2
f 3765/987/2 3632/986/2 3766/985/2
f 3764/988/2 3632/986/2 3765/987/2
f 3764/988/2 3633/989/2 3632/986/2
f 3763/990/2 3633/989/2 3764/988/2
f 3763/990/2 3634/991/2 3633/989/2
f 3762/992/2 3634/991/2 3763/990/2
f 3761/993/2 3634/991/2 3762/992/2
f 3761/993/2 3635/994/2 3634/991/2
f 3705/995/2 3707/996/2 3706/404/2
f 3760/997/2 3635/994/2 3761/993/2
f 3760/997/2 3636/998/2 3635/994/2
f 3705/995/2 3708/999/2 3707/996/2
f 3759/1000/2 3636/998/2 3760/997/2
f 3759/1000/2 3637/1001/2 3636/998/2
f 3758/338/2 3637/1001/2 3759/1000/2
f 3705/995/2 3709/1002/2 3708/999/2
f 3757/1003/2 3637/1001/2 3758/338/2
f 3757/1003/2 3638/1004/2 3637/1001/2
f 3705/995/2 3710/1005/2 3709/1002/2
f 3756/1006/2 3638/1004/2 3757/1003/2
f 3755/1007/2 3638/1004/2 3756/1006/2
f 3705/995/2 3711/1008/2 3710/1005/2
f 3755/1007/2 3639/1009/2 3638/1004/2
f 3754/1010/2 3639/1009/2 3755/1007/2
f 3705/995/2 3712/1011/2 3711/1008/2
f 3754/1010/2 3640/1012/2 3639/1009/2
f 3753/1013/2 3640/1012/2 3754/1010/2
f 3705/995/2 3713/1014/2 3712/1011/2
f 3752/1015/2 3640/1012/2 3753/1013/2
f 3752/1015/2 3641/167/2 3640/1012/2
f 3751/1016/2 3641/167/2 3752/1015/2
f 3705/995/2 3714/1017/2 3713/1014/2
f 3750/1018/2 3641/167/2 3751/1016/2
f 3705/995/2 3715/1019/2 3714/1017/2
f 3704/1020/2 3715/1019/2 3705/995/2
f 3750/1018/2 3642/1021/2 3641/167/2
f 3749/1022/2 3642/1021/2 3750/1018/2
f 3704/1020/2 3716/1023/2 3715/1019/2
f 3748/1024/2 3642/1021/2 3749/1022/2
f 3748/1024/2 3643/1025/2 3642/1021/2
f 3747/1026/2 3643/1025/2 3748/1024/2
f 3704/1020/2 3717/1027/2 3716/1023/2
f 3746/1028/2 3643/1025/2 3747/1026/2
f 3704/1020/2 3718/1029/2 3717/1027/2
f 3745/178/2 3643/1025/2 3746/1028/2
f 3703/1030/2 3718/1029/2 3704/1020/2
f 3745/178/2 3644/1031/2 3643/1025/2
f 3703/1030/2 3719/382/2 3718/1029/2
f 3744/1032/2 3644/1031/2 3745/178/2
f 3743/1033/2 3644/1031/2 3744/1032/2
f 3703/1030/2 3720/1034/2 3719/382/2
f 3742/1035/2 3644/1031/2 3743/1033/2
f 3742/1035/2 3645/1036/2 3644/1031/2
f 3703/1030/2 3721/1037/2 3720/1034/2
f 3741/1038/2 3645/1036/2 3742/1035/2
f 3703/1030/2 3722/1039/2 3721/1037/2
f 3740/1040/2 3645/1036/2 3741/1038/2
f 3703/1030/2 3723/1041/2 3722/1039/2
f 3739/1042/2 3645/1036/2 3740/1040/2
f 3702/1043/2 3723/1041/2 3703/1030/2
f 3739/1042/2 3646/1044/2 3645/1036/2
f 3738/1045/2 3646/1044/2 3739/1042/2
f 3702/1043/2 3724/1046/2 3723/1041/2
f 3737/1047/2 3646/1044/2 3738/1045/2
f 3702/1043/2 3725/1048/2 3724/1046/2
f 3736/1049/2 3646/1044/2 3737/1047/2
f 3702/1043/2 3726/1050/2 3725/1048/2
f 3735/1051/2 3646/1044/2 3736/1049/2
f 3702/1043/2 3727/1052/2 3726/1050/2
f 3734/1053/2 3646/1044/2 3735/1051/2
f 3733/1054/2 3646/1044/2 3734/1053/2
f 3702/1043/2 3728/1055/2 3727/1052/2
f 3733/1054/2 3647/1056/2 3646/1044/2
f 3732/361/2 3647/1056/2 3733/1054/2
f 3702/1043/2 3729/1057/2 3728/1055/2
f 3731/1058/2 3647/1056/2 3732/361/2
f 3702/1043/2 3730/1059/2 3729/1057/2
f 3730/1059/2 3647/1056/2 3731/1058/2
f 3702/1043/2 3647/1056/2 3730/1059/2
f 3701/1060/2 3647/1056/2 3702/1043/2
f 3701/1060/2 3648/1061/2 3647/1056/2
f 3701/1060/2 3649/1062/2 3648/1061/2
f 3700/1063/2 3649/1062/2 3701/1060/2
f 3700/1063/2 3650/1064/2 3649/1062/2
f 3700/1063/2 3651/1065/2 3650/1064/2
f 3699/1066/2 3651/1065/2 3700/1063/2
f 3699/1066/2 3652/1067/2 3651/1065/2
f 3699/1066/2 3653/1068/2 3652/1067/2
f 3698/1069/2 3653/1068/2 3699/1066/2
f 3698/1069/2 3654/215/2 3653/1068/2
f 3698/1069/2 3655/1070/2 3654/215/2
f 3697/1071/2 3655/1070/2 3698/1069/2
f 3697/1071/2 3656/1072/2 3655/1070/2
f 3697/1071/2 3657/1073/2 3656/1072/2
f 3696/1074/2 3657/1073/2 3697/1071/2
f 3696/1074/2 3658/1075/2 3657/1073/2
f 3695/1076/2 3658/1075/2 3696/1074/2
f 3695/1076/2 3659/1077/2 3658/1075/2
f 3695/1076/2 3660/1078/2 3659/1077/2
f 3694/1079/2 3660/1078/2 3695/1076/2
f 3694/1079/2 3661/1080/2 3660/1078/2
f 3694/1079/2 3662/1081/2 3661/1080/2
f 3693/426/2 3662/1081/2 3694/1079/2
f 3693/426/2 3663/1082/2 3662/1081/2
f 3692/1083/2 3663/1082/2 3693/426/2
f 3692/1083/2 3664/1084/2 3663/1082/2
f 3692/1083/2 3665/1085/2 3664/1084/2
f 3691/1086/2 3665/1085/2 3692/1083/2
f 3691/1086/2 3666/1087/2 3665/1085/2
f 3691/1086/2 3667/320/2 3666/1087/2
f 3690/1088/2 3667/320/2 3691/1086/2
f 3690/1088/2 3668/1089/2 3667/320/2
f 3689/1090/2 3668/1089/2 3690/1088/2
f 3689/1090/2 3669/1091/2 3668/1089/2
f 3689/1090/2 3670/1092/2 3669/1091/2
f 3688/1093/2 3670/1092/2 3689/1090/2
f 3688/1093/2 3671/1094/2 3670/1092/2
f 3687/1095/2 3671/1094/2 3688/1093/2
f 3687/1095/2 3672/1096/2 3671/1094/2
f 3687/1095/2 3673/1097/2 3672/1096/2
f 3686/1098/2 3673/1097/2 3687/1095/2
f 3686/1098/2 3674/1099/2 3673/1097/2
f 3685/1100/2 3674/1099/2 3686/1098/2
f 3685/1100/2 3675/1101/2 3674/1099/2
f 3685/1100/2 3676/1102/2 3675/1101/2
f 3684/1103/2 3676/1102/2 3685/1100/2
f 3684/1103/2 3677/1104/2 3676/1102/2
f 3683/1105/2 3677/1104/2 3684/1103/2
f 3683/1105/2 3678/1106/2 3677/1104/2
f 3683/1105/2 3679/1107/2 3678/1106/2
f 3682/1108/2 3679/1107/2 3683/1105/2
f 3682/1108/2 3680/351/2 3679/1107/2
f 3681/1109/2 3680/351/2 3682/1108/2
f 3939/509/2 3941/511/2 3940/510/2
f 3939/509/2 3942/512/2 3941/511/2
f 3939/509/2 3943/513/2 3942/512/2
f 3939/509/2 3944/514/2 3943/513/2
f 3939/509/2 3945/515/2 3944/514/2
f 3939/509/2 3946/516/2 3945/515/2
f 3939/509/2 3947/517/2 3946/516/2
f 3939/509/2 3948/518/2 3947/517/2
f 3939/509/2 3949/519/2 3948/518/2
f 3939/509/2 3950/520/2 3949/519/2
f 3939/509/2 3951/521/2 3950/520/2
f 3939/509/2 3952/522/2 3951/521/2
f 3939/509/2 3953/523/2 3952/522/2
f 3939/509/2 3954/524/2 3953/523/2
f 3939/509/2 3955/496/2 3954/524/2
f 3939/509/2 3956/525/2 3955/496/2
f 3938/526/2 3956/525/2 3939/509/2
f 3938/526/2 3957/527/2 3956/525/2
f 3937/528/2 3957/527/2 3938/526/2
f 3936/529/2 3957/527/2 3937/528/2
f 3936/529/2 3958/530/2 3957/527/2
f 3935/442/2 3958/530/2 3936/529/2
f 3935/442/2 3959/41/2 3958/530/2
f 3934/531/2 3959/41/2 3935/442/2
f 3933/532/2 3959/41/2 3934/531/2
f 3933/532/2 3960/533/2 3959/41/2
f 3932/534/2 3960/533/2 3933/532/2
f 3932/534/2 3961/535/2 3960/533/2
f 3931/536/2 3961/535/2 3932/534/2
f 3931/536/2 3962/537/2 3961/535/2
f 3930/538/2 3962/537/2 3931/536/2
f 3929/539/2 3962/537/2 3930/538/2
f 3929/539/2 3963/540/2 3962/537/2
f 3928/541/2 3963/540/2 3929/539/2
f 3928/541/2 3964/542/2 3963/540/2
f 3927/543/2 3964/542/2 3928/541/2
f 3927/543/2 3926/544/2 3964/542/2
f 3926/544/2 3925/545/2 3964/542/2
f 3925/545/2 3924/546/2 3964/542/2
f 3924/546/2 3923/547/2 3964/542/2
f 3923/547/2 3922/548/2 3964/542/2
f 3922/548/2 3921/549/2 3964/542/2
f 3921/549/2 3920/550/2 3964/542/2
f 3920/550/2 3919/551/2 3964/542/2
f 3919/551/2 3918/552/2 3964/542/2
f 3918/552/2 3917/553/2 3964/542/2
f 3917/553/2 3916/554/2 3964/542/2
f 3916/554/2 3915/77/2 3964/542/2
f 4085/555/2 4087/557/2 4086/556/2
f 4084/558/2 4087/557/2 4085/555/2
f 4083/559/2 4087/557/2 4084/558/2
f 4082/560/2 4087/557/2 4083/559/2
f 4081/561/2 4087/557/2 4082/560/2
f 4080/562/2 4087/557/2 4081/561/2
f 4079/563/2 4087/557/2 4080/562/2
f 4078/564/2 4087/557/2 4079/563/2
f 4078/564/2 4088/565/2 4087/557/2
f 4078/564/2 4089/566/2 4088/565/2
f 4077/567/2 4089/566/2 4078/564/2
f 4077/567/2 4090/568/2 4089/566/2
f 4077/567/2 4091/107/2 4090/568/2
f 4076/569/2 4091/107/2 4077/567/2
f 4076/569/2 4092/570/2 4091/107/2
f 4075/425/2 4092/570/2 4076/569/2
f 4075/425/2 4093/571/2 4092/570/2
f 4075/425/2 4094/572/2 4093/571/2
f 4074/573/2 4094/572/2 4075/425/2
f 4074/573/2 4095/239/2 4094/572/2
f 4073/574/2 4095/239/2 4074/573/2
f 4073/574/2 4096/575/2 4095/239/2
f 4072/576/2 4096/575/2 4073/574/2
f 4072/576/2 4097/577/2 4096/575/2
f 4072/576/2 4098/578/2 4097/577/2
f 4071/579/2 4098/578/2 4072/576/2
f 4071/579/2 4099/580/2 4098/578/2
f 4070/581/2 4099/580/2 4071/579/2
f 4070/581/2 4100/582/2 4099/580/2
f 4069/583/2 4100/582/2 4070/581/2
f 4069/583/2 4101/584/2 4100/582/2
f 4068/585/2 4101/584/2 4069/583/2
f 4068/585/2 4102/586/2 4101/584/2
f 4067/587/2 4102/586/2 4068/585/2
f 4067/587/2 4103/588/2 4102/586/2
f 4066/589/2 4103/588/2 4067/587/2
f 4066/589/2 4104/590/2 4103/588/2
f 4065/591/2 4104/590/2 4066/589/2
f 4065/591/2 4105/592/2 4104/590/2
f 4064/593/2 4105/592/2 4065/591/2
f 4064/593/2 4106/594/2 4105/592/2
f 4063/595/2 4106/594/2 4064/593/2
f 4063/595/2 4107/596/2 4106/594/2
f 4062/597/2 4107/596/2 4063/595/2
f 4062/597/2 4108/598/2 4107/596/2
f 4061/599/2 4108/598/2 4062/597/2
f 4061/599/2 4109/600/2 4108/598/2
f 4060/601/2 4109/600/2 4061/599/2
f 4001/602/2 4003/19/2 4002/603/2
f 4060/601/2 4110/604/2 4109/600/2
f 4059/605/2 4110/604/2 4060/601/2
f 4001/602/2 4004/606/2 4003/19/2
f 4058/607/2 4110/604/2 4059/605/2
f 4058/607/2 4111/608/2 4110/604/2
f 4001/602/2 4005/609/2 4004/606/2
f 4057/610/2 4111/608/2 4058/607/2
f 4057/610/2 4112/611/2 4111/608/2
f 4001/602/2 4006/612/2 4005/609/2
f 4056/613/2 4112/611/2 4057/610/2
f 4056/613/2 4113/614/2 4112/611/2
f 4055/338/2 4113/614/2 4056/613/2
f 4001/602/2 4007/615/2 4006/612/2
f 4054/616/2 4113/614/2 4055/338/2
f 4054/616/2 4114/617/2 4113/614/2
f 4001/602/2 4008/618/2 4007/615/2
f 4053/619/2 4114/617/2 4054/616/2
f 4001/602/2 4009/620/2 4008/618/2
f 4052/621/2 4114/617/2 4053/619/2
f 4052/621/2 4115/223/2 4114/617/2
f 4051/622/2 4115/223/2 4052/621/2
f 4001/602/2 4010/623/2 4009/620/2
f 4050/624/2 4115/223/2 4051/622/2
f 4050/624/2 4116/625/2 4115/223/2
f 4001/602/2 4011/626/2 4010/623/2
f 4049/627/2 4116/625/2 4050/624/2
f 4048/628/2 4116/625/2 4049/627/2
f 4000/629/2 4011/626/2 4001/602/2
f 4048/628/2 4117/630/2 4116/625/2
f 4000/629/2 4012/631/2 4011/626/2
f 4047/136/2 4117/630/2 4048/628/2
f 4000/629/2 4013/632/2 4012/631/2
f 4046/633/2 4117/630/2 4047/136/2
f 4046/633/2 4118/634/2 4117/630/2
f 4000/629/2 4014/635/2 4013/632/2
f 4045/636/2 4118/634/2 4046/633/2
f 4044/637/2 4118/634/2 4045/636/2
f 4000/629/2 4015/351/2 4014/635/2
f 4043/638/2 4118/634/2 4044/637/2
f 4043/638/2 4119/639/2 4118/634/2
f 4000/629/2 4016/640/2 4015/351/2
f 4042/641/2 4119/639/2 4043/638/2
f 4041/642/2 4119/639/2 4042/641/2
f 4000/629/2 4017/643/2 4016/640/2
f 4040/644/2 4119/639/2 4041/642/2
f 4040/644/2 4120/645/2 4119/639/2
f 4000/629/2 4018/646/2 4017/643/2
f 4039/647/2 4120/645/2 4040/644/2
f 4038/648/2 4120/645/2 4039/647/2
f 4000/629/2 4019/649/2 4018/646/2
f 4037/650/2 4120/645/2 4038/648/2
f 4000/629/2 4020/651/2 4019/649/2
f 4036/652/2 4120/645/2 4037/650/2
f 3999/653/2 4020/651/2 4000/629/2
f 4035/382/2 4120/645/2 4036/652/2
f 4035/382/2 4121/654/2 4120/645/2
f 3999/653/2 4021/655/2 4020/651/2
f 4034/656/2 4121/654/2 4035/382/2
f 3999/653/2 4022/657/2 4021/655/2
f 4033/658/2 4121/654/2 4034/656/2
f 4032/659/2 4121/654/2 4033/658/2
f 3999/653/2 4023/660/2 4022/657/2
f 4031/661/2 4121/654/2 4032/659/2
f 4030/662/2 4121/654/2 4031/661/2
f 3999/653/2 4024/663/2 4023/660/2
f 4029/664/2 4121/654/2 4030/662/2
f 3999/653/2 4025/665/2 4024/663/2
f 4028/666/2 4121/654/2 4029/664/2
f 4027/667/2 4121/654/2 4028/666/2
f 3999/653/2 4026/668/2 4025/665/2
f 4026/668/2 4121/654/2 4027/667/2
f 3999/653/2 4121/654/2 4026/668/2
f 3999/653/2 4122/669/2 4121/654/2
f 3999/653/2 4123/670/2 4122/669/2
f 3999/653/2 4124/671/2 4123/670/2
f 3998/672/2 4124/671/2 3999/653/2
f 3998/672/2 4125/673/2 4124/671/2
f 3998/672/2 4126/674/2 4125/673/2
f 3998/672/2 4127/675/2 4126/674/2
f 3998/672/2 4128/676/2 4127/675/2
f 3997/677/2 4128/676/2 3998/672/2
f 3997/677/2 4129/678/2 4128/676/2
f 3997/677/2 4130/679/2 4129/678/2
f 3997/677/2 4131/680/2 4130/679/2
f 3996/681/2 4131/680/2 3997/677/2
f 3996/681/2 4132/682/2 4131/680/2
f 3996/681/2 4133/683/2 4132/682/2
f 3996/681/2 4134/684/2 4133/683/2
f 3996/681/2 4135/78/2 4134/684/2
f 3995/167/2 4135/78/2 3996/681/2
f 3995/167/2 3965/685/2 4135/78/2
f 3995/167/2 3966/686/2 3965/685/2
f 3995/167/2 3967/687/2 3966/686/2
f 3994/688/2 3967/687/2 3995/167/2
f 3994/688/2 3968/689/2 3967/687/2
f 3994/688/2 3969/690/2 3968/689/2
f 3994/688/2 3970/691/2 3969/690/2
f 3993/692/2 3970/691/2 3994/688/2
f 3993/692/2 3971/693/2 3970/691/2
f 3993/692/2 3972/694/2 3971/693/2
f 3993/692/2 3973/695/2 3972/694/2
f 3992/696/2 3973/695/2 3993/692/2
f 3992/696/2 3974/697/2 3973/695/2
f 3992/696/2 3975/237/2 3974/697/2
f 3992/696/2 3976/698/2 3975/237/2
f 3992/696/2 3977/699/2 3976/698/2
f 3991/700/2 3977/699/2 3992/696/2
f 3991/700/2 3978/701/2 3977/699/2
f 3991/700/2 3979/702/2 3978/701/2
f 3991/700/2 3980/703/2 3979/702/2
f 3991/700/2 3981/704/2 3980/703/2
f 3990/705/2 3981/704/2 3991/700/2
f 3990/705/2 3982/706/2 3981/704/2
f 3990/705/2 3983/707/2 3982/706/2
f 3990/705/2 3984/708/2 3983/707/2
f 3990/705/2 3985/709/2 3984/708/2
f 3989/710/2 3985/709/2 3990/705/2
f 3989/710/2 3986/711/2 3985/709/2
f 3989/710/2 3987/712/2 3986/711/2
f 3989/710/2 3988/713/2 3987/712/2
f 4208/1110/2 4210/1112/2 4209/1111/2
f 4207/1113/2 4210/1112/2 4208/1110/2
f 4206/1114/2 4210/1112/2 4207/1113/2
f 4205/704/2 4210/1112/2 4206/1114/2
f 4204/1115/2 4210/1112/2 4205/704/2
f 4203/1116/2 4210/1112/2 4204/1115/2
f 4202/1117/2 4210/1112/2 4203/1116/2
f 4201/1118/2 4210/1112/2 4202/1117/2
f 4200/1119/2 4210/1112/2 4201/1118/2
f 4199/1120/2 4210/1112/2 4200/1119/2
f 4198/1121/2 4210/1112/2 4199/1120/2
f 4197/1122/2 4210/1112/2 4198/1121/2
f 4196/1123/2 4210/1112/2 4197/1122/2
f 4195/1124/2 4210/1112/2 4196/1123/2
f 4194/1125/2 4210/1112/2 4195/1124/2
f 4193/1126/2 4210/1112/2 4194/1125/2
f 4192/1127/2 4210/1112/2 4193/1126/2
f 4191/1128/2 4210/1112/2 4192/1127/2
f 4190/1129/2 4210/1112/2 4191/1128/2
f 4189/1130/2 4210/1112/2 4190/1129/2
f 4188/1131/2 4210/1112/2 4189/1130/2
f 4187/1132/2 4210/1112/2 4188/1131/2
f 4186/1133/2 4210/1112/2 4187/1132/2
f 4186/1133/2 4211/1134/2 4210/1112/2
f 4186/1133/2 4212/1135/2 4211/1134/2
f 4185/1136/2 4212/1135/2 4186/1133/2
f 4185/1136/2 4213/1137/2 4212/1135/2
f 4185/1136/2 4214/1138/2 4213/1137/2
f 4184/1139/2 4214/1138/2 4185/1136/2
f 4184/1139/2 4215/1140/2 4214/1138/2
f 4184/1139/2 4216/1141/2 4215/1140/2
f 4183/1142/2 4216/1141/2 4184/1139/2
f 4183/1142/2 4217/1143/2 4216/1141/2
f 4182/41/2 4217/1143/2 4183/1142/2
f 4182/41/2 4218/1144/2 4217/1143/2
f 4182/41/2 4219/1145/2 4218/1144/2
f 4181/1146/2 4219/1145/2 4182/41/2
f 4181/1146/2 4220/1147/2 4219/1145/2
f 4180/1148/2 4220/1147/2 4181/1146/2
f 4180/1148/2 4221/1149/2 4220/1147/2
f 4180/1148/2 4222/1150/2 4221/1149/2
f 4179/1151/2 4222/1150/2 4180/1148/2
f 4179/1151/2 4223/1152/2 4222/1150/2
f 4178/1153/2 4223/1152/2 4179/1151/2
f 4178/1153/2 4224/1154/2 4223/1152/2
f 4177/1155/2 4224/1154/2 4178/1153/2
f 4177/1155/2 4225/1156/2 4224/1154/2
f 4177/1155/2 4226/1157/2 4225/1156/2
f 4176/1158/2 4226/1157/2 4177/1155/2
f 4176/1158/2 4227/1159/2 4226/1157/2
f 4175/1160/2 4227/1159/2 4176/1158/2
f 4175/1160/2 4228/19/2 4227/1159/2
f 4175/1160/2 4229/1161/2 4228/19/2
f 4174/1162/2 4229/1161/2 4175/1160/2
f 4174/1162/2 4230/1163/2 4229/1161/2
f 4173/1164/2 4230/1163/2 4174/1162/2
f 4173/1164/2 4231/1165/2 4230/1163/2
f 4172/1166/2 4231/1165/2 4173/1164/2
f 4172/1166/2 4232/1167/2 4231/1165/2
f 4172/1166/2 4233/1168/2 4232/1167/2
f 4171/1169/2 4233/1168/2 4172/1166/2
f 4171/1169/2 4234/1170/2 4233/1168/2
f 4170/1171/2 4234/1170/2 4171/1169/2
f 4170/1171/2 4235/1172/2 4234/1170/2
f 4169/1173/2 4235/1172/2 4170/1171/2
f 4169/1173/2 4236/1174/2 4235/1172/2
f 4168/1175/2 4236/1174/2 4169/1173/2
f 4168/1175/2 4237/1176/2 4236/1174/2
f 4167/1177/2 4237/1176/2 4168/1175/2
f 4167/1177/2 4238/1178/2 4237/1176/2
f 4166/1179/2 4238/1178/2 4167/1177/2
f 4166/1179/2 4239/1180/2 4238/1178/2
f 4165/1181/2 4239/1180/2 4166/1179/2
f 4165/1181/2 4240/1182/2 4239/1180/2
f 4164/1183/2 4240/1182/2 4165/1181/2
f 4164/1183/2 4241/1184/2 4240/1182/2
f 4163/1185/2 4241/1184/2 4164/1183/2
f 4163/1185/2 4242/1186/2 4241/1184/2
f 4162/1187/2 4242/1186/2 4163/1185/2
f 4162/1187/2 4243/1188/2 4242/1186/2
f 4161/1189/2 4243/1188/2 4162/1187/2
f 4161/1189/2 4244/1190/2 4243/1188/2
f 4160/1191/2 4244/1190/2 4161/1189/2
f 4160/1191/2 4245/1192/2 4244/1190/2
f 4159/528/2 4245/1192/2 4160/1191/2
f 4159/528/2 4246/1193/2 4245/1192/2
f 4158/1194/2 4246/1193/2 4159/528/2
f 4158/1194/2 4247/1195/2 4246/1193/2
f 4157/1196/2 4247/1195/2 4158/1194/2
f 4157/1196/2 4343/614/2 4247/1195/2
f 4343/614/2 4248/1197/2 4247/1195/2
f 4157/1196/2 4344/1198/2 4343/614/2
f 4342/1199/2 4248/1197/2 4343/614/2
f 4156/1200/2 4344/1198/2 4157/1196/2
f 4342/1199/2 4249/1201/2 4248/1197/2
f 4155/1202/2 4344/1198/2 4156/1200/2
f 4341/1203/2 4249/1201/2 4342/1199/2
f 4155/1202/2 4345/1204/2 4344/1198/2
f 4154/1205/2 4345/1204/2 4155/1202/2
f 4341/1203/2 4250/1206/2 4249/1201/2
f 4340/1207/2 4250/1206/2 4341/1203/2
f 4154/1205/2 4346/1208/2 4345/1204/2
f 4153/1209/2 4346/1208/2 4154/1205/2
f 4340/1207/2 4251/665/2 4250/1206/2
f 4339/1210/2 4251/665/2 4340/1207/2
f 4152/1211/2 4346/1208/2 4153/1209/2
f 4152/1211/2 4347/1212/2 4346/1208/2
f 4339/1210/2 4252/1213/2 4251/665/2
f 4338/1214/2 4252/1213/2 4339/1210/2
f 4151/1215/2 4347/1212/2 4152/1211/2
f 4151/1215/2 4348/1216/2 4347/1212/2
f 4150/1217/2 4348/1216/2 4151/1215/2
f 4338/1214/2 4253/1218/2 4252/1213/2
f 4337/1219/2 4253/1218/2 4338/1214/2
f 4150/1217/2 4349/1220/2 4348/1216/2
f 4149/1221/2 4349/1220/2 4150/1217/2
f 4337/1219/2 4254/1222/2 4253/1218/2
f 4336/1223/2 4254/1222/2 4337/1219/2
f 4148/1224/2 4349/1220/2 4149/1221/2
f 4148/1224/2 4350/1225/2 4349/1220/2
f 4336/1223/2 4255/1226/2 4254/1222/2
f 4335/1227/2 4255/1226/2 4336/1223/2
f 4147/1228/2 4350/1225/2 4148/1224/2
f 4147/1228/2 4351/1229/2 4350/1225/2
f 4146/1230/2 4351/1229/2 4147/1228/2
f 4335/1227/2 4256/1231/2 4255/1226/2
f 4334/1232/2 4256/1231/2 4335/1227/2
f 4145/1233/2 4351/1229/2 4146/1230/2
f 4145/1233/2 4352/1234/2 4351/1229/2
f 4334/1232/2 4257/1235/2 4256/1231/2
f 4333/1236/2 4257/1235/2 4334/1232/2
f 4144/1237/2 4352/1234/2 4145/1233/2
f 4144/1237/2 4353/1238/2 4352/1234/2
f 4143/1239/2 4353/1238/2 4144/1237/2
f 4333/1236/2 4258/1240/2 4257/1235/2
f 4332/1241/2 4258/1240/2 4333/1236/2
f 4142/1242/2 4353/1238/2 4143/1239/2
f 4142/1242/2 4354/1243/2 4353/1238/2
f 4332/1241/2 4259/1244/2 4258/1240/2
f 4331/1245/2 4259/1244/2 4332/1241/2
f 4141/1246/2 4354/1243/2 4142/1242/2
f 4140/1247/2 4354/1243/2 4141/1246/2
f 4140/1247/2 4355/1248/2 4354/1243/2
f 4331/1245/2 4260/1249/2 4259/1244/2
f 4330/1250/2 4260/1249/2 4331/1245/2
f 4139/1251/2 4355/1248/2 4140/1247/2
f 4139/1251/2 4356/1252/2 4355/1248/2
f 4138/1253/2 4356/1252/2 4139/1251/2
f 4330/1250/2 4261/1254/2 4260/1249/2
f 4329/1255/2 4261/1254/2 4330/1250/2
f 4137/1256/2 4356/1252/2 4138/1253/2
f 4137/1256/2 4357/1257/2 4356/1252/2
f 4329/1255/2 4262/1258/2 4261/1254/2
f 4136/77/2 4366/78/2 4137/1256/2
f 4366/78/2 4365/1259/2 4137/1256/2
f 4365/1259/2 4364/1260/2 4137/1256/2
f 4364/1260/2 4363/1261/2 4137/1256/2
f 4363/1261/2 4362/1262/2 4137/1256/2
f 4362/1262/2 4361/1263/2 4137/1256/2
f 4361/1263/2 4360/1264/2 4137/1256/2
f 4360/1264/2 4359/1265/2 4137/1256/2
f 4359/1265/2 4358/1266/2 4137/1256/2
f 4358/1266/2 4357/1257/2 4137/1256/2
f 4328/1267/2 4262/1258/2 4329/1255/2
f 4328/1267/2 4263/1268/2 4262/1258/2
f 4327/1269/2 4263/1268/2 4328/1267/2
f 4327/1269/2 4264/1270/2 4263/1268/2
f 4326/1271/2 4264/1270/2 4327/1269/2
f 4326/1271/2 4265/1272/2 4264/1270/2
f 4325/1273/2 4265/1272/2 4326/1271/2
f 4325/1273/2 4266/1274/2 4265/1272/2
f 4324/1275/2 4266/1274/2 4325/1273/2
f 4324/1275/2 4267/1276/2 4266/1274/2
f 4323/1277/2 4267/1276/2 4324/1275/2
f 4323/1277/2 4268/1278/2 4267/1276/2
f 4322/1279/2 4268/1278/2 4323/1277/2
f 4322/1279/2 4269/1280/2 4268/1278/2
f 4321/1281/2 4269/1280/2 4322/1279/2
f 4321/1281/2 4270/1282/2 4269/1280/2
f 4320/107/2 4270/1282/2 4321/1281/2
f 4320/107/2 4271/1283/2 4270/1282/2
f 4319/1284/2 4271/1283/2 4320/107/2
f 4319/1284/2 4272/1285/2 4271/1283/2
f 4318/1286/2 4272/1285/2 4319/1284/2
f 4318/1286/2 4273/1287/2 4272/1285/2
f 4317/1288/2 4273/1287/2 4318/1286/2
f 4317/1288/2 4274/136/2 4273/1287/2
f 4316/1289/2 4274/136/2 4317/1288/2
f 4316/1289/2 4275/1290/2 4274/136/2
f 4315/1291/2 4275/1290/2 4316/1289/2
f 4315/1291/2 4276/1292/2 4275/1290/2
f 4314/1293/2 4276/1292/2 4315/1291/2
f 4314/1293/2 4277/1294/2 4276/1292/2
f 4313/1295/2 4277/1294/2 4314/1293/2
f 4313/1295/2 4278/1296/2 4277/1294/2
f 4312/1297/2 4278/1296/2 4313/1295/2
f 4312/1297/2 4279/1298/2 4278/1296/2
f 4311/1299/2 4279/1298/2 4312/1297/2
f 4311/1299/2 4280/1300/2 4279/1298/2
f 4310/1301/2 4280/1300/2 4311/1299/2
f 4309/1302/2 4280/1300/2 4310/1301/2
f 4309/1302/2 4281/1303/2 4280/1300/2
f 4308/1304/2 4281/1303/2 4309/1302/2
f 4308/1304/2 4282/1305/2 4281/1303/2
f 4307/1306/2 4282/1305/2 4308/1304/2
f 4307/1306/2 4283/1307/2 4282/1305/2
f 4306/1308/2 4283/1307/2 4307/1306/2
f 4306/1308/2 4284/1309/2 4283/1307/2
f 4305/1310/2 4284/1309/2 4306/1308/2
f 4305/1310/2 4285/1311/2 4284/1309/2
f 4304/1312/2 4285/1311/2 4305/1310/2
f 4304/1312/2 4286/1313/2 4285/1311/2
f 4303/1314/2 4286/1313/2 4304/1312/2
f 4303/1314/2 4287/1315/2 4286/1313/2
f 4302/1316/2 4287/1315/2 4303/1314/2
f 4302/1316/2 4288/1317/2 4287/1315/2
f 4301/1318/2 4288/1317/2 4302/1316/2
f 4301/1318/2 4289/1319/2 4288/1317/2
f 4300/1320/2 4289/1319/2 4301/1318/2
f 4299/1321/2 4289/1319/2 4300/1320/2
f 4299/1321/2 4290/1322/2 4289/1319/2
f 4298/1323/2 4290/1322/2 4299/1321/2
f 4298/1323/2 4291/1324/2 4290/1322/2
f 4297/583/2 4291/1324/2 4298/1323/2
f 4297/583/2 4292/1325/2 4291/1324/2
f 4296/1326/2 4292/1325/2 4297/583/2
f 4296/1326/2 4293/1327/2 4292/1325/2
f 4295/1328/2 4293/1327/2 4296/1326/2
f 4294/1329/2 4293/1327/2 4295/1328/2
f 4729/1330/2 4731/1332/2 4730/1331/2
f 4728/1333/2 4731/1332/2 4729/1330/2
f 4728/1333/2 4732/1334/2 4731/1332/2
f 4727/1335/2 4732/1334/2 4728/1333/2
f 4726/1336/2 4732/1334/2 4727/1335/2
f 4726/1336/2 4733/1337/2 4732/1334/2
f 4725/1338/2 4733/1337/2 4726/1336/2
f 4725/1338/2 4734/1339/2 4733/1337/2
f 4724/1340/2 4734/1339/2 4725/1338/2
f 4723/1341/2 4734/1339/2 4724/1340/2
f 4723/1341/2 4735/1342/2 4734/1339/2
f 4722/1343/2 4735/1342/2 4723/1341/2
f 4721/1344/2 4735/1342/2 4722/1343/2
f 4721/1344/2 4736/1345/2 4735/1342/2
f 4720/1346/2 4736/1345/2 4721/1344/2
f 4720/1346/2 4737/1347/2 4736/1345/2
f 4719/1348/2 4737/1347/2 4720/1346/2
f 4718/1349/2 4737/1347/2 4719/1348/2
f 4718/1349/2 4738/1350/2 4737/1347/2
f 4717/1351/2 4738/1350/2 4718/1349/2
f 4716/1352/2 4738/1350/2 4717/1351/2
f 4716/1352/2 4739/1353/2 4738/1350/2
f 4715/1354/2 4739/1353/2 4716/1352/2
f 4715/1354/2 4740/1355/2 4739/1353/2
f 4714/1356/2 4740/1355/2 4715/1354/2
f 4714/1356/2 4741/1357/2 4740/1355/2
f 4713/1358/2 4741/1357/2 4714/1356/2
f 4712/1359/2 4741/1357/2 4713/1358/2
f 4712/1359/2 4742/1360/2 4741/1357/2
f 4711/1361/2 4742/1360/2 4712/1359/2
f 4711/1361/2 4743/1362/2 4742/1360/2
f 4710/1363/2 4743/1362/2 4711/1361/2
f 4710/1363/2 4744/1364/2 4743/1362/2
f 4709/1365/2 4744/1364/2 4710/1363/2
f 4709/1365/2 4745/1366/2 4744/1364/2
f 4708/1367/2 4745/1366/2 4709/1365/2
f 4708/1367/2 4746/1368/2 4745/1366/2
f 4707/1369/2 4746/1368/2 4708/1367/2
f 4707/1369/2 4747/1370/2 4746/1368/2
f 4706/1371/2 4747/1370/2 4707/1369/2
f 4705/1372/2 4747/1370/2 4706/1371/2
f 4705/1372/2 4748/1373/2 4747/1370/2
f 4705/1372/2 4749/1374/2 4748/1373/2
f 4705/1372/2 4750/1375/2 4749/1374/2
f 4705/1372/2 4751/1376/2 4750/1375/2
f 4705/1372/2 4752/1377/2 4751/1376/2
f 4705/1372/2 4753/1378/2 4752/1377/2
f 4705/1372/2 4754/1379/2 4753/1378/2
f 4705/1372/2 4755/1380/2 4754/1379/2
f 4705/1372/2 4756/1381/2 4755/1380/2
f 4705/1372/2 4757/1382/2 4756/1381/2
f 4705/1372/2 4758/1383/2 4757/1382/2
f 4705/1372/2 4759/1384/2 4758/1383/2
f 4705/1372/2 4760/1385/2 4759/1384/2
f 4705/1372/2 4761/1386/2 4760/1385/2
f 4705/1372/2 4762/1387/2 4761/1386/2
f 4705/1372/2 4763/1388/2 4762/1387/2
f 4705/1372/2 4764/1389/2 4763/1388/2
f 4705/1372/2 4765/1390/2 4764/1389/2
f 4705/1372/2 4766/1391/2 4765/1390/2
f 4705/1372/2 4767/1392/2 4766/1391/2
f 4705/1372/2 4768/1393/2 4767/1392/2
f 4705/1372/2 4769/1394/2 4768/1393/2
f 4705/1372/2 4770/1395/2 4769/1394/2
f 4705/1372/2 4771/1396/2 4770/1395/2
f 4705/1372/2 4772/1397/2 4771/1396/2
f 4705/1372/2 4773/1398/2 4772/1397/2
f 4705/1372/2 4774/1399/2 4773/1398/2
f 4705/1372/2 4775/1400/2 4774/1399/2
f 4705/1372/2 4776/1401/2 4775/1400/2
f 4705/1372/2 4777/1402/2 4776/1401/2
f 4705/1372/2 4778/78/2 4777/1402/2
f 4705/1372/2 4704/1403/2 4778/78/2
f 4704/1403/2 4703/1404/2 4778/78/2
f 4703/1404/2 4702/1405/2 4778/78/2
f 4702/1405/2 4701/1406/2 4778/78/2
f 4701/1406/2 4700/1407/2 4778/78/2
f 4700/1407/2 4699/1408/2 4778/78/2
f 4699/1408/2 4698/1409/2 4778/78/2
f 4698/1409/2 4697/1410/2 4778/78/2
f 4697/1410/2 4696/1411/2 4778/78/2
f 4696/1411/2 4695/1412/2 4778/78/2
f 4695/1412/2 4694/1413/2 4778/78/2
f 4694/1413/2 4693/1414/2 4778/78/2
f 4693/1414/2 4692/1415/2 4778/78/2
f 4692/1415/2 4691/1416/2 4778/78/2
f 4691/1416/2 4690/1417/2 4778/78/2
f 4690/1417/2 4689/1418/2 4778/78/2
f 4689/1418/2 4688/1419/2 4778/78/2
f 4688/1419/2 4687/1420/2 4778/78/2
f 4687/1420/2 4686/1421/2 4778/78/2
f 4686/1421/2 4685/1422/2 4778/78/2
f 4685/1422/2 4684/1423/2 4778/78/2
f 4684/1423/2 4683/1424/2 4778/78/2
f 4683/1424/2 4682/1425/2 4778/78/2
f 4682/1425/2 4681/1426/2 4778/78/2
f 4681/1426/2 4680/1427/2 4778/78/2
f 4680/1427/2 4679/1428/2 4778/78/2
f 4679/1428/2 4678/1429/2 4778/78/2
f 4678/1429/2 4677/1430/2 4778/78/2
f 4677/1430/2 4676/1431/2 4778/78/2
f 4676/1431/2 4675/1432/2 4778/78/2
f 4675/1432/2 4674/1433/2 4778/78/2
f 4674/1433/2 4673/1434/2 4778/78/2
f 4673/1434/2 4672/1435/2 4778/78/2
f 4672/1435/2 4671/1436/2 4778/78/2
f 4671/1436/2 4670/1437/2 4778/78/2
f 4670/1437/2 4669/1438/2 4778/78/2
f 4669/1438/2 4668/1439/2 4778/78/2
f 4668/1439/2 4667/1440/2 4778/78/2
f 4667/1440/2 4666/1441/2 4778/78/2
f 4666/1441/2 4665/1442/2 4778/78/2
f 4665/1442/2 4664/1443/2 4778/78/2
f 4664/1443/2 4663/1444/2 4778/78/2
f 4663/1444/2 4662/1445/2 4778/78/2
f 4662/1445/2 4661/1446/2 4778/78/2
f 4661/1446/2 4660/1447/2 4778/78/2
f 4660/1447/2 4659/1448/2 4778/78/2
f 4659/1448/2 4658/1449/2 4778/78/2
f 4658/1449/2 4657/1450/2 4778/78/2
f 4657/1450/2 4656/1451/2 4778/78/2
f 4656/1451/2 4655/1452/2 4778/78/2
f 4655/1452/2 4654/1453/2 4778/78/2
f 4654/1453/2 4653/1454/2 4778/78/2
f 4653/1454/2 4652/1455/2 4778/78/2
f 4652/1455/2 4651/1456/2 4778/78/2
f 4651/1456/2 4650/1457/2 4778/78/2
f 4650/1457/2 4649/1458/2 4778/78/2
f 4649/1458/2 4648/1459/2 4778/78/2
f 4648/1459/2 4647/1460/2 4778/78/2
f 4647/1460/2 4646/1461/2 4778/78/2
f 4646/1461/2 4645/1462/2 4778/78/2
f 4645/1462/2 4644/1463/2 4778/78/2
f 4644/1463/2 4643/1464/2 4778/78/2
f 4643/1464/2 4642/1465/2 4778/78/2
f 4642/1465/2 4641/381/2 4778/78/2
f 4641/381/2 4640/1466/2 4778/78/2
f 4640/1466/2 4639/1467/2 4778/78/2
f 4639/1467/2 4638/1468/2 4778/78/2
f 4638/1468/2 4637/1469/2 4778/78/2
f 4637/1469/2 4636/1470/2 4778/78/2
f 4636/1470/2 4635/1471/2 4778/78/2
f 4635/1471/2 4634/1472/2 4778/78/2
f 4634/1472/2 4633/1473/2 4778/78/2
f 4548/1474/2 4550/1476/2 4549/1475/2
f 4548/1474/2 4551/1477/2 4550/1476/2
f 4547/1478/2 4551/1477/2 4548/1474/2
f 4547/1478/2 4552/1479/2 4551/1477/2
f 4546/1480/2 4552/1479/2 4547/1478/2
f 4546/1480/2 4553/1481/2 4552/1479/2
f 4545/1482/2 4553/1481/2 4546/1480/2
f 4545/1482/2 4554/1483/2 4553/1481/2
f 4544/1484/2 4554/1483/2 4545/1482/2
f 4544/1484/2 4555/1485/2 4554/1483/2
f 4543/1486/2 4555/1485/2 4544/1484/2
f 4543/1486/2 4556/1487/2 4555/1485/2
f 4542/1488/2 4556/1487/2 4543/1486/2
f 4542/1488/2 4557/1489/2 4556/1487/2
f 4541/1490/2 4557/1489/2 4542/1488/2
f 4541/1490/2 4558/1491/2 4557/1489/2
f 4540/1492/2 4558/1491/2 4541/1490/2
f 4540/1492/2 4559/1493/2 4558/1491/2
f 4539/1494/2 4559/1493/2 4540/1492/2
f 4539/1494/2 4560/1495/2 4559/1493/2
f 4538/1496/2 4560/1495/2 4539/1494/2
f 4538/1496/2 4561/1497/2 4560/1495/2
f 4537/1498/2 4561/1497/2 4538/1496/2
f 4537/1498/2 4562/1499/2 4561/1497/2
f 4536/1500/2 4562/1499/2 4537/1498/2
f 4536/1500/2 4563/1501/2 4562/1499/2
f 4535/1502/2 4563/1501/2 4536/1500/2
f 4534/1503/2 4563/1501/2 4535/1502/2
f 4534/1503/2 4564/1504/2 4563/1501/2
f 4533/1505/2 4564/1504/2 4534/1503/2
f 4533/1505/2 4565/1506/2 4564/1504/2
f 4532/1507/2 4565/1506/2 4533/1505/2
f 4531/1508/2 4565/1506/2 4532/1507/2
f 4531/1508/2 4566/1509/2 4565/1506/2
f 4530/1510/2 4566/1509/2 4531/1508/2
f 4530/1510/2 4567/1511/2 4566/1509/2
f 4529/1512/2 4567/1511/2 4530/1510/2
f 4528/1513/2 4567/1511/2 4529/1512/2
f 4528/1513/2 4568/1514/2 4567/1511/2
f 4527/1515/2 4568/1514/2 4528/1513/2
f 4526/1516/2 4568/1514/2 4527/1515/2
f 4526/1516/2 4569/1517/2 4568/1514/2
f 4525/1518/2 4569/1517/2 4526/1516/2
f 4524/1519/2 4569/1517/2 4525/1518/2
f 4524/1519/2 4570/1520/2 4569/1517/2
f 4523/1521/2 4570/1520/2 4524/1519/2
f 4523/1521/2 4571/1522/2 4570/1520/2
f 4522/1523/2 4571/1522/2 4523/1521/2
f 4521/1524/2 4571/1522/2 4522/1523/2
f 4521/1524/2 4572/1525/2 4571/1522/2
f 4520/1526/2 4572/1525/2 4521/1524/2
f 4519/1527/2 4572/1525/2 4520/1526/2
f 4519/1527/2 4573/1528/2 4572/1525/2
f 4518/1529/2 4573/1528/2 4519/1527/2
f 4517/1530/2 4573/1528/2 4518/1529/2
f 4517/1530/2 4574/1531/2 4573/1528/2
f 4516/1532/2 4574/1531/2 4517/1530/2
f 4515/1533/2 4574/1531/2 4516/1532/2
f 4515/1533/2 4575/1534/2 4574/1531/2
f 4514/1535/2 4575/1534/2 4515/1533/2
f 4514/1535/2 4576/1536/2 4575/1534/2
f 4513/1537/2 4576/1536/2 4514/1535/2
f 4512/1538/2 4511/1539/2 4513/1537/2
f 4511/1539/2 4510/1540/2 4513/1537/2
f 4510/1540/2 4509/1541/2 4513/1537/2
f 4509/1541/2 4508/1542/2 4513/1537/2
f 4508/1542/2 4507/1543/2 4513/1537/2
f 4507/1543/2 4506/1544/2 4513/1537/2
f 4506/1544/2 4505/1545/2 4513/1537/2
f 4505/1545/2 4504/147/2 4513/1537/2
f 4504/147/2 4503/1546/2 4513/1537/2
f 4503/1546/2 4502/1547/2 4513/1537/2
f 4502/1547/2 4501/1548/2 4513/1537/2
f 4501/1548/2 4500/1549/2 4513/1537/2
f 4500/1549/2 4499/1550/2 4513/1537/2
f 4499/1550/2 4498/1551/2 4513/1537/2
f 4498/1551/2 4497/1552/2 4513/1537/2
f 4497/1552/2 4496/1553/2 4513/1537/2
f 4496/1553/2 4495/1554/2 4513/1537/2
f 4495/1554/2 4494/1555/2 4513/1537/2
f 4494/1555/2 4493/1556/2 4513/1537/2
f 4493/1556/2 4492/1557/2 4513/1537/2
f 4492/1557/2 4491/1558/2 4513/1537/2
f 4491/1558/2 4490/1559/2 4513/1537/2
f 4490/1559/2 4576/1536/2 4513/1537/2
f 4490/1559/2 4489/1560/2 4576/1536/2
f 4489/1560/2 4488/1561/2 4576/1536/2
f 4488/1561/2 4487/1562/2 4576/1536/2
f 4487/1562/2 4577/1563/2 4576/1536/2
f 4487/1562/2 4486/1564/2 4577/1563/2
f 4486/1564/2 4485/1565/2 4577/1563/2
f 4485/1565/2 4484/1566/2 4577/1563/2
f 4484/1566/2 4578/1567/2 4577/1563/2
f 4484/1566/2 4483/1568/2 4578/1567/2
f 4483/1568/2 4482/1569/2 4578/1567/2
f 4482/1569/2 4481/1570/2 4578/1567/2
f 4481/1570/2 4579/1571/2 4578/1567/2
f 4481/1570/4 4480/1572/4 4579/1571/4
f 4480/1572/2 4479/1573/2 4579/1571/2
f 4479/1573/2 4478/1574/2 4579/1571/2
f 4478/1574/2 4580/1575/2 4579/1571/2
f 4478/1574/2 4477/1576/2 4580/1575/2
f 4477/1576/2 4476/1577/2 4580/1575/2
f 4476/1577/2 4475/1578/2 4580/1575/2
f 4475/1578/2 4581/1579/2 4580/1575/2
f 4475/1578/2 4474/1580/2 4581/1579/2
f 4474/1580/2 4473/1581/2 4581/1579/2
f 4473/1581/2 4472/1582/2 4581/1579/2
f 4472/1582/2 4471/1583/2 4581/1579/2
f 4471/1583/2 4582/1584/2 4581/1579/2
f 4471/1583/2 4470/1585/2 4582/1584/2
f 4470/1585/2 4469/1586/2 4582/1584/2
f 4469/1586/2 4468/1587/2 4582/1584/2
f 4468/1587/2 4583/1588/2 4582/1584/2
f 4468/1587/2 4467/1589/2 4583/1588/2
f 4467/1589/2 4466/1590/2 4583/1588/2
f 4466/1590/2 4465/1591/2 4583/1588/2
f 4465/1591/2 4464/1592/2 4583/1588/2
f 4464/1592/2 4584/1593/2 4583/1588/2
f 4464/1592/2 4463/1594/2 4584/1593/2
f 4463/1594/2 4462/1595/2 4584/1593/2
f 4462/1595/2 4461/1596/2 4584/1593/2
f 4461/1596/2 4460/1597/2 4584/1593/2
f 4460/1597/2 4459/1598/2 4584/1593/2
f 4459/1598/2 4585/1599/2 4584/1593/2
f 4458/1600/2 4585/1599/2 4459/1598/2
f 4457/1601/2 4585/1599/2 4458/1600/2
f 4456/1602/2 4585/1599/2 4457/1601/2
f 4455/1603/2 4585/1599/2 4456/1602/2
f 4454/1604/2 4585/1599/2 4455/1603/2
f 4453/1605/2 4585/1599/2 4454/1604/2
f 4452/1606/2 4585/1599/2 4453/1605/2
f 4451/1607/2 4585/1599/2 4452/1606/2
f 4450/1608/2 4585/1599/2 4451/1607/2
f 4449/1609/2 4585/1599/2 4450/1608/2
f 4448/1610/2 4585/1599/2 4449/1609/2
f 4447/1611/2 4585/1599/2 4448/1610/2
f 4446/1612/2 4585/1599/2 4447/1611/2
f 4445/1613/2 4585/1599/2 4446/1612/2
f 4444/1614/2 4585/1599/2 4445/1613/2
f 4443/1615/2 4585/1599/2 4444/1614/2
f 4443/1615/2 4586/1616/2 4585/1599/2
f 4442/1617/2 4586/1616/2 4443/1615/2
f 4441/1618/2 4586/1616/2 4442/1617/2
f 4440/1619/2 4586/1616/2 4441/1618/2
f 4439/1620/2 4586/1616/2 4440/1619/2
f 4438/1621/2 4586/1616/2 4439/1620/2
f 4437/1622/2 4586/1616/2 4438/1621/2
f 4437/1622/2 4587/1623/2 4586/1616/2
f 4436/1624/2 4587/1623/2 4437/1622/2
f 4435/1625/2 4587/1623/2 4436/1624/2
f 4434/1626/2 4587/1623/2 4435/1625/2
f 4433/1627/2 4587/1623/2 4434/1626/2
f 4433/1627/2 4588/1628/2 4587/1623/2
f 4432/1629/2 4588/1628/2 4433/1627/2
f 4431/1630/2 4588/1628/2 4432/1629/2
f 4430/1631/2 4588/1628/2 4431/1630/2
f 4430/1631/2 4589/1632/2 4588/1628/2
f 4429/1633/2 4589/1632/2 4430/1631/2
f 4428/1634/2 4589/1632/2 4429/1633/2
f 4427/1635/2 4589/1632/2 4428/1634/2
f 4427/1635/2 4590/1636/2 4589/1632/2
f 4426/1637/2 4590/1636/2 4427/1635/2
f 4425/1638/2 4590/1636/2 4426/1637/2
f 4424/1639/2 4590/1636/2 4425/1638/2
f 4424/1639/2 4591/1640/2 4590/1636/2
f 4423/1641/2 4591/1640/2 4424/1639/2
f 4422/1642/2 4591/1640/2 4423/1641/2
f 4422/1642/2 4592/1643/2 4591/1640/2
f 4421/1644/2 4592/1643/2 4422/1642/2
f 4420/1645/2 4592/1643/2 4421/1644/2
f 4420/1645/2 4593/1646/2 4592/1643/2
f 4419/1647/2 4593/1646/2 4420/1645/2
f 4418/1648/2 4593/1646/2 4419/1647/2
f 4418/1648/2 4594/1649/2 4593/1646/2
f 4417/1650/2 4594/1649/2 4418/1648/2
f 4416/1651/2 4594/1649/2 4417/1650/2
f 4416/1651/2 4595/1652/2 4594/1649/2
f 4415/1653/2 4595/1652/2 4416/1651/2
f 4414/1654/2 4595/1652/2 4415/1653/2
f 4414/1654/2 4596/1655/2 4595/1652/2
f 4413/1656/2 4596/1655/2 4414/1654/2
f 4412/1657/2 4596/1655/2 4413/1656/2
f 4412/1657/2 4597/1658/2 4596/1655/2
f 4411/1659/2 4597/1658/2 4412/1657/2
f 4410/1660/2 4597/1658/2 4411/1659/2
f 4410/1660/2 4598/1661/2 4597/1658/2
f 4409/1662/2 4598/1661/2 4410/1660/2
f 4409/1662/2 4599/1663/2 4598/1661/2
f 4408/1664/2 4599/1663/2 4409/1662/2
f 4407/1665/2 4599/1663/2 4408/1664/2
f 4407/1665/2 4600/1666/2 4599/1663/2
f 4406/1667/2 4600/1666/2 4407/1665/2
f 4405/1668/2 4600/1666/2 4406/1667/2
f 4405/1668/2 4601/1669/2 4600/1666/2
f 4404/1670/2 4601/1669/2 4405/1668/2
f 4403/1671/2 4601/1669/2 4404/1670/2
f 4403/1671/2 4602/1672/2 4601/1669/2
f 4402/1673/2 4602/1672/2 4403/1671/2
f 4401/1674/2 4602/1672/2 4402/1673/2
f 4401/1674/2 4603/1675/2 4602/1672/2
f 4400/1676/2 4603/1675/2 4401/1674/2
f 4400/1676/2 4604/1677/2 4603/1675/2
f 4399/1678/2 4604/1677/2 4400/1676/2
f 4398/1679/2 4604/1677/2 4399/1678/2
f 4398/1679/2 4605/1680/2 4604/1677/2
f 4397/1681/2 4605/1680/2 4398/1679/2
f 4396/1682/2 4605/1680/2 4397/1681/2
f 4396/1682/2 4606/1683/2 4605/1680/2
f 4395/1684/2 4606/1683/2 4396/1682/2
f 4394/1685/2 4606/1683/2 4395/1684/2
f 4394/1685/2 4607/1686/2 4606/1683/2
f 4393/1687/2 4607/1686/2 4394/1685/2
f 4393/1687/2 4608/1688/2 4607/1686/2
f 4392/1689/2 4608/1688/2 4393/1687/2
f 4391/1690/2 4608/1688/2 4392/1689/2
f 4391/1690/2 4609/1691/2 4608/1688/2
f 4390/1692/2 4609/1691/2 4391/1690/2
f 4389/1693/2 4609/1691/2 4390/1692/2
f 4389/1693/2 4610/1694/2 4609/1691/2
f 4388/1695/2 4610/1694/2 4389/1693/2
f 4387/1696/2 4610/1694/2 4388/1695/2
f 4387/1696/2 4611/1697/2 4610/1694/2
f 4386/1698/2 4611/1697/2 4387/1696/2
f 4385/1699/2 4611/1697/2 4386/1698/2
f 4385/1699/2 4612/1700/2 4611/1697/2
f 4384/1701/2 4612/1700/2 4385/1699/2
f 4383/1702/2 4612/1700/2 4384/1701/2
f 4383/1702/2 4613/1703/2 4612/1700/2
f 4382/1704/2 4613/1703/2 4383/1702/2
f 4382/1704/2 4614/1705/2 4613/1703/2
f 4381/1706/2 4614/1705/2 4382/1704/2
f 4380/1707/2 4614/1705/2 4381/1706/2
f 4380/1707/2 4615/1708/2 4614/1705/2
f 4379/1709/2 4615/1708/2 4380/1707/2
f 4378/1710/2 4615/1708/2 4379/1709/2
f 4378/1710/2 4616/1711/2 4615/1708/2
f 4377/1712/2 4616/1711/2 4378/1710/2
f 4376/1713/2 4616/1711/2 4377/1712/2
f 4376/1713/2 4617/1714/2 4616/1711/2
f 4375/1715/2 4617/1714/2 4376/1713/2
f 4374/1716/2 4617/1714/2 4375/1715/2
f 4373/1717/2 4617/1714/2 4374/1716/2
f 4373/1717/2 4618/1718/2 4617/1714/2
f 4372/1719/2 4618/1718/2 4373/1717/2
f 4371/1720/2 4618/1718/2 4372/1719/2
f 4371/1720/2 4619/1721/2 4618/1718/2
f 4370/1722/2 4619/1721/2 4371/1720/2
f 4369/1723/2 4619/1721/2 4370/1722/2
f 4369/1723/2 4620/1724/2 4619/1721/2
f 4368/1725/2 4620/1724/2 4369/1723/2
f 4367/77/2 4620/1724/2 4368/1725/2
f 4367/77/2 4621/1726/2 4620/1724/2
f 4367/77/2 4622/1727/2 4621/1726/2
f 4367/77/2 4623/1728/2 4622/1727/2
f 4367/77/2 4624/1729/2 4623/1728/2
f 4367/77/2 4625/1730/2 4624/1729/2
f 4367/77/2 4626/1731/2 4625/1730/2
f 4367/77/2 4627/1732/2 4626/1731/2
f 4367/77/2 4628/1733/2 4627/1732/2
f 4367/77/2 4629/1734/2 4628/1733/2
f 4367/77/2 4630/1735/2 4629/1734/2
f 4367/77/2 4631/1736/2 4630/1735/2
f 4367/77/2 4632/1737/2 4631/1736/2
f 1564/523/7 1563/522/7 3952/522/7 3953/523/7
f 2052/1618/8 2051/1619/8 4440/1619/8 4441/1618/8
f 590/688/9 589/692/9 2978/692/9 2979/688/9
f 595/653/10 594/672/10 2983/672/10 2984/653/10
f 1548/528/11 1547/529/11 3936/529/11 3937/528/11
f 2044/1627/12 2043/1629/12 4432/1629/12 4433/1627/12
f 1848/1176/13 1847/1174/13 4236/1174/13 4237/1176/13
f 574/701/14 573/699/14 2962/699/14 2963/701/14
f 1572/535/15 1571/533/15 3960/533/15 3961/535/15
f 1776/1181/16 1775/1183/16 4164/1183/16 4165/1181/16
f 2036/1638/17 2035/1639/17 4424/1639/17 4425/1638/17
f 1540/539/18 1539/541/18 3928/541/18 3929/539/18
f 723/675/19 722/674/19 3111/674/19 3112/675/19
f 582/711/20 581/709/20 2970/709/20 2971/711/20
f 1856/1192/21 1855/1190/21 4244/1190/21 4245/1192/21
f 2204/1646/22 2203/1643/22 4592/1643/22 4593/1646/22
f 846/162/23 845/164/23 3234/164/23 3235/162/23
f 731/78/24 730/684/24 3119/684/24 3120/78/24
f 1768/1196/25 1767/1200/25 4156/1200/25 4157/1196/25
f 2028/1650/26 2027/1651/26 4416/1651/26 4417/1650/26
f 902/435/27 901/359/27 3290/359/27 3291/435/27
f 50/2/28 49/1/28 2438/1/28 2439/2/28
f 563/687/29 562/686/29 2951/686/29 2952/687/29
f 1952/1203/30 1951/1207/30 4340/1207/30 4341/1203/30
f 894/343/31 893/341/31 3282/341/31 3283/343/31
f 2020/1662/32 2019/1664/32 4408/1664/32 4409/1662/32
f 58/17/33 57/15/33 2446/15/33 2447/17/33
f 571/237/34 570/697/34 2959/697/34 2960/237/34
f 854/148/35 853/147/35 3242/147/35 3243/148/35
f 42/16/36 41/18/36 2430/18/36 2431/16/36
f 587/700/37 586/705/37 2975/705/37 2976/700/37
f 1864/1218/38 1863/1213/38 4252/1213/38 4253/1218/38
f 2212/1669/39 2211/1666/39 4600/1666/39 4601/1669/39
f 910/422/40 909/424/40 3298/424/40 3299/422/40
f 1960/1220/41 1959/1216/41 4348/1216/41 4349/1220/41
f 2012/1674/42 2011/1676/42 4400/1676/42 4401/1674/42
f 886/320/43 885/317/43 3274/317/43 3275/320/43
f 579/707/44 578/706/44 2967/706/44 2968/707/44
f 1760/1221/45 1759/1224/45 4148/1224/45 4149/1221/45
f 66/32/46 65/30/46 2454/30/46 2455/32/46
f 843/168/47 842/170/47 3231/170/47 3232/168/47
f 838/182/48 837/185/48 3226/185/48 3227/182/48
f 34/33/49 33/35/49 2422/35/49 2423/33/49
f 851/152/50 850/154/50 3239/154/50 3240/152/50
f 2004/1687/51 2003/1689/51 4392/1689/51 4393/1687/51
f 899/355/52 898/353/52 3287/353/52 3288/355/52
f 1944/1236/53 1943/1241/53 4332/1241/53 4333/1236/53
f 1752/1246/54 1751/1247/54 4140/1247/54 4141/1246/54
f 2220/1691/55 2219/1688/55 4608/1688/55 4609/1691/55
f 878/244/56 877/236/56 3266/236/56 3267/244/56
f 74/48/57 73/46/57 2462/46/57 2463/48/57
f 907/428/58 906/430/58 3295/430/58 3296/428/58
f 1996/1699/59 1995/1701/59 4384/1701/59 4385/1699/59
f 26/49/60 25/50/60 2414/50/60 2415/49/60
f 891/335/61 890/332/61 3279/332/61 3280/335/61
f 1988/1712/62 1987/1713/62 4376/1713/62 4377/1712/62
f 918/406/63 917/408/63 3306/408/63 3307/406/63
f 862/163/64 861/161/64 3250/161/64 3251/163/64
f 18/58/65 17/59/65 2406/59/65 2407/58/65
f 883/293/66 882/283/66 3271/283/66 3272/293/66
f 1872/1254/67 1871/1249/67 4260/1249/67 4261/1254/67
f 830/245/68 829/253/68 3218/253/68 3219/245/68
f 1968/1257/69 1967/1252/69 4356/1252/69 4357/1257/69
f 2228/1714/70 2227/1711/70 4616/1711/70 4617/1714/70
f 10/66/71 9/67/71 2398/67/71 2399/66/71
f 1976/1259/72 1975/1260/72 4364/1260/72 4365/1259/72
f 1980/1723/73 1979/1725/73 4368/1725/73 4369/1723/73
f 835/190/74 834/195/74 3223/195/74 3224/190/74
f 1936/1273/75 1935/1275/75 4324/1275/75 4325/1273/75
f 870/181/76 869/179/76 3258/179/76 3259/181/76
f 2/76/77 1/77/77 2390/77/77 2391/76/77
f 2236/1730/78 2235/1729/78 4624/1729/78 4625/1730/78
f 1/77/79 146/78/79 2535/78/79 2390/77/79
f 915/412/80 914/414/80 3303/414/80 3304/412/80
f 53/7/81 52/5/81 2441/5/81 2442/7/81
f 146/78/82 145/79/82 2534/79/82 2535/78/82
f 1880/1280/83 1879/1278/83 4268/1278/83 4269/1280/83
f 45/10/84 44/12/84 2433/12/84 2434/10/84
f 926/390/85 925/392/85 3314/392/85 3315/390/85
f 138/86/86 137/87/86 2526/87/86 2527/86/86
f 859/157/87 858/155/87 3247/155/87 3248/157/87
f 1928/1288/88 1927/1289/88 4316/1289/88 4317/1288/88
f 822/321/89 821/324/89 3210/324/89 3211/321/89
f 130/94/90 129/95/90 2518/95/90 2519/94/90
f 875/215/91 874/194/91 3263/194/91 3264/215/91
f 122/102/92 121/103/92 2510/103/92 2511/102/92
f 61/23/93 60/21/93 2449/21/93 2450/23/93
f 1014/280/94 1013/282/94 3402/282/94 3403/280/94
f 114/110/95 113/111/95 2502/111/95 2503/110/95
f 1888/1294/96 1887/1292/96 4276/1292/96 4277/1294/96
f 37/26/97 36/29/97 2425/29/97 2426/26/97
f 1006/302/98 1005/304/98 3394/304/98 3395/302/98
f 106/118/99 105/119/99 2494/119/99 2495/118/99
f 867/173/100 866/171/100 3255/171/100 3256/173/100
f 1920/1302/101 1919/1304/101 4308/1304/101 4309/1302/101
f 1022/258/102 1021/260/102 3410/260/102 3411/258/102
f 98/126/103 97/127/103 2486/127/103 2487/126/103
f 90/134/104 89/135/104 2478/135/104 2479/134/104
f 827/273/105 826/284/105 3215/284/105 3216/273/105
f 69/38/106 68/36/106 2457/36/106 2458/38/106
f 82/142/107 81/143/107 2470/143/107 2471/142/107
f 1896/1311/108 1895/1309/108 4284/1309/108 4285/1311/108
f 29/43/109 28/45/109 2417/45/109 2418/43/109
f 814/342/110 813/344/110 3202/344/110 3203/342/110
f 266/152/111 265/154/111 2654/154/111 2655/152/111
f 1912/1318/112 1911/1320/112 4300/1320/112 4301/1318/112
f 923/396/113 922/398/113 3311/398/113 3312/396/113
f 21/55/114 20/56/114 2409/56/114 2410/55/114
f 274/157/115 273/155/115 2662/155/115 2663/157/115
f 819/329/116 818/333/116 3207/333/116 3208/329/116
f 1904/1327/117 1903/1325/117 4292/1325/117 4293/1327/117
f 258/168/118 257/170/118 2646/170/118 2647/168/118
f 2344/1337/119 2343/1334/119 4732/1334/119 4733/1337/119
f 13/63/120 12/64/120 2401/64/120 2402/63/120
f 1030/235/121 1029/239/121 3418/239/121 3419/235/121
f 2336/1338/122 2335/1340/122 4724/1340/122 4725/1338/122
f 934/374/123 933/376/123 3322/376/123 3323/374/123
f 5/71/124 4/73/124 2393/73/124 2394/71/124
f 998/429/125 997/427/125 3386/427/125 3387/429/125
f 282/173/126 281/171/126 2670/171/126 2671/173/126
f 931/380/127 930/382/127 3319/382/127 3320/380/127
f 2328/1351/128 2327/1352/128 4716/1352/128 4717/1351/128
f 1038/213/129 1037/217/129 3426/217/129 3427/213/129
f 1011/290/130 1010/292/130 3399/292/130 3400/290/130
f 806/360/131 805/508/131 3194/508/131 3195/360/131
f 250/190/132 249/195/132 2638/195/132 2639/190/132
f 1019/267/133 1018/269/133 3407/269/133 3408/267/133
f 77/75/134 76/72/134 2465/72/134 2466/75/134
f 1027/243/135 1026/247/135 3415/247/135 3416/243/135
f 2352/1357/136 2351/1355/136 4740/1355/136 4741/1357/136
f 141/83/137 140/84/137 2529/84/137 2530/83/137
f 1003/309/138 1002/313/138 3391/313/138 3392/309/138
f 2320/1365/139 2319/1367/139 4708/1367/139 4709/1365/139
f 133/91/140 132/92/140 2521/92/140 2522/91/140
f 1046/196/141 1045/198/141 3434/198/141 3435/196/141
f 811/350/142 810/352/142 3199/352/142 3200/350/142
f 125/99/143 124/100/143 2513/100/143 2514/99/143
f 990/413/144 989/411/144 3378/411/144 3379/413/144
f 117/107/145 116/108/145 2505/108/145 2506/107/145
f 798/496/146 797/494/146 3186/494/146 3187/496/146
f 2360/1374/147 2359/1373/147 4748/1373/147 4749/1374/147
f 109/115/148 108/116/148 2497/116/148 2498/115/148
f 466/199/149 465/197/149 2854/197/149 2855/199/149
f 1035/222/150 1034/224/150 3423/224/150 3424/222/150
f 2368/1382/151 2367/1381/151 4756/1381/151 4757/1382/151
f 101/123/152 100/124/152 2489/124/152 2490/123/152
f 995/423/153 994/421/153 3383/421/153 3384/423/153
f 2376/1390/154 2375/1389/154 4764/1389/154 4765/1390/154
f 93/131/155 92/132/155 2481/132/155 2482/131/155
f 1054/205/156 1053/203/156 3442/203/156 3443/205/156
f 1043/202/157 1042/204/157 3431/204/157 3432/202/157
f 2384/1398/158 2383/1397/158 4772/1397/158 4773/1398/158
f 85/139/159 84/140/159 2473/140/159 2474/139/159
f 803/506/160 802/504/160 3191/504/160 3192/506/160
f 2312/1406/161 2311/1407/161 4700/1407/161 4701/1406/161
f 269/148/162 268/147/162 2657/147/162 2658/148/162
f 790/479/163 789/477/163 3178/477/163 3179/479/163
f 458/202/164 457/204/164 2846/204/164 2847/202/164
f 2304/1414/165 2303/1415/165 4692/1415/165 4693/1414/165
f 277/163/166 276/161/166 2665/161/166 2666/163/166
f 261/162/167 260/164/167 2649/164/167 2650/162/167
f 782/463/168 781/461/168 3170/461/168 3171/463/168
f 2296/1422/169 2295/1423/169 4684/1423/169 4685/1422/169
f 774/447/170 773/445/170 3162/445/170 3163/447/170
f 939/365/171 938/367/171 3327/367/171 3328/365/171
f 2288/1430/172 2287/1431/172 4676/1431/172 4677/1430/172
f 285/181/173 284/179/173 2673/179/173 2674/181/173
f 1051/199/174 1050/197/174 3439/197/174 3440/199/174
f 253/182/175 252/185/175 2641/185/175 2642/182/175
f 795/490/176 794/488/176 3183/488/176 3184/490/176
f 2280/1438/177 2279/1439/177 4668/1439/177 4669/1438/177
f 942/346/178 941/361/178 3330/361/178 3331/346/178
f 370/210/179 369/188/179 2758/188/179 2759/210/179
f 982/397/180 981/395/180 3370/395/180 3371/397/180
f 2272/1446/181 2271/1447/181 4660/1447/181 4661/1446/181
f 461/196/182 460/198/182 2849/198/182 2850/196/182
f 1062/223/183 1061/221/183 3450/221/183 3451/223/183
f 469/205/184 468/203/184 2857/203/184 2858/205/184
f 987/407/185 986/405/185 3375/405/185 3376/407/185
f 2264/1454/186 2263/1455/186 4652/1455/186 4653/1454/186
f 453/213/187 452/217/187 2841/217/187 2842/213/187
f 974/381/188 973/379/188 3362/379/188 3363/381/188
f 787/473/189 786/471/189 3175/471/189 3176/473/189
f 477/223/190 476/221/190 2865/221/190 2866/223/190
f 290/215/191 289/194/191 2678/194/191 2679/215/191
f 2256/1462/192 2255/1463/192 4644/1463/192 4645/1462/192
f 950/176/193 949/270/193 3338/270/193 3339/176/193
f 474/218/194 473/214/194 2862/214/194 2863/218/194
f 779/457/195 778/455/195 3167/455/195 3168/457/195
f 445/235/196 444/239/196 2833/239/196 2834/235/196
f 766/440/197 765/442/197 3154/442/197 3155/440/197
f 450/222/198 449/224/198 2838/224/198 2839/222/198
f 2248/1469/199 2247/1470/199 4636/1470/199 4637/1469/199
f 482/238/200 481/234/200 2870/234/200 2871/238/200
f 771/441/201 770/438/201 3159/438/201 3160/441/201
f 442/243/202 441/247/202 2830/247/202 2831/243/202
f 2160/1475/203 2159/1474/203 4548/1474/203 4549/1475/203
f 966/364/204 965/362/204 3354/362/204 3355/364/204
f 490/259/205 489/257/205 2878/257/205 2879/259/205
f 1059/218/206 1058/214/206 3447/214/206 3448/218/206
f 293/244/207 292/236/207 2681/236/207 2682/244/207
f 1070/246/208 1069/242/208 3458/242/208 3459/246/208
f 434/267/209 433/269/209 2822/269/209 2823/267/209
f 485/246/210 484/242/210 2873/242/210 2874/246/210
f 498/281/211 497/279/211 2886/279/211 2887/281/211
f 979/391/212 978/389/212 3367/389/212 3368/391/212
f 2168/1489/213 2167/1487/213 4556/1487/213 4557/1489/213
f 245/245/214 244/253/214 2633/253/214 2634/245/214
f 958/265/215 957/248/215 3346/248/215 3347/265/215
f 2152/1490/216 2151/1492/216 4540/1492/216 4541/1490/216
f 242/273/217 241/284/217 2630/284/217 2631/273/217
f 758/456/218 757/458/218 3146/458/218 3147/456/218
f 947/307/219 946/319/219 3335/319/219 3336/307/219
f 971/375/220 970/373/220 3359/373/220 3360/375/220
f 2176/1506/221 2175/1504/221 4564/1504/221 4565/1506/221
f 1078/268/222 1077/266/222 3466/266/222 3467/268/222
f 1067/238/223 1066/234/223 3455/234/223 3456/238/223
f 2144/1505/224 2143/1507/224 4532/1507/224 4533/1505/224
f 437/258/225 436/260/225 2825/260/225 2826/258/225
f 750/472/226 749/474/226 3138/474/226 3139/472/226
f 2136/1518/227 2135/1519/227 4524/1519/227 4525/1518/227
f 373/265/228 372/248/228 2761/248/228 2762/265/228
f 763/446/229 762/448/229 3151/448/229 3152/446/229
f 493/268/230 492/266/230 2881/266/230 2882/268/230
f 426/290/231 425/292/231 2814/292/231 2815/290/231
f 1086/291/232 1085/289/232 3474/289/232 3475/291/232
f 365/176/233 364/270/233 2753/270/233 2754/176/233
f 742/487/234 741/489/234 3130/489/234 3131/487/234
f 2184/1528/235 2183/1525/235 4572/1525/235 4573/1528/235
f 298/293/236 297/283/236 2686/283/236 2687/293/236
f 955/210/237 954/188/237 3343/188/237 3344/210/237
f 2128/1530/238 2127/1532/238 4516/1532/238 4517/1530/238
f 429/280/239 428/282/239 2817/282/239 2818/280/239
f 506/303/240 505/301/240 2894/301/240 2895/303/240
f 418/309/241 417/313/241 2806/313/241 2807/309/241
f 1094/312/242 1093/308/242 3482/308/242 3483/312/242
f 963/338/243 962/330/243 3351/330/243 3352/338/243
f 2120/1541/244 2119/1542/244 4508/1542/244 4509/1541/244
f 501/291/245 500/289/245 2889/289/245 2890/291/245
f 362/307/246 361/319/246 2750/319/246 2751/307/246
f 1075/259/247 1074/257/247 3463/257/247 3464/259/247
f 421/302/248 420/304/248 2809/304/248 2810/302/248
f 734/503/249 733/505/249 3122/505/249 3123/503/249
f 755/462/250 754/464/250 3143/464/250 3144/462/250
f 2112/1548/251 2111/1549/251 4500/1549/251 4501/1548/251
f 509/312/252 508/308/252 2897/308/252 2898/312/252
f 1502/724/253 1501/723/253 3890/723/253 3891/724/253
f 301/320/254 300/317/254 2689/317/254 2690/320/254
f 234/329/255 233/333/255 2622/333/255 2623/329/255
f 1446/725/256 1445/721/256 3834/721/256 3835/725/256
f 2104/1556/257 2103/1557/257 4492/1557/257 4493/1556/257
f 237/321/258 236/324/258 2625/324/258 2626/321/258
f 1438/714/259 1437/736/259 3826/736/259 3827/714/259
f 306/335/260 305/332/260 2694/332/260 2695/335/260
f 1083/281/261 1082/279/261 3471/279/261 3472/281/261
f 2096/1565/262 2095/1566/262 4484/1566/262 4485/1565/262
f 378/338/263 377/330/263 2766/330/263 2767/338/263
f 747/478/264 746/480/264 3135/480/264 3136/478/264
f 309/343/265 308/341/265 2697/341/265 2698/343/265
f 226/350/266 225/352/266 2614/352/266 2615/350/266
f 1510/742/267 1509/738/267 3898/738/267 3899/742/267
f 229/342/268 228/344/268 2617/344/268 2618/342/268
f 1454/744/269 1453/741/269 3842/741/269 3843/744/269
f 2088/1576/270 2087/1577/270 4476/1577/270 4477/1576/270
f 1430/754/271 1429/758/271 3818/758/271 3819/754/271
f 314/355/272 313/353/272 2702/353/272 2703/355/272
f 1091/303/273 1090/301/273 3479/301/273 3480/303/273
f 2192/1579/274 2191/1575/274 4580/1575/274 4581/1579/274
f 357/346/275 356/361/275 2745/361/275 2746/346/275
f 354/365/276 353/367/276 2742/367/276 2743/365/276
f 1494/755/277 1493/759/277 3882/759/277 3883/755/277
f 739/493/278 738/495/278 3127/495/278 3128/493/278
f 2080/1586/279 2079/1587/279 4468/1587/279 4469/1586/279
f 1443/719/280 1442/718/280 3831/718/280 3832/719/280
f 1507/733/281 1506/731/281 3895/731/281 3896/733/281
f 381/364/282 380/362/282 2769/362/282 2770/364/282
f 386/375/283 385/373/283 2774/373/283 2775/375/283
f 1451/734/284 1450/732/284 3839/732/284 3840/734/284
f 2072/1596/285 2071/1597/285 4460/1597/285 4461/1596/285
f 349/374/286 348/376/286 2737/376/286 2738/374/286
f 346/380/287 345/382/287 2734/382/287 2735/380/287
f 1462/773/288 1461/769/288 3850/769/288 3851/773/288
f 1499/254/289 1498/743/289 3887/743/289 3888/254/289
f 1518/781/290 1517/776/290 3906/776/290 3907/781/290
f 2064/1605/291 2063/1606/291 4452/1606/291 4453/1605/291
f 1422/782/292 1421/300/292 3810/300/292 3811/782/292
f 1435/740/293 1434/269/293 3823/269/293 3824/740/293
f 389/381/294 388/379/294 2777/379/294 2778/381/294
f 394/391/295 393/389/295 2782/389/295 2783/391/295
f 1486/223/296 1485/787/296 3874/787/296 3875/223/296
f 2056/1613/297 2055/1614/297 4444/1614/297 4445/1613/297
f 341/390/298 340/392/298 2729/392/298 2730/390/298
f 338/396/299 337/398/299 2726/398/299 2727/396/299
f 1459/764/300 1458/760/300 3847/760/300 3848/764/300
f 2048/1622/301 2047/1624/301 4436/1624/301 4437/1622/301
f 1414/801/302 1413/803/302 3802/803/302 3803/801/302
f 1515/766/303 1514/761/303 3903/761/303 3904/766/303
f 397/397/304 396/395/304 2785/395/304 2786/397/304
f 402/407/305 401/405/305 2790/405/305 2791/407/305
f 1478/808/306 1477/811/306 3866/811/306 3867/808/306
f 1427/765/307 1426/768/307 3815/768/307 3816/765/307
f 2200/1632/308 2199/1628/308 4588/1628/308 4589/1632/308
f 333/406/309 332/408/309 2721/408/309 2722/406/309
f 330/412/310 329/414/310 2718/414/310 2719/412/310
f 1406/814/311 1405/816/311 3794/816/311 3795/814/311
f 2040/1633/312 2039/1634/312 4428/1634/312 4429/1633/312
f 1470/822/313 1469/823/313 3858/823/313 3859/822/313
f 1126/833/314 1125/832/314 3514/832/314 3515/833/314
f 1491/767/315 1490/770/315 3879/770/315 3880/767/315
f 2032/1644/316 2031/1645/316 4420/1645/316 4421/1644/316
f 405/413/317 404/411/317 2793/411/317 2794/413/317
f 410/423/318 409/421/318 2798/421/318 2799/423/318
f 1134/841/319 1133/840/319 3522/840/319 3523/841/319
f 325/422/320 324/424/320 2713/424/320 2714/422/320
f 322/428/321 321/430/321 2710/430/321 2711/428/321
f 1142/848/322 1141/847/322 3530/847/322 3531/848/322
f 1150/855/323 1149/854/323 3538/854/323 3539/855/323
f 2024/1656/324 2023/1657/324 4412/1657/324 4413/1656/324
f 1118/862/325 1117/865/325 3506/865/325 3507/862/325
f 1402/780/326 1463/777/326 3852/777/326 3791/780/326
f 1415/799/327 1414/801/327 3803/801/327 3804/799/327
f 413/429/328 412/427/328 2801/427/328 2802/429/328
f 186/441/329 185/438/329 2574/438/329 2575/441/329
f 1479/806/330 1478/808/330 3867/808/330 3868/806/330
f 181/440/331 180/442/331 2569/442/331 2570/440/331
f 178/446/332 177/448/332 2566/448/332 2567/446/332
f 1110/872/333 1109/485/333 3498/485/333 3499/872/333
f 1407/813/334 1406/814/334 3795/814/334 3796/813/334
f 2208/1658/335 2207/1655/335 4596/1655/335 4597/1658/335
f 1471/821/336 1470/822/336 3859/822/336 3860/821/336
f 2016/1668/337 2015/1670/337 4404/1670/337 4405/1668/337
f 1102/879/338 1101/880/338 3490/880/338 3491/879/338
f 1127/834/339 1126/833/339 3515/833/339 3516/834/339
f 189/447/340 188/445/340 2577/445/340 2578/447/340
f 194/457/341 193/455/341 2582/455/341 2583/457/341
f 1419/788/342 1418/791/342 3807/791/342 3808/788/342
f 1135/442/343 1134/841/343 3523/841/343 3524/442/343
f 2216/1680/344 2215/1677/344 4604/1677/344 4605/1680/344
f 173/456/345 172/458/345 2561/458/345 2562/456/345
f 170/462/346 169/464/346 2558/464/346 2559/462/346
f 1198/889/347 1197/888/347 3586/888/347 3587/889/347
f 1143/849/348 1142/848/348 3531/848/348 3532/849/348
f 2008/1681/349 2007/1682/349 4396/1682/349 4397/1681/349
f 1206/896/350 1205/895/350 3594/895/350 3595/896/350
f 1151/856/351 1150/855/351 3539/855/351 3540/856/351
f 1214/903/352 1213/237/352 3602/237/352 3603/903/352
f 1523/795/353 1522/792/353 3911/792/353 3912/795/353
f 1119/860/354 1118/862/354 3507/862/354 3508/860/354
f 197/463/355 196/461/355 2585/461/355 2586/463/355
f 202/473/356 201/471/356 2590/471/356 2591/473/356
f 1222/914/357 1221/913/357 3610/913/357 3611/914/357
f 2000/1693/358 1999/1695/358 4388/1695/358 4389/1693/358
f 165/472/359 164/474/359 2553/474/359 2554/472/359
f 162/478/360 161/480/360 2550/480/360 2551/478/360
f 1230/923/361 1229/922/361 3618/922/361 3619/923/361
f 1483/794/362 1482/797/362 3871/797/362 3872/794/362
f 1398/920/363 1397/924/363 3786/924/363 3787/920/363
f 2224/1703/364 2223/1700/364 4612/1700/364 4613/1703/364
f 1190/929/365 1189/930/365 3578/930/365 3579/929/365
f 1111/871/366 1110/872/366 3499/872/366 3500/871/366
f 1992/1706/367 1991/1707/367 4380/1707/367 4381/1706/367
f 205/479/368 204/477/368 2593/477/368 2594/479/368
f 210/490/369 209/488/369 2598/488/369 2599/490/369
f 157/487/370 156/489/370 2545/489/370 2546/487/370
f 154/493/371 153/495/371 2542/495/371 2543/493/371
f 1182/936/372 1181/937/372 3570/937/372 3571/936/372
f 1103/878/373 1102/879/373 3491/879/373 3492/878/373
f 1984/1717/374 1983/1719/374 4372/1719/374 4373/1717/374
f 1174/496/375 1173/944/375 3562/944/375 3563/496/375
f 1199/890/376 1198/889/376 3587/889/376 3588/890/376
f 213/496/377 212/494/377 2601/494/377 2602/496/377
f 218/506/378 217/504/378 2606/504/378 2607/506/378
f 1207/897/379 1206/896/379 3595/896/379 3596/897/379
f 2232/1726/380 2231/1724/380 4620/1724/380 4621/1726/380
f 149/503/381 148/505/381 2537/505/381 2538/503/381
f 538/512/382 537/511/382 2926/511/382 2927/512/382
f 1166/951/383 1165/952/383 3554/952/383 3555/951/383
f 1411/807/384 1410/809/384 3799/809/384 3800/807/384
f 1215/904/385 1214/903/385 3603/903/385 3604/904/385
f 2240/1734/386 2239/1733/386 4628/1733/386 4629/1734/386
f 546/520/387 545/519/387 2934/519/387 2935/520/387
f 1223/915/388 1222/914/388 3611/914/388 3612/915/388
f 49/1/389 48/4/389 2437/4/389 2438/1/389
f 554/530/390 553/527/390 2942/527/390 2943/530/390
f 1390/964/391 1389/965/391 3778/965/391 3779/964/391
f 1399/916/392 1398/920/392 3787/920/392 3788/916/392
f 541/515/393 540/514/393 2929/514/393 2930/515/393
f 530/531/394 529/532/394 2918/532/394 2919/531/394
f 1231/925/395 1230/923/395 3619/923/395 3620/925/395
f 549/523/7 548/522/7 2937/522/7 2938/523/7
f 1191/928/396 1190/929/396 3579/929/396 3580/928/396
f 57/15/397 56/13/397 2445/13/397 2446/15/397
f 533/528/11 532/529/11 2921/529/11 2922/528/11
f 1238/977/398 1237/975/398 3626/975/398 3627/977/398
f 41/18/399 40/20/399 2429/20/399 2430/18/399
f 522/544/400 521/545/400 2910/545/400 2911/544/400
f 1382/381/401 1381/978/401 3770/978/401 3771/381/401
f 1183/935/402 1182/936/402 3571/936/402 3572/935/402
f 557/535/15 556/533/15 2945/533/15 2946/535/15
f 514/552/403 513/553/403 2902/553/403 2903/552/403
f 1374/990/404 1373/992/404 3762/992/404 3763/990/404
f 1475/815/405 1474/818/405 3863/818/405 3864/815/405
f 1175/943/406 1174/496/406 3563/496/406 3564/943/406
f 65/30/407 64/28/407 2453/28/407 2454/30/407
f 525/539/18 524/541/18 2913/541/18 2914/539/18
f 1403/819/408 1402/780/408 3791/780/408 3792/819/408
f 33/35/409 32/37/409 2421/37/409 2422/35/409
f 682/556/410 681/555/410 3070/555/410 3071/556/410
f 1467/825/411 1466/826/411 3855/826/411 3856/825/411
f 1167/950/412 1166/951/412 3555/951/412 3556/950/412
f 1246/994/413 1245/991/413 3634/991/413 3635/994/413
f 1123/830/414 1122/464/414 3511/464/414 3512/830/414
f 517/549/415 516/550/415 2905/550/415 2906/549/415
f 674/564/416 673/567/416 3062/567/416 3063/564/416
f 1318/996/417 1317/404/417 3706/404/417 3707/996/417
f 1131/838/418 1130/837/418 3519/837/418 3520/838/418
f 1159/957/419 1158/958/419 3547/958/419 3548/957/419
f 73/46/420 72/44/420 2461/44/420 2462/46/420
f 1366/1007/421 1365/1010/421 3754/1010/421 3755/1007/421
f 1139/845/422 1138/844/422 3527/844/422 3528/845/422
f 1158/958/423 1231/925/423 3620/925/423 3547/958/423
f 25/50/424 24/52/424 2413/52/424 2414/50/424
f 677/561/425 676/562/425 3065/562/425 3066/561/425
f 1326/1019/179 1325/1017/179 3714/1017/179 3715/1019/179
f 1147/853/426 1146/852/426 3535/852/426 3536/853/426
f 1391/963/427 1390/964/427 3779/964/427 3780/963/427
f 1155/861/428 1154/859/428 3543/859/428 3544/861/428
f 17/59/429 16/60/429 2405/60/429 2406/59/429
f 685/566/430 684/565/430 3073/565/430 3074/566/430
f 690/572/431 689/571/431 3078/571/431 3079/572/431
f 1115/867/432 1114/868/432 3503/868/432 3504/867/432
f 1383/976/433 1382/381/433 3771/381/433 3772/976/433
f 669/574/434 668/576/434 3057/576/434 3058/574/434
f 666/581/435 665/583/435 3054/583/435 3055/581/435
f 9/67/436 8/68/436 2397/68/436 2398/67/436
f 1254/1025/437 1253/1021/437 3642/1021/437 3643/1025/437
f 1107/874/438 1106/875/438 3495/875/438 3496/874/438
f 1239/147/439 1238/977/439 3627/977/439 3628/147/439
f 1358/1026/440 1357/1028/440 3746/1028/440 3747/1026/440
f 1375/988/441 1374/990/441 3763/990/441 3764/988/441
f 145/79/442 144/80/442 2533/80/442 2534/79/442
f 693/577/443 692/575/443 3081/575/443 3082/577/443
f 698/586/444 697/584/444 3086/584/444 3087/586/444
f 1334/1041/445 1333/1039/445 3722/1039/445 3723/1041/445
f 1099/882/446 1098/883/446 3487/883/446 3488/882/446
f 137/87/447 136/88/447 2525/88/447 2526/87/447
f 658/597/448 657/599/448 3046/599/448 3047/597/448
f 1350/1042/449 1349/1045/449 3738/1045/449 3739/1042/449
f 129/95/450 128/96/450 2517/96/450 2518/95/450
f 701/592/451 700/590/451 3089/590/451 3090/592/451
f 1342/1058/452 1341/1059/452 3730/1059/452 3731/1058/452
f 1195/886/453 1194/885/453 3583/885/453 3584/886/453
f 1247/998/454 1246/994/454 3635/994/454 3636/998/454
f 121/103/455 120/104/455 2509/104/455 2510/103/455
f 661/591/456 660/593/456 3049/593/456 3050/591/456
f 1319/999/457 1318/996/457 3707/996/457 3708/999/457
f 113/111/458 112/112/458 2501/112/458 2502/111/458
f 706/604/459 705/600/459 3094/600/459 3095/604/459
f 1262/1065/460 1261/1064/460 3650/1064/460 3651/1065/460
f 1367/1006/461 1366/1007/461 3755/1007/461 3756/1006/461
f 105/119/462 104/120/462 2493/120/462 2494/119/462
f 602/612/463 601/609/463 2990/609/463 2991/612/463
f 1310/1066/464 1309/1069/464 3698/1069/464 3699/1066/464
f 1327/1023/465 1326/1019/465 3715/1019/465 3716/1023/465
f 97/127/466 96/128/466 2485/128/466 2486/127/466
f 653/610/467 652/613/467 3041/613/467 3042/610/467
f 650/616/468 649/619/468 3038/619/468 3039/616/468
f 89/135/469 88/136/469 2477/136/469 2478/135/469
f 1359/1024/470 1358/1026/470 3747/1026/470 3748/1024/470
f 81/143/471 80/144/471 2469/144/471 2470/143/471
f 714/634/472 713/630/472 3102/630/472 3103/634/472
f 1270/1077/473 1269/1075/473 3658/1075/473 3659/1077/473
f 273/155/474 272/153/474 2661/153/474 2662/155/474
f 709/614/475 708/611/475 3097/611/475 3098/614/475
f 610/635/476 609/632/476 2998/632/476 2999/635/476
f 265/154/477 264/156/477 2653/156/477 2654/154/477
f 605/620/478 604/618/478 2993/618/478 2994/620/478
f 642/633/479 641/636/479 3030/636/479 3031/633/479
f 1278/320/480 1277/1087/480 3666/1087/480 3667/320/480
f 645/627/481 644/628/481 3033/628/481 3034/627/481
f 1302/1086/482 1301/1088/482 3690/1088/482 3691/1086/482
f 1203/893/483 1202/892/483 3591/892/483 3592/893/483
f 1255/1031/484 1254/1025/484 3643/1025/484 3644/1031/484
f 634/648/485 633/650/485 3022/650/485 3023/648/485
f 1351/1040/486 1350/1042/486 3739/1042/486 3740/1040/486
f 281/171/487 280/169/487 2669/169/487 2670/171/487
f 597/602/488 596/629/488 2985/629/488 2986/602/488
f 1335/1046/489 1334/1041/489 3723/1041/489 3724/1046/489
f 257/170/490 256/172/490 2645/172/490 2646/170/490
f 618/657/491 617/655/491 3006/655/491 3007/657/491
f 1286/1101/492 1285/1099/492 3674/1099/492 3675/1101/492
f 1343/361/493 1342/1058/493 3731/1058/493 3732/361/493
f 626/662/494 625/664/494 3014/664/494 3015/662/494
f 1294/1105/495 1293/1108/495 3682/1108/495 3683/1105/495
f 1558/517/496 1557/516/496 3946/516/496 3947/517/496
f 1311/1063/497 1310/1066/497 3699/1066/497 3700/1063/497
f 722/674/498 721/673/498 3110/673/498 3111/674/498
f 1566/496/499 1565/524/499 3954/524/499 3955/496/499
f 369/188/500 368/183/500 2757/183/500 2758/188/500
f 594/672/501 593/677/501 2982/677/501 2983/672/501
f 1550/509/502 1549/526/502 3938/526/502 3939/509/502
f 1263/1067/503 1262/1065/503 3651/1065/503 3652/1067/503
f 1211/901/504 1210/900/504 3599/900/504 3600/901/504
f 1271/1078/505 1270/1077/505 3659/1077/505 3660/1078/505
f 289/194/506 288/189/506 2677/189/506 2678/194/506
f 1542/536/507 1541/538/507 3930/538/507 3931/536/507
f 1303/1083/508 1302/1086/508 3691/1086/508 3692/1083/508
f 465/197/509 464/192/509 2853/192/509 2854/197/509
f 613/643/510 612/640/510 3001/640/510 3002/643/510
f 457/204/511 456/206/511 2845/206/511 2846/204/511
f 637/642/512 636/644/512 3025/644/512 3026/642/512
f 730/684/513 729/683/513 3118/683/513 3119/684/513
f 1574/540/514 1573/537/514 3962/537/514 3963/540/514
f 473/214/515 472/212/515 2861/212/515 2862/214/515
f 1534/547/516 1533/548/516 3922/548/516 3923/547/516
f 1279/1089/517 1278/320/517 3667/320/517 3668/1089/517
f 249/195/518 248/216/518 2637/216/518 2638/195/518
f 561/685/519 731/78/519 3120/78/519 2950/685/519
f 562/686/520 561/685/520 2950/685/520 2951/686/520
f 1694/559/521 1693/560/521 4082/560/521 4083/559/521
f 1287/1102/522 1286/1101/522 3675/1101/522 3676/1102/522
f 1295/1103/523 1294/1105/523 3683/1105/523 3684/1103/523
f 1702/107/524 1701/568/524 4090/568/524 4091/107/524
f 1551/510/525 1550/509/525 3939/509/525 3940/510/525
f 717/654/526 716/645/526 3105/645/526 3106/654/526
f 570/697/527 569/695/527 2958/695/527 2959/697/527
f 1686/425/528 1685/573/528 4074/573/528 4075/425/528
f 1219/908/529 1218/907/529 3607/907/529 3608/908/529
f 629/658/530 628/659/530 3017/659/530 3018/658/530
f 449/224/531 448/226/531 2837/226/531 2838/224/531
f 621/665/532 620/663/532 3009/663/532 3010/665/532
f 578/706/533 577/704/533 2966/704/533 2967/706/533
f 1710/580/534 1709/578/534 4098/578/534 4099/580/534
f 481/234/535 480/232/535 2869/232/535 2870/234/535
f 725/678/536 724/676/536 3113/676/536 3114/678/536
f 586/705/537 585/710/537 2974/710/537 2975/705/537
f 1678/587/538 1677/589/538 4066/589/538 4067/587/538
f 441/247/539 440/250/539 2829/250/539 2830/247/539
f 842/170/540 841/172/540 3230/172/540 3231/170/540
f 489/257/541 488/254/541 2877/254/541 2878/257/541
f 565/690/542 564/689/542 2953/689/542 2954/690/542
f 433/269/543 432/272/543 2821/272/543 2822/269/543
f 589/692/544 588/696/544 2977/696/544 2978/692/544
f 1718/596/545 1717/594/545 4106/594/545 4107/596/545
f 1614/19/546 1613/603/546 4002/603/546 4003/19/546
f 1559/518/547 1558/517/547 3947/517/547 3948/518/547
f 573/699/548 572/698/548 2961/698/548 2962/699/548
f 1670/605/549 1669/607/549 4058/607/549 4059/605/549
f 1227/919/550 1226/170/550 3615/170/550 3616/919/550
f 497/279/551 496/277/551 2885/277/551 2886/279/551
f 581/709/552 580/708/552 2969/708/552 2970/709/552
f 845/164/553 844/166/553 3233/166/553 3234/164/553
f 1726/223/554 1725/617/554 4114/617/554 4115/223/554
f 901/359/555 900/357/555 3289/357/555 3290/359/555
f 1662/622/556 1661/624/556 4050/624/556 4051/622/556
f 297/283/557 296/274/557 2685/274/557 2686/283/557
f 850/154/558 849/156/558 3238/156/558 3239/154/558
f 1187/354/559 1186/932/559 3575/932/559 3576/354/559
f 241/284/560 240/294/560 2629/294/560 2630/284/560
f 893/341/561 892/337/561 3281/337/561 3282/341/561
f 1622/626/562 1621/623/562 4010/623/562 4011/626/562
f 1179/939/563 1178/940/563 3567/940/563 3568/939/563
f 898/353/564 897/351/564 3286/351/564 3287/353/564
f 1654/638/565 1653/641/565 4042/641/565 4043/638/565
f 1567/525/566 1566/496/566 3955/496/566 3956/525/566
f 425/292/567 424/296/567 2813/296/567 2814/292/567
f 853/147/568 852/150/568 3241/150/568 3242/147/568
f 1171/946/569 1170/947/569 3559/947/569 3560/946/569
f 1543/534/570 1542/536/570 3931/536/570 3932/534/570
f 909/424/571 908/426/571 3297/426/571 3298/424/571
f 1630/649/572 1629/646/572 4018/646/572 4019/649/572
f 885/317/573 884/310/573 3273/310/573 3274/317/573
f 906/430/574 905/432/574 3294/432/574 3295/430/574
f 1646/382/575 1645/656/575 4034/656/575 4035/382/575
f 1163/954/576 1162/955/576 3551/955/576 3552/954/576
f 890/332/577 889/328/577 3278/328/577 3279/332/577
f 1575/542/578 1574/540/578 3963/540/578 3964/542/578
f 505/301/579 504/299/579 2893/299/579 2894/301/579
f 1638/667/580 1637/668/580 4026/668/580 4027/667/580
f 1395/403/581 1394/960/581 3783/960/581 3784/403/581
f 1535/546/582 1534/547/582 3923/547/582 3924/546/582
f 837/185/583 836/187/583 3225/187/583 3226/185/583
f 882/283/584 881/274/584 3270/274/584 3271/283/584
f 1734/670/585 1733/669/585 4122/669/585 4123/670/585
f 1387/968/586 1386/970/586 3775/970/586 3776/968/586
f 1527/554/587 1526/77/587 3915/77/587 3916/554/587
f 914/414/588 913/416/588 3302/416/588 3303/414/588
f 1742/680/589 1741/679/589 4130/679/589 4131/680/589
f 1526/77/590 1575/542/590 3964/542/590 3915/77/590
f 417/313/591 416/314/591 2805/314/591 2806/313/591
f 877/236/592 876/227/592 3265/227/592 3266/236/592
f 858/155/593 857/153/593 3246/153/593 3247/155/593
f 1606/167/594 1605/688/594 3994/688/594 3995/167/594
f 1235/971/595 1234/969/595 3623/969/595 3624/971/595
f 1695/558/596 1694/559/596 4083/559/596 4084/558/596
f 361/319/597 360/325/597 2749/325/597 2750/319/597
f 834/195/598 833/216/598 3222/216/598 3223/195/598
f 1379/981/599 1378/983/599 3767/983/599 3768/981/599
f 917/408/600 916/410/600 3305/410/600 3306/408/600
f 1703/570/601 1702/107/601 4091/107/601 4092/570/601
f 861/161/602 860/159/602 3249/159/602 3250/161/602
f 1582/693/603 1581/691/603 3970/691/603 3971/693/603
f 1687/569/604 1686/425/604 4075/425/604 4076/569/604
f 377/330/605 376/322/605 2765/322/605 2766/330/605
f 829/253/606 828/263/606 3217/263/606 3218/253/606
f 874/194/607 873/189/607 3262/189/607 3263/194/607
f 1243/986/608 1242/984/608 3631/984/608 3632/986/608
f 305/332/609 304/328/609 2693/328/609 2694/332/609
f 1590/702/610 1589/701/610 3978/701/610 3979/702/610
f 1371/997/611 1370/1000/611 3759/1000/611 3760/997/611
f 233/333/612 232/334/612 2621/334/612 2622/333/612
f 922/398/613 921/400/613 3310/400/613 3311/398/613
f 869/179/614 868/174/614 3257/174/614 3258/179/614
f 866/171/615 865/169/615 3254/169/615 3255/171/615
f 1598/712/616 1597/711/616 3986/711/616 3987/712/616
f 1711/582/617 1710/580/617 4099/580/617 4100/582/617
f 826/284/618 825/294/618 3214/294/618 3215/284/618
f 1814/1116/619 1813/1117/619 4202/1117/619 4203/1116/619
f 1323/1011/620 1322/1008/620 3711/1008/620 3712/1011/620
f 1679/585/621 1678/587/621 4067/587/621 4068/585/621
f 313/353/622 312/351/622 2701/351/622 2702/353/622
f 1251/1012/623 1250/1009/623 3639/1009/623 3640/1012/623
f 225/352/624 224/354/624 2613/354/624 2614/352/624
f 930/382/625 929/384/625 3318/384/625 3319/382/625
f 1806/1124/626 1805/1125/626 4194/1125/626 4195/1124/626
f 1363/1015/627 1362/1016/627 3751/1016/627 3752/1015/627
f 925/392/628 924/394/628 3313/394/628 3314/392/628
f 818/333/629 817/334/629 3206/334/629 3207/333/629
f 1315/1020/630 1314/1030/630 3703/1030/630 3704/1020/630
f 1719/598/631 1718/596/631 4107/596/631 4108/598/631
f 821/324/632 820/327/632 3209/327/632 3210/324/632
f 1798/1132/633 1797/1133/633 4186/1133/633 4187/1132/633
f 1671/601/634 1670/605/634 4059/605/634 4060/601/634
f 353/367/635 352/369/635 2741/369/635 2742/367/635
f 1355/1032/636 1354/1033/636 3743/1033/636 3744/1032/636
f 1615/606/637 1614/19/637 4003/19/637 4004/606/637
f 1822/1134/638 1821/1112/638 4210/1112/638 4211/1134/638
f 1663/621/639 1662/622/639 4051/622/639 4052/621/639
f 385/373/640 384/370/640 2773/370/640 2774/373/640
f 1013/282/641 1012/288/641 3401/288/641 3402/282/641
f 1010/292/642 1009/296/642 3398/296/642 3399/292/642
f 1331/1034/643 1330/382/643 3719/382/643 3720/1034/643
f 345/382/644 344/384/644 2733/384/644 2734/382/644
f 1830/1145/645 1829/1144/645 4218/1144/645 4219/1145/645
f 1727/625/646 1726/223/646 4115/223/646 4116/625/646
f 1790/1151/647 1789/1153/647 4178/1153/647 4179/1151/647
f 1623/631/648 1622/626/648 4011/626/648 4012/631/648
f 1021/260/649 1020/262/649 3409/262/649 3410/260/649
f 1655/637/650 1654/638/650 4043/638/650 4044/637/650
f 393/389/651 392/387/651 2781/387/651 2782/389/651
f 1347/1049/652 1346/1051/652 3735/1051/652 3736/1049/652
f 337/398/653 336/400/653 2725/400/653 2726/398/653
f 1005/304/654 1004/306/654 3393/306/654 3394/304/654
f 1838/1159/655 1837/1157/655 4226/1157/655 4227/1159/655
f 1339/1055/656 1338/1052/656 3727/1052/656 3728/1055/656
f 1018/269/657 1017/272/657 3406/272/657 3407/269/657
f 1782/1169/658 1781/1171/658 4170/1171/658 4171/1169/658
f 1631/651/659 1630/649/659 4019/649/659 4020/651/659
f 1026/247/660 1025/250/660 3414/250/660 3415/247/660
f 1647/652/661 1646/382/661 4035/382/661 4036/652/661
f 401/405/662 400/403/662 2789/403/662 2790/405/662
f 933/376/663 932/378/663 3321/378/663 3322/376/663
f 1002/313/664 1001/314/664 3390/314/664 3391/313/664
f 329/414/665 328/416/665 2717/416/665 2718/414/665
f 1029/239/666 1028/241/666 3417/241/666 3418/239/666
f 1034/224/667 1033/226/667 3422/226/667 3423/224/667
f 1846/1172/668 1845/1170/668 4234/1170/668 4235/1172/668
f 813/344/669 812/347/669 3201/347/669 3202/344/669
f 810/352/670 809/354/670 3198/354/670 3199/352/670
f 1774/1185/671 1773/1187/671 4162/1187/671 4163/1185/671
f 1639/666/672 1638/667/672 4027/667/672 4028/666/672
f 409/421/673 408/419/673 2797/419/673 2798/421/673
f 1259/1061/674 1258/1056/674 3647/1056/674 3648/1061/674
f 1735/671/675 1734/670/675 4123/670/675 4124/671/675
f 321/430/676 320/432/676 2709/432/676 2710/430/676
f 1854/1188/677 1853/1186/677 4242/1186/677 4243/1188/677
f 1743/682/678 1742/680/678 4131/680/678 4132/682/678
f 1037/217/679 1036/219/679 3425/219/679 3426/217/679
f 1042/204/680 1041/206/680 3430/206/680 3431/204/680
f 1766/1202/681 1765/1205/681 4154/1205/681 4155/1202/681
f 1607/681/682 1606/167/682 3995/167/682 3996/681/682
f 185/438/683 184/437/683 2573/437/683 2574/438/683
f 997/427/684 996/425/684 3385/425/684 3386/427/684
f 1267/1072/685 1266/1070/685 3655/1070/685 3656/1072/685
f 177/448/686 176/450/686 2565/450/686 2566/448/686
f 805/508/687 804/507/687 3193/507/687 3194/508/687
f 994/421/688 993/419/688 3382/419/688 3383/421/688
f 1307/1074/689 1306/1076/689 3695/1076/689 3696/1074/689
f 1583/694/690 1582/693/690 3971/693/690 3972/694/690
f 193/455/691 192/453/691 2581/453/691 2582/455/691
f 938/367/692 937/369/692 3326/369/692 3327/367/692
f 1862/665/693 1861/1206/693 4250/1206/693 4251/665/693
f 1275/1084/694 1274/1082/694 3663/1082/694 3664/1084/694
f 1591/703/695 1590/702/695 3979/702/695 3980/703/695
f 169/464/696 168/466/696 2557/466/696 2558/464/696
f 1045/198/697 1044/200/697 3433/200/697 3434/198/697
f 802/504/698 801/502/698 3190/502/698 3191/504/698
f 1958/1212/699 1957/1208/699 4346/1208/699 4347/1212/699
f 797/494/700 796/492/700 3185/492/700 3186/494/700
f 1950/1210/701 1949/1214/701 4338/1214/701 4339/1210/701
f 1299/1093/702 1298/1095/702 3687/1095/702 3688/1093/702
f 1599/713/703 1598/712/703 3987/712/703 3988/713/703
f 1758/1228/704 1757/1230/704 4146/1230/704 4147/1228/704
f 1815/1115/705 1814/1116/705 4203/1116/705 4204/1115/705
f 201/471/706 200/469/706 2589/469/706 2590/471/706
f 1283/1096/707 1282/1094/707 3671/1094/707 3672/1096/707
f 161/480/708 160/482/708 2549/482/708 2550/480/708
f 1050/197/709 1049/192/709 3438/192/709 3439/197/709
f 1807/1123/710 1806/1124/710 4195/1124/710 4196/1123/710
f 1053/203/638 1052/201/638 3441/201/638 3442/203/638
f 794/488/711 793/486/711 3182/486/711 3183/488/711
f 989/411/712 988/409/712 3377/409/712 3378/411/712
f 1870/1244/713 1869/1240/713 4258/1240/713 4259/1244/713
f 1291/351/714 1290/1107/714 3679/1107/714 3680/351/714
f 1799/1131/715 1798/1132/715 4187/1132/715 4188/1131/715
f 209/488/716 208/486/716 2597/486/716 2598/488/716
f 1966/1248/717 1965/1243/717 4354/1243/717 4355/1248/717
f 1555/514/718 1554/513/718 3943/513/718 3944/514/718
f 153/495/719 152/497/719 2541/497/719 2542/495/719
f 786/471/720 785/469/720 3174/469/720 3175/471/720
f 1942/1245/721 1941/1250/721 4330/1250/721 4331/1245/721
f 1563/522/722 1562/521/722 3951/521/722 3952/522/722
f 1823/1135/723 1822/1134/723 4211/1134/723 4212/1135/723
f 941/361/724 940/363/724 3329/363/724 3330/361/724
f 1750/1251/725 1749/1253/725 4138/1253/725 4139/1251/725
f 1547/529/726 1546/442/726 3935/442/726 3936/529/726
f 1831/1147/727 1830/1145/727 4219/1145/727 4220/1147/727
f 789/477/728 788/475/728 3177/475/728 3178/477/728
f 778/455/729 777/453/729 3166/453/729 3167/455/729
f 1791/1148/730 1790/1151/730 4179/1151/730 4180/1148/730
f 217/504/731 216/502/731 2605/502/731 2606/504/731
f 1974/1261/732 1973/1262/732 4362/1262/732 4363/1261/732
f 537/511/733 536/510/733 2925/510/733 2926/511/733
f 781/461/734 780/459/734 3169/459/734 3170/461/734
f 770/438/735 769/437/735 3158/437/735 3159/438/735
f 1571/533/736 1570/41/736 3959/41/736 3960/533/736
f 545/519/737 544/518/737 2933/518/737 2934/519/737
f 1539/541/738 1538/543/738 3927/543/738 3928/541/738
f 1839/19/739 1838/1159/739 4227/1159/739 4228/19/739
f 553/527/740 552/525/740 2941/525/740 2942/527/740
f 773/445/741 772/443/741 3161/443/741 3162/445/741
f 1878/1276/742 1877/1274/742 4266/1274/742 4267/1276/742
f 1783/1166/743 1782/1169/743 4171/1169/743 4172/1166/743
f 529/532/744 528/534/744 2917/534/744 2918/532/744
f 1934/1277/745 1933/1279/745 4322/1279/745 4323/1277/745
f 1531/550/746 1530/551/746 3919/551/746 3920/550/746
f 1061/221/747 1060/220/747 3449/220/747 3450/221/747
f 1058/214/748 1057/212/748 3446/212/748 3447/214/748
f 981/395/749 980/393/749 3369/393/749 3370/395/749
f 986/405/750 985/403/750 3374/403/750 3375/405/750
f 1691/562/751 1690/563/751 4079/563/751 4080/562/751
f 1847/1174/752 1846/1172/752 4235/1172/752 4236/1174/752
f 521/545/753 520/546/753 2909/546/753 2910/545/753
f 1886/1290/754 1885/136/754 4274/136/754 4275/1290/754
f 1775/1183/755 1774/1185/755 4163/1185/755 4164/1183/755
f 1926/1291/756 1925/1293/756 4314/1293/756 4315/1291/756
f 1699/565/757 1698/557/757 4087/557/757 4088/565/757
f 513/553/758 512/554/758 2901/554/758 2902/553/758
f 1707/575/759 1706/239/759 4095/239/759 4096/575/759
f 949/270/760 948/286/760 3337/286/760 3338/270/760
f 946/319/761 945/325/761 3334/325/761 3335/319/761
f 1683/576/762 1682/579/762 4071/579/762 4072/576/762
f 1855/1190/763 1854/1188/763 4243/1188/763 4244/1190/763
f 681/555/764 680/558/764 3069/558/764 3070/555/764
f 973/379/765 972/377/765 3361/377/765 3362/379/765
f 978/389/766 977/387/766 3366/387/766 3367/389/766
f 1894/1307/767 1893/1305/767 4282/1305/767 4283/1307/767
f 1767/1200/768 1766/1202/768 4155/1202/768 4156/1200/768
f 765/442/769 764/444/769 3153/444/769 3154/442/769
f 1066/234/770 1065/232/770 3454/232/770 3455/234/770
f 1918/1306/771 1917/1308/771 4306/1308/771 4307/1306/771
f 673/567/772 672/569/772 3061/569/772 3062/567/772
f 970/373/773 969/370/773 3358/370/773 3359/373/773
f 1715/590/774 1714/588/774 4103/588/774 4104/590/774
f 1910/1321/775 1909/1323/775 4298/1323/775 4299/1321/775
f 1675/593/776 1674/595/776 4063/595/776 4064/593/776
f 1069/242/777 1068/240/777 3457/240/777 3458/242/777
f 1951/1207/778 1950/1210/778 4339/1210/778 4340/1207/778
f 689/571/779 688/570/779 3077/570/779 3078/571/779
f 965/362/780 964/349/780 3353/349/780 3354/362/780
f 1902/1324/781 1901/1322/781 4290/1322/781 4291/1324/781
f 697/584/782 696/582/782 3085/582/782 3086/584/782
f 954/188/783 953/183/783 3342/183/783 3343/188/783
f 2342/1332/784 2341/1331/784 4730/1331/784 4731/1332/784
f 1723/611/785 1722/608/785 4111/608/785 4112/611/785
f 1863/1213/786 1862/665/786 4251/665/786 4252/1213/786
f 665/583/787 664/585/787 3053/585/787 3054/583/787
f 957/248/788 956/231/788 3345/231/788 3346/248/788
f 762/448/789 761/450/789 3150/450/789 3151/448/789
f 2334/1341/790 2333/1343/790 4722/1343/790 4723/1341/790
f 1667/613/791 1666/338/791 4055/338/791 4056/613/791
f 1959/1216/792 1958/1212/792 4347/1212/792 4348/1216/792
f 757/458/793 756/460/793 3145/460/793 3146/458/793
f 1759/1224/794 1758/1228/794 4147/1228/794 4148/1224/794
f 2350/1353/795 2349/1350/795 4738/1350/795 4739/1353/795
f 1619/618/796 1618/615/796 4007/615/796 4008/618/796
f 705/600/797 704/598/797 3093/598/797 3094/600/797
f 1074/257/798 1073/254/798 3462/254/798 3463/257/798
f 2326/1354/799 2325/1356/799 4714/1356/799 4715/1354/799
f 1659/628/800 1658/136/800 4047/136/800 4048/628/800
f 657/599/801 656/601/801 3045/601/801 3046/599/801
f 1077/266/802 1076/261/802 3465/261/802 3466/266/802
f 962/330/803 961/322/803 3350/322/803 3351/330/803
f 749/474/804 748/476/804 3137/476/804 3138/474/804
f 754/464/805 753/466/805 3142/466/805 3143/464/805
f 1627/640/806 1626/351/806 4015/351/806 4016/640/806
f 1943/1241/807 1942/1245/807 4331/1245/807 4332/1241/807
f 2358/1370/808 2357/1368/808 4746/1368/808 4747/1370/808
f 1731/645/809 1730/639/809 4119/639/809 4120/645/809
f 601/609/810 600/606/810 2989/606/810 2990/609/810
f 2318/1369/811 2317/1371/811 4706/1371/811 4707/1369/811
f 1651/644/812 1650/647/812 4039/647/812 4040/644/812
f 1871/1249/813 1870/1244/813 4259/1244/813 4260/1249/813
f 649/619/814 648/621/814 3037/621/814 3038/619/814
f 1085/289/815 1084/287/815 3473/287/815 3474/289/815
f 1082/279/816 1081/277/816 3470/277/816 3471/279/816
f 1751/1247/817 1750/1251/817 4139/1251/817 4140/1247/817
f 1093/308/818 1092/305/818 3481/305/818 3482/308/818
f 746/480/819 745/482/819 3134/482/819 3135/480/819
f 2366/1380/820 2365/1379/820 4754/1379/820 4755/1380/820
f 1611/629/821 1610/653/821 3999/653/821 4000/629/821
f 741/489/822 740/491/822 3129/491/822 3130/489/822
f 2374/1388/823 2373/1387/823 4762/1387/823 4763/1388/823
f 713/630/824 712/625/824 3101/625/824 3102/630/824
f 2382/1396/825 2381/1395/825 4770/1395/825 4771/1396/825
f 1967/1252/826 1966/1248/826 4355/1248/826 4356/1252/826
f 609/632/827 608/631/827 2997/631/827 2998/632/827
f 1090/301/828 1089/299/828 3478/299/828 3479/301/828
f 2310/1408/829 2309/1409/829 4698/1409/829 4699/1408/829
f 1975/1260/830 1974/1261/830 4363/1261/830 4364/1260/830
f 641/636/831 640/637/831 3029/637/831 3030/636/831
f 732/77/832 1095/78/832 3484/78/832 3121/77/832
f 738/495/833 737/497/833 3126/497/833 3127/495/833
f 1442/718/834 1441/717/834 3830/717/834 3831/718/834
f 2302/1416/835 2301/1417/835 4690/1417/835 4691/1416/835
f 1643/659/836 1642/661/836 4031/661/836 4032/659/836
f 1935/1275/837 1934/1277/837 4323/1277/837 4324/1275/837
f 633/650/838 632/652/838 3021/652/838 3022/650/838
f 1506/731/839 1505/729/839 3894/729/839 3895/731/839
f 1450/732/840 1449/730/840 3838/730/840 3839/732/840
f 2294/1424/841 2293/1425/841 4682/1425/841 4683/1424/841
f 1879/1278/842 1878/1276/842 4267/1276/842 4268/1278/842
f 617/655/843 616/651/843 3005/651/843 3006/655/843
f 1434/269/844 1433/745/844 3822/745/844 3823/269/844
f 1635/663/845 1634/660/845 4023/660/845 4024/663/845
f 625/664/846 624/666/846 3013/666/846 3014/664/846
f 2286/1432/847 2285/1433/847 4674/1433/847 4675/1432/847
f 1927/1289/848 1926/1291/848 4315/1291/848 4316/1289/848
f 1498/743/849 1497/746/849 3886/746/849 3887/743/849
f 721/673/850 720/671/850 3109/671/850 3110/673/850
f 733/505/851 732/77/851 3121/77/851 3122/505/851
f 2278/1440/852 2277/1441/852 4666/1441/852 4667/1440/852
f 1887/1292/853 1886/1290/853 4275/1290/853 4276/1292/853
f 593/677/854 592/681/854 2981/681/854 2982/677/854
f 1445/721/855 1444/720/855 3833/720/855 3834/721/855
f 1919/1304/856 1918/1306/856 4307/1306/856 4308/1304/856
f 1501/723/857 1500/722/857 3889/722/857 3890/723/857
f 2270/1448/858 2269/1449/858 4658/1449/858 4659/1448/858
f 1458/760/859 1457/757/859 3846/757/859 3847/760/859
f 1514/761/860 1513/756/860 3902/756/860 3903/761/860
f 2262/1456/861 2261/1457/861 4650/1457/861 4651/1456/861
f 1739/676/862 1738/675/862 4127/675/862 4128/676/862
f 1895/1309/863 1894/1307/863 4283/1307/863 4284/1309/863
f 729/683/864 728/682/864 3117/682/864 3118/683/864
f 1426/768/865 1425/772/865 3814/772/865 3815/768/865
f 1911/1320/866 1910/1321/866 4299/1321/866 4300/1320/866
f 2254/1464/867 2253/1465/867 4642/1465/867 4643/1464/867
f 1579/689/868 1578/687/868 3967/687/868 3968/689/868
f 1490/770/869 1489/774/869 3878/774/869 3879/770/869
f 2246/1471/870 2245/1472/870 4634/1472/870 4635/1471/870
f 1903/1325/871 1902/1324/871 4291/1324/871 4292/1325/871
f 569/695/872 568/694/872 2957/694/872 2958/695/872
f 1587/698/873 1586/237/873 3975/237/873 3976/698/873
f 2343/1334/874 2342/1332/874 4731/1332/874 4732/1334/874
f 2158/1478/875 2157/1480/875 4546/1480/875 4547/1478/875
f 1603/696/876 1602/700/876 3991/700/876 3992/696/876
f 2335/1340/877 2334/1341/877 4723/1341/877 4724/1340/877
f 577/704/878 576/703/878 2965/703/878 2966/704/878
f 1509/738/879 1508/735/879 3897/735/879 3898/738/879
f 1522/792/880 1521/789/880 3910/789/880 3911/792/880
f 585/710/881 584/713/881 2973/713/881 2974/710/881
f 1437/736/882 1436/739/882 3825/739/882 3826/736/882
f 1418/791/883 1417/793/883 3806/793/883 3807/791/883
f 1595/708/884 1594/707/884 3983/707/884 3984/708/884
f 849/156/885 848/158/885 3237/158/885 3238/156/885
f 1482/797/886 1481/800/886 3870/800/886 3871/797/886
f 2166/1485/887 2165/1483/887 4554/1483/887 4555/1485/887
f 1819/1110/888 1818/1113/888 4207/1113/888 4208/1110/888
f 2327/1352/889 2326/1354/889 4715/1354/889 4716/1352/889
f 841/172/890 840/175/890 3229/175/890 3230/172/890
f 1453/741/891 1452/737/891 3841/737/891 3842/741/891
f 2150/1494/892 2149/1496/892 4538/1496/892 4539/1494/892
f 1429/758/893 1428/762/893 3817/762/893 3818/758/893
f 1811/1119/894 1810/1120/894 4199/1120/894 4200/1119/894
f 905/432/895 904/433/895 3293/433/895 3294/432/895
f 1410/809/896 1409/810/896 3798/810/896 3799/809/896
f 2351/1355/897 2350/1353/897 4739/1353/897 4740/1355/897
f 897/351/898 896/348/898 3285/348/898 3286/351/898
f 1493/759/899 1492/763/899 3881/763/899 3882/759/899
f 1474/818/900 1473/199/900 3862/199/900 3863/818/900
f 2174/1501/901 2173/1499/901 4562/1499/901 4563/1501/901
f 1803/1127/902 1802/1128/902 4191/1128/902 4192/1127/902
f 2319/1367/903 2318/1369/903 4707/1369/903 4708/1367/903
f 1466/826/904 1465/827/904 3854/827/904 3855/826/904
f 2142/1508/905 2141/1510/905 4530/1510/905 4531/1508/905
f 1122/464/906 1121/829/906 3510/829/906 3511/464/906
f 1827/1141/907 1826/1140/907 4215/1140/907 4216/1141/907
f 889/328/908 888/326/908 3277/326/908 3278/328/908
f 1130/837/909 1129/836/909 3518/836/909 3519/837/909
f 1795/1139/910 1794/1142/910 4183/1142/910 4184/1139/910
f 2359/1373/911 2358/1370/911 4747/1370/911 4748/1373/911
f 1461/769/912 1460/208/912 3849/208/912 3850/769/912
f 1138/844/913 1137/843/913 3526/843/913 3527/844/913
f 2182/1522/914 2181/1520/914 4570/1520/914 4571/1522/914
f 2367/1381/915 2366/1380/915 4755/1380/915 4756/1381/915
f 1517/776/916 1516/771/916 3905/771/916 3906/776/916
f 1146/852/917 1145/851/917 3534/851/917 3535/852/917
f 2134/1521/918 2133/1523/918 4522/1523/918 4523/1521/918
f 2375/1389/919 2374/1388/919 4763/1388/919 4764/1389/919
f 881/274/920 880/264/920 3269/264/920 3270/274/920
f 1421/300/921 1420/786/921 3809/786/921 3810/300/921
f 1154/859/922 1153/858/922 3542/858/922 3543/859/922
f 1835/1154/923 1834/1152/923 4223/1152/923 4224/1154/923
f 2383/1397/924 2382/1396/924 4771/1396/924 4772/1397/924
f 1485/787/925 1484/790/925 3873/790/925 3874/787/925
f 1114/868/926 1113/869/926 3502/869/926 3503/868/926
f 2126/1533/927 2125/1535/927 4514/1535/927 4515/1533/927
f 1787/1158/448 1786/1160/448 4175/1160/448 4176/1158/448
f 2311/1407/928 2310/1408/928 4699/1408/928 4700/1407/928
f 913/416/929 912/418/929 3301/418/929 3302/416/929
f 1106/875/930 1105/876/930 3494/876/930 3495/875/930
f 2303/1415/931 2302/1416/931 4691/1416/931 4692/1415/931
f 857/153/932 856/151/932 3245/151/932 3246/153/932
f 1525/78/933 1524/798/933 3913/798/933 3914/78/933
f 2118/1543/934 2117/1544/934 4506/1544/934 4507/1543/934
f 833/216/935 832/228/935 3221/228/935 3222/216/935
f 1413/803/936 1412/805/936 3801/805/936 3802/803/936
f 1098/883/937 1097/884/937 3486/884/937 3487/883/937
f 1843/1167/938 1842/1165/938 4231/1165/938 4232/1167/938
f 2295/1423/939 2294/1424/939 4683/1424/939 4684/1423/939
f 1477/811/940 1476/812/940 3865/812/940 3866/811/940
f 2110/1550/941 2109/1551/941 4498/1551/941 4499/1550/941
f 1779/1175/942 1778/1177/942 4167/1177/942 4168/1175/942
f 1405/816/943 1404/817/943 3793/817/943 3794/816/943
f 1202/892/944 1201/891/944 3590/891/944 3591/892/944
f 2287/1431/945 2286/1432/945 4675/1432/945 4676/1431/945
f 873/189/946 872/186/946 3261/186/946 3262/189/946
f 1469/823/947 1468/824/947 3857/824/947 3858/823/947
f 1210/900/948 1209/899/948 3598/899/948 3599/900/948
f 2102/1558/949 2101/1559/949 4490/1559/949 4491/1558/949
f 1125/832/950 1124/831/950 3513/831/950 3514/832/950
f 1218/907/951 1217/906/951 3606/906/951 3607/907/951
f 1851/1182/952 1850/1180/952 4239/1180/952 4240/1182/952
f 2279/1439/953 2278/1440/953 4667/1440/953 4668/1439/953
f 1133/840/954 1132/839/954 3521/839/954 3522/840/954
f 1226/170/955 1225/918/955 3614/918/955 3615/170/955
f 1771/1191/956 1770/528/956 4159/528/956 4160/1191/956
f 921/400/957 920/402/957 3309/402/957 3310/400/957
f 1141/847/958 1140/846/958 3529/846/958 3530/847/958
f 1194/885/959 1193/926/959 3582/926/959 3583/885/959
f 2094/1568/960 2093/1569/960 4482/1569/960 4483/1568/960
f 2271/1447/961 2270/1448/961 4659/1448/961 4660/1447/961
f 865/169/962 864/167/962 3253/167/962 3254/169/962
f 1149/854/963 1148/451/963 3537/451/963 3538/854/963
f 825/294/964 824/311/964 3213/311/964 3214/294/964
f 1157/864/965 1156/863/965 3545/863/965 3546/864/965
f 1186/932/966 1185/933/966 3574/933/966 3575/932/966
f 2190/1571/967 2189/1567/967 4578/1567/967 4579/1571/967
f 2263/1455/968 2262/1456/968 4651/1456/968 4652/1455/968
f 1117/865/969 1116/866/969 3505/866/969 3506/865/969
f 2086/1578/970 2085/1580/970 4474/1580/970 4475/1578/970
f 1859/1197/971 1858/1195/971 4247/1195/971 4248/1197/971
f 1178/940/972 1177/941/972 3566/941/972 3567/940/972
f 1955/1198/973 1954/614/973 4343/614/973 4344/1198/973
f 2255/1463/974 2254/1464/974 4643/1464/974 4644/1463/974
f 929/384/975 928/386/975 3317/386/975 3318/384/975
f 1109/485/976 1108/873/976 3497/873/976 3498/485/976
f 2078/1589/462 2077/1590/462 4466/1590/462 4467/1589/462
f 1763/1211/977 1762/1215/977 4151/1215/977 4152/1211/977
f 1009/296/978 1008/298/978 3397/298/978 3398/296/978
f 1170/947/979 1169/948/979 3558/948/979 3559/947/979
f 2247/1470/980 2246/1471/980 4635/1471/980 4636/1470/980
f 1017/272/981 1016/276/981 3405/276/981 3406/272/981
f 1101/880/982 1100/881/982 3489/881/982 3490/880/982
f 2070/1598/983 2069/1600/983 4458/1600/983 4459/1598/983
f 817/334/984 816/336/984 3205/336/984 3206/334/984
f 1162/955/985 1161/473/985 3550/473/985 3551/955/985
f 2159/1474/986 2158/1478/986 4547/1478/986 4548/1474/986
f 1197/888/987 1196/887/987 3585/887/987 3586/888/987
f 2062/1607/988 2061/1608/988 4450/1608/988 4451/1607/988
f 1947/1223/989 1946/1227/989 4335/1227/989 4336/1223/989
f 1205/895/990 1204/894/990 3593/894/990 3594/895/990
f 1394/960/991 1393/961/991 3782/961/991 3783/960/991
f 1213/237/992 1212/902/992 3601/902/992 3602/237/992
f 2054/1615/993 2053/1617/993 4442/1617/993 4443/1615/993
f 1867/1231/994 1866/1226/994 4255/1226/994 4256/1231/994
f 2167/1487/995 2166/1485/995 4555/1485/995 4556/1487/995
f 1221/913/996 1220/912/996 3609/912/996 3610/913/996
f 1963/1234/997 1962/1229/997 4351/1229/997 4352/1234/997
f 2151/1492/998 2150/1494/998 4539/1494/998 4540/1492/998
f 1229/922/999 1228/921/999 3617/921/999 3618/922/999
f 2198/1623/1000 2197/1616/1000 4586/1616/1000 4587/1623/1000
f 1234/969/1001 1233/967/1001 3622/967/1001 3623/969/1001
f 1755/1237/1002 1754/1239/1002 4143/1239/1002 4144/1237/1002
f 1025/250/1003 1024/252/1003 3413/252/1003 3414/250/1003
f 1189/930/1004 1188/931/1004 3577/931/1004 3578/930/1004
f 2046/1625/1005 2045/1626/1005 4434/1626/1005 4435/1625/1005
f 1386/970/1006 1385/972/1006 3774/972/1006 3775/970/1006
f 1001/314/1007 1000/315/1007 3389/315/1007 3390/314/1007
f 1971/1264/1008 1970/1265/1008 4359/1265/1008 4360/1264/1008
f 2175/1504/1009 2174/1501/1009 4563/1501/1009 4564/1504/1009
f 1033/226/1010 1032/230/1010 3421/230/1010 3422/226/1010
f 1181/937/1011 1180/938/1011 3569/938/1011 3570/937/1011
f 2038/1635/1012 2037/1637/1012 4426/1637/1012 4427/1635/1012
f 2143/1507/1013 2142/1508/1013 4531/1508/1013 4532/1507/1013
f 809/354/1014 808/356/1014 3197/356/1014 3198/354/1014
f 1242/984/1015 1241/982/1015 3630/982/1015 3631/984/1015
f 1939/1267/1016 1938/1269/1016 4327/1269/1016 4328/1267/1016
f 1173/944/1017 1172/945/1017 3561/945/1017 3562/944/1017
f 2030/1647/1018 2029/1648/1018 4418/1648/1018 4419/1647/1018
f 1378/983/1019 1377/985/1019 3766/985/1019 3767/983/1019
f 1370/1000/1020 1369/338/1020 3758/338/1020 3759/1000/1020
f 1875/1270/1021 1874/1268/1021 4263/1268/1021 4264/1270/1021
f 2135/1519/1022 2134/1521/1022 4523/1521/1022 4524/1519/1022
f 1165/952/1023 1164/953/1023 3553/953/1023 3554/952/1023
f 2206/1652/1024 2205/1649/1024 4594/1649/1024 4595/1652/1024
f 1931/107/1025 1930/1284/1025 4319/1284/1025 4320/107/1025
f 1397/924/1026 1396/959/1026 3785/959/1026 3786/924/1026
f 2022/1659/1027 2021/1660/1027 4410/1660/1027 4411/1659/1027
f 2183/1525/1028 2182/1522/1028 4571/1522/1028 4572/1525/1028
f 1041/206/1029 1040/208/1029 3429/208/1029 3430/206/1029
f 1389/965/1030 1388/966/1030 3777/966/1030 3778/965/1030
f 1322/1008/1031 1321/1005/1031 3710/1005/1031 3711/1008/1031
f 1883/1285/1032 1882/1283/1032 4271/1283/1032 4272/1285/1032
f 2127/1532/1033 2126/1533/1033 4515/1533/1033 4516/1532/1033
f 1250/1009/1034 1249/1004/1034 3638/1004/1034 3639/1009/1034
f 937/369/1035 936/371/1035 3325/371/1035 3326/369/1035
f 2014/1671/1036 2013/1673/1036 4402/1673/1036 4403/1671/1036
f 1362/1016/1037 1361/1018/1037 3750/1018/1037 3751/1016/1037
f 1923/1297/1038 1922/1299/1038 4311/1299/1038 4312/1297/1038
f 993/419/1039 992/417/1039 3381/417/1039 3382/419/1039
f 1237/975/1040 1236/973/1040 3625/973/1040 3626/975/1040
f 1330/382/1041 1329/1029/1041 3718/1029/1041 3719/382/1041
f 2119/1542/1042 2118/1543/1042 4507/1543/1042 4508/1542/1042
f 801/502/1043 800/500/1043 3189/500/1043 3190/502/1043
f 1381/978/1044 1380/979/1044 3769/979/1044 3770/978/1044
f 2214/1675/1045 2213/1672/1045 4602/1672/1045 4603/1675/1045
f 1354/1033/1046 1353/1035/1046 3742/1035/1046 3743/1033/1046
f 1891/1300/1047 1890/1298/1047 4279/1298/1047 4280/1300/1047
f 2006/1684/1048 2005/1685/1048 4394/1685/1048 4395/1684/1048
f 1314/1030/1049 1313/1043/1049 3702/1043/1049 3703/1030/1049
f 1915/1312/1050 1914/1314/1050 4303/1314/1050 4304/1312/1050
f 2111/1549/1051 2110/1550/1051 4499/1550/1051 4500/1549/1051
f 1049/192/1052 1048/191/1052 3437/191/1052 3438/192/1052
f 1245/991/1053 1244/989/1053 3633/989/1053 3634/991/1053
f 2103/1557/1054 2102/1558/1054 4491/1558/1054 4492/1557/1054
f 1057/212/1055 1056/209/1055 3445/209/1055 3446/212/1055
f 1373/992/1056 1372/993/1056 3761/993/1056 3762/992/1056
f 2222/1697/1057 2221/1694/1057 4610/1694/1057 4611/1697/1057
f 1899/1317/1058 1898/1315/1058 4287/1315/1058 4288/1317/1058
f 793/486/1059 792/483/1059 3181/483/1059 3182/486/1059
f 1317/404/1060 1316/995/1060 3705/995/1060 3706/404/1060
f 1998/1696/1061 1997/1698/1061 4386/1698/1061 4387/1696/1061
f 1907/1326/1062 1906/1328/1062 4295/1328/1062 4296/1326/1062
f 2095/1566/1063 2094/1568/1063 4483/1568/1063 4484/1566/1063
f 785/469/1064 784/467/1064 3173/467/1064 3174/469/1064
f 2339/1333/1065 2338/1335/1065 4727/1335/1065 4728/1333/1065
f 1990/1709/1066 1989/1710/1066 4378/1710/1066 4379/1709/1066
f 2191/1575/1067 2190/1571/1067 4579/1571/1067 4580/1575/1067
f 777/453/1068 776/451/1068 3165/451/1068 3166/453/1068
f 2347/1345/1069 2346/1342/1069 4735/1342/1069 4736/1345/1069
f 2087/1577/1070 2086/1578/1070 4475/1578/1070 4476/1577/1070
f 2331/1346/1071 2330/1348/1071 4719/1348/1071 4720/1346/1071
f 769/437/1072 768/436/1072 3157/436/1072 3158/437/1072
f 2230/1721/1073 2229/1718/1073 4618/1718/1073 4619/1721/1073
f 1982/1720/1074 1981/1722/1074 4370/1722/1074 4371/1720/1074
f 2323/1359/1075 2322/1361/1075 4711/1361/1075 4712/1359/1075
f 2079/1587/1076 2078/1589/1076 4467/1589/1076 4468/1587/1076
f 1365/1010/1077 1364/1013/1077 3753/1013/1077 3754/1010/1077
f 1338/1052/1078 1337/1050/1078 3726/1050/1078 3727/1052/1078
f 985/403/1079 984/401/1079 3373/401/1079 3374/403/1079
f 2238/1732/1080 2237/1731/1080 4626/1731/1080 4627/1732/1080
f 1346/1051/1081 1345/1053/1081 3734/1053/1081 3735/1051/1081
f 2071/1597/1082 2070/1598/1082 4459/1598/1082 4460/1597/1082
f 47/6/1083 46/8/1083 2435/8/1083 2436/6/1083
f 2355/1364/1084 2354/1362/1084 4743/1362/1084 4744/1364/1084
f 2363/1377/1085 2362/1376/1085 4751/1376/1085 4752/1377/1085
f 2371/1385/1086 2370/1384/1086 4759/1384/1086 4760/1385/1086
f 2063/1606/1087 2062/1607/1087 4451/1607/1087 4452/1606/1087
f 1325/1017/1088 1324/1014/1088 3713/1014/1088 3714/1017/1088
f 55/11/1089 54/9/1089 2443/9/1089 2444/11/1089
f 1258/1056/1090 1257/1044/1090 3646/1044/1090 3647/1056/1090
f 2379/1393/1091 2378/1392/1091 4767/1392/1091 4768/1393/1091
f 945/325/1092 944/331/1092 3333/331/1092 3334/325/1092
f 39/22/1093 38/24/1093 2427/24/1093 2428/22/1093
f 2387/1401/1094 2386/1400/1094 4775/1400/1094 4776/1401/1094
f 2055/1614/1095 2054/1615/1095 4443/1615/1095 4444/1614/1095
f 2315/1403/1096 2314/1404/1096 4703/1404/1096 4704/1403/1096
f 1253/1021/1097 1252/167/1097 3641/167/1097 3642/1021/1097
f 977/387/1098 976/385/1098 3365/385/1098 3366/387/1098
f 1357/1028/1099 1356/178/1099 3745/178/1099 3746/1028/1099
f 63/27/1100 62/25/1100 2451/25/1100 2452/27/1100
f 1266/1070/1101 1265/215/1101 3654/215/1101 3655/1070/1101
f 2307/1411/1102 2306/1412/1102 4695/1412/1102 4696/1411/1102
f 2047/1624/1103 2046/1625/1103 4435/1625/1103 4436/1624/1103
f 1333/1039/1104 1332/1037/1104 3721/1037/1104 3722/1039/1104
f 31/39/1105 30/41/1105 2419/41/1105 2420/39/1105
f 1306/1076/1106 1305/1079/1106 3694/1079/1106 3695/1076/1106
f 1065/232/1107 1064/229/1107 3453/229/1107 3454/232/1107
f 1349/1045/1108 1348/1047/1108 3737/1047/1108 3738/1045/1108
f 2299/1419/1109 2298/1420/1109 4687/1420/1109 4688/1419/1109
f 2199/1628/1110 2198/1623/1110 4587/1623/1110 4588/1628/1110
f 1341/1059/1111 1340/1057/1111 3729/1057/1111 3730/1059/1111
f 2039/1634/1112 2038/1635/1112 4427/1635/1112 4428/1634/1112
f 969/370/1113 968/368/1113 3357/368/1113 3358/370/1113
f 71/42/1114 70/40/1114 2459/40/1114 2460/42/1114
f 1274/1082/1115 1273/1081/1115 3662/1081/1115 3663/1082/1115
f 2291/1427/1116 2290/1428/1116 4679/1428/1116 4680/1427/1116
f 23/53/898 22/54/898 2411/54/898 2412/53/898
f 1261/1064/1117 1260/1062/1117 3649/1062/1117 3650/1064/1117
f 2283/1435/1118 2282/1436/1118 4671/1436/1118 4672/1435/1118
f 2031/1645/1119 2030/1647/1119 4419/1647/1119 4420/1645/1119
f 953/183/1120 952/178/1120 3341/178/1120 3342/183/1120
f 1309/1069/1121 1308/1071/1121 3697/1071/1121 3698/1069/1121
f 15/61/1122 14/62/1122 2403/62/1122 2404/61/1122
f 1282/1094/1123 1281/1092/1123 3670/1092/1123 3671/1094/1123
f 761/450/1124 760/452/1124 3149/452/1124 3150/450/1124
f 1298/1095/1125 1297/1098/1125 3686/1098/1125 3687/1095/1125
f 2275/1443/1126 2274/1444/1126 4663/1444/1126 4664/1443/1126
f 2207/1655/1127 2206/1652/1127 4595/1652/1127 4596/1655/1127
f 7/69/1128 6/70/1128 2395/70/1128 2396/69/1128
f 2023/1657/1129 2022/1659/1129 4411/1659/1129 4412/1657/1129
f 1269/1075/1130 1268/1073/1130 3657/1073/1130 3658/1075/1130
f 1290/1107/1131 1289/1106/1131 3678/1106/1131 3679/1107/1131
f 2267/1451/1132 2266/1452/1132 4655/1452/1132 4656/1451/1132
f 1073/254/1133 1072/251/1133 3461/251/1133 3462/254/1133
f 1554/513/1134 1553/512/1134 3942/512/1134 3943/513/1134
f 2015/1670/1135 2014/1671/1135 4403/1671/1135 4404/1670/1135
f 143/81/1136 142/82/1136 2531/82/1136 2532/81/1136
f 1562/521/1137 1561/520/1137 3950/520/1137 3951/521/1137
f 2259/1459/1138 2258/1460/1138 4647/1460/1138 4648/1459/1138
f 961/322/830 960/316/830 3349/316/830 3350/322/830
f 1277/1087/1139 1276/1085/1139 3665/1085/1139 3666/1087/1139
f 135/89/1140 134/90/1140 2523/90/1140 2524/89/1140
f 1570/41/1141 1569/530/1141 3958/530/1141 3959/41/1141
f 753/466/1142 752/468/1142 3141/468/1142 3142/466/1142
f 1301/1088/1143 1300/1090/1143 3689/1090/1143 3690/1088/1143
f 127/97/1144 126/98/1144 2515/98/1144 2516/97/1144
f 1546/442/1145 1545/531/1145 3934/531/1145 3935/442/1145
f 2251/1466/1146 2250/1467/1146 4639/1467/1146 4640/1466/1146
f 2215/1677/1147 2214/1675/1147 4603/1675/1147 4604/1677/1147
f 119/105/1148 118/106/1148 2507/106/1148 2508/105/1148
f 2007/1682/1149 2006/1684/1149 4395/1684/1149 4396/1682/1149
f 111/113/1150 110/114/1150 2499/114/1150 2500/113/1150
f 1538/543/1151 1537/544/1151 3926/544/1151 3927/543/1151
f 2163/1479/1152 2162/1477/1152 4551/1477/1152 4552/1479/1152
f 1081/277/1153 1080/275/1153 3469/275/1153 3470/277/1153
f 1285/1099/1154 1284/1097/1154 3673/1097/1154 3674/1099/1154
f 103/121/1155 102/122/1155 2491/122/1155 2492/121/1155
f 2155/1484/1156 2154/1486/1156 4543/1486/1156 4544/1484/1156
f 1999/1695/1157 1998/1696/1157 4387/1696/1157 4388/1695/1157
f 1089/299/1158 1088/297/1158 3477/297/1158 3478/299/1158
f 1293/1108/1159 1292/1109/1159 3681/1109/1159 3682/1108/1159
f 95/129/1160 94/130/1160 2483/130/1160 2484/129/1160
f 1530/551/1161 1529/552/1161 3918/552/1161 3919/551/1161
f 745/482/1162 744/484/1162 3133/484/1162 3134/482/1162
f 1557/516/1163 1556/515/1163 3945/515/1163 3946/516/1163
f 87/137/1164 86/138/1164 2475/138/1164 2476/137/1164
f 1565/524/1165 1564/523/1165 3953/523/1165 3954/524/1165
f 79/145/1166 78/146/1166 2467/146/1166 2468/145/1166
f 1698/557/1167 1697/556/1167 4086/556/1167 4087/557/1167
f 2171/1495/1168 2170/1493/1168 4559/1493/1168 4560/1495/1168
f 2223/1700/1169 2222/1697/1169 4611/1697/1169 4612/1700/1169
f 1549/526/1170 1548/528/1170 3937/528/1170 3938/526/1170
f 271/151/1171 270/149/1171 2659/149/1171 2660/151/1171
f 1690/563/1172 1689/564/1172 4078/564/1172 4079/563/1172
f 2147/1500/1173 2146/1502/1173 4535/1502/1173 4536/1500/1173
f 1991/1707/1174 1990/1709/1174 4379/1709/1174 4380/1707/1174
f 737/497/1175 736/499/1175 3125/499/1175 3126/497/1175
f 263/158/1176 262/160/1176 2651/160/1176 2652/158/1176
f 1441/717/1177 1440/716/1177 3829/716/1177 3830/717/1177
f 1573/537/1178 1572/535/1178 3961/535/1178 3962/537/1178
f 2179/1514/1179 2178/1511/1179 4567/1511/1179 4568/1514/1179
f 1983/1719/1180 1982/1720/1180 4371/1720/1180 4372/1719/1180
f 1505/729/1181 1504/727/1181 3893/727/1181 3894/729/1181
f 1541/538/1182 1540/539/1182 3929/539/1182 3930/538/1182
f 2139/1513/1183 2138/1515/1183 4527/1515/1183 4528/1513/1183
f 1449/730/1184 1448/728/1184 3837/728/1184 3838/730/1184
f 279/167/1185 278/165/1185 2667/165/1185 2668/167/1185
f 1706/239/1186 1705/572/1186 4094/572/1186 4095/239/1186
f 1433/745/1187 1432/749/1187 3821/749/1187 3822/745/1187
f 367/178/1188 366/177/1188 2755/177/1188 2756/178/1188
f 1682/579/1189 1681/581/1189 4070/581/1189 4071/579/1189
f 2131/1526/1190 2130/1527/1190 4519/1527/1190 4520/1526/1190
f 2231/1724/1191 2230/1721/1191 4619/1721/1191 4620/1724/1191
f 1533/548/1192 1532/549/1192 3921/549/1192 3922/548/1192
f 255/175/1193 254/180/1193 2643/180/1193 2644/175/1193
f 2239/1733/1194 2238/1732/1194 4627/1732/1194 4628/1733/1194
f 1497/746/1195 1496/750/1195 3885/750/1195 3886/746/1195
f 48/4/1196 47/6/1196 2436/6/1196 2437/4/1196
f 1693/560/1197 1692/561/1197 4081/561/1197 4082/560/1197
f 1714/588/1198 1713/586/1198 4102/586/1198 4103/588/1198
f 2187/1536/1199 2186/1534/1199 4575/1534/1199 4576/1536/1199
f 287/186/1200 286/184/1200 2675/184/1200 2676/186/1200
f 1674/595/1201 1673/597/1201 4062/597/1201 4063/595/1201
f 2123/1538/1202 2122/1539/1202 4511/1539/1202 4512/1538/1202
f 1513/756/1203 1512/287/1203 3901/287/1203 3902/756/1203
f 1701/568/1204 1700/566/1204 4089/566/1204 4090/568/1204
f 463/191/1205 462/193/1205 2851/193/1205 2852/191/1205
f 56/13/1206 55/11/1206 2444/11/1206 2445/13/1206
f 1457/757/1207 1456/753/1207 3845/753/1207 3846/757/1207
f 1685/573/1208 1684/574/1208 4073/574/1208 4074/573/1208
f 471/209/1209 470/207/1209 2859/207/1209 2860/209/1209
f 2115/147/1210 2114/1546/1210 4503/1546/1210 4504/147/1210
f 40/20/1211 39/22/1211 2428/22/1211 2429/20/1211
f 1425/772/1212 1424/775/1212 3813/775/1212 3814/772/1212
f 455/208/1213 454/211/1213 2843/211/1213 2844/208/1213
f 1722/608/1214 1721/604/1214 4110/604/1214 4111/608/1214
f 479/229/1215 478/225/1215 2867/225/1215 2868/229/1215
f 1618/615/1216 1617/612/1216 4006/612/1216 4007/615/1216
f 2107/1553/1217 2106/1554/1217 4495/1554/1217 4496/1553/1217
f 1709/578/1218 1708/577/1218 4097/577/1218 4098/578/1218
f 447/230/1219 446/233/1219 2835/233/1219 2836/230/1219
f 1666/338/1220 1665/616/1220 4054/616/1220 4055/338/1220
f 64/28/1221 63/27/1221 2452/27/1221 2453/28/1221
f 1489/774/1222 1488/778/1222 3877/778/1222 3878/774/1222
f 1677/589/1223 1676/591/1223 4065/591/1223 4066/589/1223
f 247/228/1224 246/237/1224 2635/237/1224 2636/228/1224
f 2099/1561/1225 2098/1562/1225 4487/1562/1225 4488/1561/1225
f 32/37/1226 31/39/1226 2420/39/1226 2421/37/1226
f 1658/136/1227 1657/633/1227 4046/633/1227 4047/136/1227
f 1521/789/1228 1520/785/1228 3909/785/1228 3910/789/1228
f 1717/594/1229 1716/592/1229 4105/592/1229 4106/594/1229
f 2091/1572/1230 2090/1573/1230 4479/1573/1230 4480/1572/1230
f 72/44/1231 71/42/1231 2460/42/1231 2461/44/1231
f 1417/793/1232 1416/796/1232 3805/796/1232 3806/793/1232
f 1613/603/1233 1612/602/1233 4001/602/1233 4002/603/1233
f 24/52/1234 23/53/1234 2412/53/1234 2413/52/1234
f 1481/800/1235 1480/802/1235 3869/802/1235 3870/800/1235
f 487/251/1236 486/249/1236 2875/249/1236 2876/251/1236
f 1626/351/1237 1625/635/1237 4014/635/1237 4015/351/1237
f 2083/1582/1238 2082/1583/1238 4471/1583/1238 4472/1582/1238
f 439/252/1239 438/255/1239 2827/255/1239 2828/252/1239
f 1730/639/1240 1729/634/1240 4118/634/1240 4119/639/1240
f 16/60/1241 15/61/1241 2404/61/1241 2405/60/1241
f 1650/647/1242 1649/648/1242 4038/648/1242 4039/647/1242
f 1464/804/1243 1525/78/1243 3914/78/1243 3853/804/1243
f 1669/607/1244 1668/610/1244 4057/610/1244 4058/607/1244
f 2195/1593/1245 2194/1588/1245 4583/1588/1245 4584/1593/1245
f 8/68/1246 7/69/1246 2396/69/1246 2397/68/1246
f 1634/660/1247 1633/657/1247 4022/657/1247 4023/660/1247
f 2075/1592/1248 2074/1594/1248 4463/1594/1248 4464/1592/1248
f 1642/661/1249 1641/662/1249 4030/662/1249 4031/661/1249
f 144/80/1250 143/81/1250 2532/81/1250 2533/80/1250
f 295/264/1251 294/256/1251 2683/256/1251 2684/264/1251
f 2067/1602/1252 2066/1603/1252 4455/1603/1252 4456/1602/1252
f 136/88/1253 135/89/1253 2524/89/1253 2525/88/1253
f 1409/810/1254 1408/425/1254 3797/425/1254 3798/810/1254
f 495/275/1255 494/271/1255 2883/271/1255 2884/275/1255
f 1610/653/10 1609/672/10 3998/672/10 3999/653/10
f 128/96/1256 127/97/1256 2516/97/1256 2517/96/1256
f 1725/617/1257 1724/614/1257 4113/614/1257 4114/617/1257
f 431/276/1258 430/278/1258 2819/278/1258 2820/276/1258
f 2059/1610/1259 2058/1611/1259 4447/1611/1259 4448/1610/1259
f 120/104/1260 119/105/1260 2508/105/1260 2509/104/1260
f 503/297/1261 502/295/1261 2891/295/1261 2892/297/1261
f 112/112/1262 111/113/1262 2500/113/1262 2501/112/1262
f 423/298/1263 422/300/1263 2811/300/1263 2812/298/1263
f 2051/1619/1264 2050/1620/1264 4439/1620/1264 4440/1619/1264
f 104/120/1265 103/121/1265 2492/121/1265 2493/120/1265
f 375/316/1266 374/285/1266 2763/285/1266 2764/316/1266
f 96/128/1267 95/129/1267 2484/129/1267 2485/128/1267
f 1473/199/1268 1472/820/1268 3861/820/1268 3862/199/1268
f 1621/623/1269 1620/620/1269 4009/620/1269 4010/623/1269
f 239/311/1270 238/318/1270 2627/318/1270 2628/311/1270
f 1738/675/19 1737/674/19 4126/674/19 4127/675/19
f 2043/1629/1271 2042/1630/1271 4431/1630/1271 4432/1629/1271
f 88/136/1272 87/137/1272 2476/137/1272 2477/136/1272
f 80/144/1273 79/145/1273 2468/145/1273 2469/144/1273
f 1661/624/1274 1660/627/1274 4049/627/1274 4050/624/1274
f 1746/78/24 1745/684/24 4134/684/24 4135/78/24
f 2035/1639/1275 2034/1641/1275 4423/1641/1275 4424/1639/1275
f 272/153/1276 271/151/1276 2660/151/1276 2661/153/1276
f 303/326/1277 302/323/1277 2691/323/1277 2692/326/1277
f 264/156/1278 263/158/1278 2652/158/1278 2653/156/1278
f 1653/641/1279 1652/642/1279 4041/642/1279 4042/641/1279
f 359/331/1280 358/339/1280 2747/339/1280 2748/331/1280
f 1578/687/29 1577/686/29 3966/686/29 3967/687/29
f 2203/1643/1281 2202/1640/1281 4591/1640/1281 4592/1643/1281
f 2027/1651/1282 2026/1653/1282 4415/1653/1282 4416/1651/1282
f 1629/646/1283 1628/643/1283 4017/643/1283 4018/646/1283
f 231/336/1284 230/340/1284 2619/340/1284 2620/336/1284
f 1586/237/34 1585/697/34 3974/697/34 3975/237/34
f 280/169/1285 279/167/1285 2668/167/1285 2669/169/1285
f 1645/656/1286 1644/658/1286 4033/658/1286 4034/656/1286
f 1602/700/37 1601/705/37 3990/705/37 3991/700/37
f 2019/1664/1287 2018/1665/1287 4407/1665/1287 4408/1664/1287
f 256/172/1288 255/175/1288 2644/175/1288 2645/172/1288
f 1465/827/1289 1464/804/1289 3853/804/1289 3854/827/1289
f 1121/829/1290 1120/828/1290 3509/828/1290 3510/829/1290
f 1637/668/1291 1636/665/1291 4025/665/1291 4026/668/1291
f 311/348/1292 310/345/1292 2699/345/1292 2700/348/1292
f 1594/707/44 1593/706/44 3982/706/44 3983/707/44
f 1733/669/1293 1732/654/1293 4121/654/1293 4122/669/1293
f 223/356/1294 222/358/1294 2611/358/1294 2612/356/1294
f 1818/1113/1295 1817/1114/1295 4206/1114/1295 4207/1113/1295
f 2211/1666/1296 2210/1663/1296 4599/1663/1296 4600/1666/1296
f 368/183/1297 367/178/1297 2756/178/1297 2757/183/1297
f 1741/679/1298 1740/678/1298 4129/678/1298 4130/679/1298
f 2011/1676/1299 2010/1678/1299 4399/1678/1299 4400/1676/1299
f 288/189/1300 287/186/1300 2676/186/1300 2677/189/1300
f 1810/1120/1301 1809/1121/1301 4198/1121/1301 4199/1120/1301
f 464/192/1302 463/191/1302 2852/191/1302 2853/192/1302
f 1581/691/1303 1580/690/1303 3969/690/1303 3970/691/1303
f 383/368/1304 382/366/1304 2771/366/1304 2772/368/1304
f 2219/1688/1305 2218/1686/1305 4607/1686/1305 4608/1688/1305
f 456/206/1306 455/208/1306 2844/208/1306 2845/206/1306
f 1605/688/9 1604/692/9 3993/692/9 3994/688/9
f 351/371/1307 350/372/1307 2739/372/1307 2740/371/1307
f 1802/1128/1308 1801/1129/1308 4190/1129/1308 4191/1128/1308
f 2003/1689/1309 2002/1690/1309 4391/1690/1309 4392/1689/1309
f 472/212/1310 471/209/1310 2860/209/1310 2861/212/1310
f 248/216/1311 247/228/1311 2636/228/1311 2637/216/1311
f 1826/1140/1312 1825/1138/1312 4214/1138/1312 4215/1140/1312
f 1589/701/14 1588/699/14 3977/699/14 3978/701/14
f 391/385/1313 390/383/1313 2779/383/1313 2780/385/1313
f 1794/1142/1314 1793/41/1314 4182/41/1314 4183/1142/1314
f 1995/1701/1315 1994/1702/1315 4383/1702/1315 4384/1701/1315
f 1129/836/1316 1128/835/1316 3517/835/1316 3518/836/1316
f 343/386/1317 342/388/1317 2731/388/1317 2732/386/1317
f 448/226/1318 447/230/1318 2836/230/1318 2837/226/1318
f 1597/711/20 1596/709/20 3985/709/20 3986/711/20
f 2227/1711/1319 2226/1708/1319 4615/1708/1319 4616/1711/1319
f 480/232/1320 479/229/1320 2868/229/1320 2869/232/1320
f 1821/1112/1321 1820/1111/1321 4209/1111/1321 4210/1112/1321
f 399/401/1322 398/399/1322 2787/399/1322 2788/401/1322
f 1834/1152/1323 1833/1150/1323 4222/1150/1323 4223/1152/1323
f 1987/1713/1324 1986/1715/1324 4375/1715/1324 4376/1713/1324
f 1813/1117/1325 1812/1118/1325 4201/1118/1325 4202/1117/1325
f 335/402/1326 334/404/1326 2723/404/1326 2724/402/1326
f 1786/1160/1327 1785/1162/1327 4174/1162/1327 4175/1160/1327
f 440/250/1328 439/252/1328 2828/252/1328 2829/250/1328
f 1979/1725/1329 1978/77/1329 4367/77/1329 4368/1725/1329
f 488/254/1330 487/251/1330 2876/251/1330 2877/254/1330
f 1805/1125/1331 1804/1126/1331 4193/1126/1331 4194/1125/1331
f 407/417/1332 406/415/1332 2795/415/1332 2796/417/1332
f 1842/1165/1333 1841/1163/1333 4230/1163/1333 4231/1165/1333
f 1797/1133/1334 1796/1136/1334 4185/1136/1334 4186/1133/1334
f 327/418/1335 326/420/1335 2715/420/1335 2716/418/1335
f 1778/1177/1336 1777/1179/1336 4166/1179/1336 4167/1177/1336
f 1137/843/1337 1136/842/1337 3525/842/1337 3526/843/1337
f 296/274/1338 295/264/1338 2684/264/1338 2685/274/1338
f 319/433/1339 318/434/1339 2707/434/1339 2708/433/1339
f 1850/1180/1340 1849/1178/1340 4238/1178/1340 4239/1180/1340
f 2235/1729/1341 2234/1728/1341 4623/1728/1341 4624/1729/1341
f 432/272/1342 431/276/1342 2820/276/1342 2821/272/1342
f 1829/1144/1343 1828/1143/1343 4217/1143/1343 4218/1144/1343
f 1770/528/401 1769/1194/401 4158/1194/401 4159/528/401
f 496/277/1344 495/275/1344 2884/275/1344 2885/277/1344
f 1789/1153/1345 1788/1155/1345 4177/1155/1345 4178/1153/1345
f 183/436/1346 182/439/1346 2571/439/1346 2572/436/1346
f 424/296/1347 423/298/1347 2812/298/1347 2813/296/1347
f 504/299/1348 503/297/1348 2892/297/1348 2893/299/1348
f 191/451/1349 190/449/1349 2579/449/1349 2580/451/1349
f 1858/1195/1350 1857/1193/1350 4246/1193/1350 4247/1195/1350
f 240/294/299 239/311/299 2628/311/299 2629/294/299
f 175/452/1351 174/454/1351 2563/454/1351 2564/452/1351
f 1954/614/1352 1953/1199/1352 4342/1199/1352 4343/614/1352
f 1837/1157/1353 1836/1156/1353 4225/1156/1353 4226/1157/1353
f 1762/1215/1354 1761/1217/1354 4150/1217/1354 4151/1215/1354
f 1145/851/1355 1144/850/1355 3533/850/1355 3534/851/1355
f 1845/1170/1356 1844/1168/1356 4233/1168/1356 4234/1170/1356
f 1781/1171/1357 1780/1173/1357 4169/1173/1357 4170/1171/1357
f 199/467/1358 198/465/1358 2587/465/1358 2588/467/1358
f 1978/77/1359 2243/1737/1359 4632/1737/1359 4367/77/1359
f 167/468/1360 166/470/1360 2555/470/1360 2556/468/1360
f 2243/1737/1361 2242/1736/1361 4631/1736/1361 4632/1737/1361
f 415/315/1362 510/78/1362 2899/78/1362 2804/315/1362
f 52/5/1363 51/3/1363 2440/3/1363 2441/5/1363
f 416/314/1364 415/315/1364 2804/315/1364 2805/314/1364
f 1853/1186/1365 1852/1184/1365 4241/1184/1365 4242/1186/1365
f 1866/1226/1366 1865/1222/1366 4254/1222/1366 4255/1226/1366
f 44/12/452 43/14/452 2432/14/452 2433/12/452
f 1773/1187/1367 1772/1189/1367 4161/1189/1367 4162/1187/1367
f 207/483/1368 206/481/1368 2595/481/1368 2596/483/1368
f 1962/1229/1369 1961/1225/1369 4350/1225/1369 4351/1229/1369
f 159/484/1370 158/485/1370 2547/485/1370 2548/484/1370
f 1946/1227/1371 1945/1232/1371 4334/1232/1371 4335/1227/1371
f 376/322/1372 375/316/1372 2764/316/1372 2765/322/1372
f 1754/1239/1373 1753/1242/1373 4142/1242/1373 4143/1239/1373
f 60/21/1374 59/19/1374 2448/19/1374 2449/21/1374
f 304/328/1375 303/326/1375 2692/326/1375 2693/328/1375
f 36/29/1376 35/31/1376 2424/31/1376 2425/29/1376
f 360/325/1377 359/331/1377 2748/331/1377 2749/325/1377
f 1153/858/1378 1152/857/1378 3541/857/1378 3542/858/1378
f 215/500/1379 214/498/1379 2603/498/1379 2604/500/1379
f 1861/1206/1380 1860/1201/1380 4249/1201/1380 4250/1206/1380
f 151/499/1381 150/501/1381 2539/501/1381 2540/499/1381
f 232/334/1382 231/336/1382 2620/336/1382 2621/334/1382
f 1113/869/1383 1112/870/1383 3501/870/1383 3502/869/1383
f 1957/1208/1384 1956/1204/1384 4345/1204/1384 4346/1208/1384
f 1970/1265/785 1969/1266/785 4358/1266/785 4359/1265/785
f 68/36/1385 67/34/1385 2456/34/1385 2457/36/1385
f 1765/1205/1386 1764/1209/1386 4153/1209/1386 4154/1205/1386
f 28/45/1387 27/47/1387 2416/47/1387 2417/45/1387
f 1105/876/1388 1104/877/1388 3493/877/1388 3494/876/1388
f 543/517/496 542/516/496 2931/516/496 2932/517/496
f 1874/1268/1389 1873/1258/1389 4262/1258/1389 4263/1268/1389
f 1949/1214/1390 1948/1219/1390 4337/1219/1390 4338/1214/1390
f 551/496/499 550/524/499 2939/524/499 2940/496/499
f 1938/1269/1391 1937/1271/1391 4326/1271/1391 4327/1269/1391
f 312/351/1392 311/348/1392 2700/348/1392 2701/351/1392
f 1097/884/1393 1096/77/1393 3485/77/1393 3486/884/1393
f 1757/1230/1394 1756/1233/1394 4145/1233/1394 4146/1230/1394
f 535/509/502 534/526/502 2923/526/502 2924/509/502
f 20/56/1395 19/57/1395 2408/57/1395 2409/56/1395
f 224/354/1396 223/356/1396 2612/356/1396 2613/354/1396
f 1096/77/1397 1157/864/1397 3546/864/1397 3485/77/1397
f 1201/891/1398 1200/327/1398 3589/327/1398 3590/891/1398
f 1882/1283/1399 1881/1282/1399 4270/1282/1399 4271/1283/1399
f 12/64/1400 11/65/1400 2400/65/1400 2401/64/1400
f 1209/899/1401 1208/898/1401 3597/898/1401 3598/899/1401
f 527/536/507 526/538/507 2915/538/507 2916/536/507
f 1930/1284/1402 1929/1286/1402 4318/1286/1402 4319/1284/1402
f 384/370/1403 383/368/1403 2772/368/1403 2773/370/1403
f 1217/906/1404 1216/905/1404 3605/905/1404 3606/906/1404
f 76/72/1405 75/51/1405 2464/51/1405 2465/72/1405
f 352/369/1406 351/371/1406 2740/371/1406 2741/369/1406
f 1401/910/1407 1400/909/1407 3789/909/1407 3790/910/1407
f 1869/1240/1408 1868/1235/1408 4257/1235/1408 4258/1240/1408
f 559/540/1409 558/537/1409 2947/537/1409 2948/540/1409
f 4/73/1410 3/74/1410 2392/74/1410 2393/73/1410
f 1965/1243/1411 1964/1238/1411 4353/1238/1411 4354/1243/1411
f 519/547/516 518/548/516 2907/548/516 2908/547/516
f 1890/1298/1412 1889/1296/1412 4278/1296/1412 4279/1298/1412
f 344/384/1413 343/386/1413 2732/386/1413 2733/384/1413
f 1232/911/1414 1401/910/1414 3790/910/1414 3621/911/1414
f 1941/1250/1415 1940/1255/1415 4329/1255/1415 4330/1250/1415
f 1922/1299/1416 1921/1301/1416 4310/1301/1416 4311/1299/1416
f 140/84/1417 139/85/1417 2528/85/1417 2529/84/1417
f 1749/1253/1418 1748/1256/1418 4137/1256/1418 4138/1253/1418
f 679/559/521 678/560/521 3067/560/521 3068/559/521
f 132/92/1419 131/93/1419 2520/93/1419 2521/92/1419
f 1225/918/1420 1224/917/1420 3613/917/1420 3614/918/1420
f 124/100/1421 123/101/1421 2512/101/1421 2513/100/1421
f 392/387/1422 391/385/1422 2780/385/1422 2781/387/1422
f 687/107/524 686/568/524 3075/568/524 3076/107/524
f 1898/1315/1423 1897/1313/1423 4286/1313/1423 4287/1315/1423
f 116/108/1424 115/109/1424 2504/109/1424 2505/108/1424
f 336/400/1425 335/402/1425 2724/402/1425 2725/400/1425
f 671/425/528 670/573/528 3059/573/528 3060/425/528
f 1914/1314/1426 1913/1316/1426 4302/1316/1426 4303/1314/1426
f 108/116/1427 107/117/1427 2496/117/1427 2497/116/1427
f 1193/926/1428 1192/927/1428 3581/927/1428 3582/926/1428
f 1906/1328/1429 1905/1329/1429 4294/1329/1429 4295/1328/1429
f 100/124/1430 99/125/1430 2488/125/1430 2489/124/1430
f 2338/1335/1431 2337/1336/1431 4726/1336/1431 4727/1335/1431
f 92/132/1432 91/133/1432 2480/133/1432 2481/132/1432
f 400/403/1433 399/401/1433 2788/401/1433 2789/403/1433
f 1185/933/1434 1184/934/1434 3573/934/1434 3574/933/1434
f 695/580/1435 694/578/1435 3083/578/1435 3084/580/1435
f 84/140/1436 83/141/1436 2472/141/1436 2473/140/1436
f 328/416/1437 327/418/1437 2716/418/1437 2717/416/1437
f 663/587/1438 662/589/1438 3051/589/1438 3052/587/1438
f 268/147/1439 267/150/1439 2656/150/1439 2657/147/1439
f 1177/941/1440 1176/942/1440 3565/942/1440 3566/941/1440
f 1973/1262/1441 1972/1263/1441 4361/1263/1441 4362/1262/1441
f 2346/1342/1442 2345/1339/1442 4734/1339/1442 4735/1342/1442
f 2330/1348/1443 2329/1349/1443 4718/1349/1443 4719/1348/1443
f 408/419/1067 407/417/1067 2796/417/1067 2797/419/1067
f 1169/948/1444 1168/949/1444 3557/949/1444 3558/948/1444
f 703/596/545 702/594/545 3091/594/545 3092/596/545
f 276/161/1445 275/159/1445 2664/159/1445 2665/161/1445
f 320/432/1446 319/433/1446 2708/433/1446 2709/432/1446
f 599/19/546 598/603/546 2987/603/546 2988/19/546
f 260/164/1447 259/166/1447 2648/166/1447 2649/164/1447
f 1161/473/1448 1160/956/1448 3549/956/1448 3550/473/1448
f 655/605/549 654/607/549 3043/607/549 3044/605/549
f 2354/1362/1449 2353/1360/1449 4742/1360/1449 4743/1362/1449
f 184/437/1450 183/436/1450 2572/436/1450 2573/437/1450
f 2322/1361/1451 2321/1363/1451 4710/1363/1451 4711/1361/1451
f 284/179/1452 283/174/1452 2672/174/1452 2673/179/1452
f 176/450/1453 175/452/1453 2564/452/1453 2565/450/1453
f 1877/1274/1454 1876/1272/1454 4265/1272/1454 4266/1274/1454
f 711/223/554 710/617/554 3099/617/554 3100/223/554
f 252/185/1455 251/187/1455 2640/187/1455 2641/185/1455
f 1933/1279/1456 1932/1281/1456 4321/1281/1456 4322/1279/1456
f 647/622/556 646/624/556 3035/624/556 3036/622/556
f 2362/1376/1457 2361/1375/1457 4750/1375/1457 4751/1376/1457
f 2370/1384/1458 2369/1383/1458 4758/1383/1458 4759/1384/1458
f 192/453/1459 191/451/1459 2580/451/1459 2581/453/1459
f 1393/961/1460 1392/962/1460 3781/962/1460 3782/961/1460
f 2378/1392/1461 2377/1391/1461 4766/1391/1461 4767/1392/1461
f 168/466/1462 167/468/1462 2556/468/1462 2557/466/1462
f 1885/136/1463 1884/1287/1463 4273/1287/1463 4274/136/1463
f 607/626/562 606/623/562 2995/623/562 2996/626/562
f 2386/1400/1464 2385/1399/1464 4774/1399/1464 4775/1400/1464
f 460/198/1465 459/200/1465 2848/200/1465 2849/198/1465
f 1925/1293/1466 1924/1295/1466 4313/1295/1466 4314/1293/1466
f 639/638/565 638/641/565 3027/641/565 3028/638/565
f 2314/1404/1467 2313/1405/1467 4702/1405/1467 4703/1404/1467
f 468/203/1468 467/201/1468 2856/201/1468 2857/203/1468
f 452/217/1469 451/219/1469 2840/219/1469 2841/217/1469
f 200/469/1470 199/467/1470 2588/467/1470 2589/469/1470
f 615/649/572 614/646/572 3003/646/572 3004/649/572
f 2306/1412/1471 2305/1413/1471 4694/1413/1471 4695/1412/1471
f 476/221/1472 475/220/1472 2864/220/1472 2865/221/1472
f 160/482/1473 159/484/1473 2548/484/1473 2549/482/1473
f 1893/1305/1474 1892/1303/1474 4281/1303/1474 4282/1305/1474
f 631/382/1475 630/656/1475 3019/656/1475 3020/382/1475
f 1233/967/1476 1232/911/1476 3621/911/1476 3622/967/1476
f 1917/1308/1477 1916/1310/1477 4305/1310/1477 4306/1308/1477
f 2298/1420/1478 2297/1421/1478 4686/1421/1478 4687/1420/1478
f 208/486/1479 207/483/1479 2596/483/1479 2597/486/1479
f 1385/972/1480 1384/974/1480 3773/974/1480 3774/972/1480
f 623/667/580 622/668/580 3011/668/580 3012/667/580
f 152/497/1481 151/499/1481 2540/499/1481 2541/497/1481
f 2290/1428/1482 2289/1429/1482 4678/1429/1482 4679/1428/1482
f 719/670/585 718/669/585 3107/669/585 3108/670/585
f 292/236/1483 291/227/1483 2680/227/1483 2681/236/1483
f 1241/982/1484 1240/980/1484 3629/980/1484 3630/982/1484
f 1901/1322/1485 1900/1319/1485 4289/1319/1485 4290/1322/1485
f 727/680/589 726/679/589 3115/679/589 3116/680/589
f 2282/1436/1486 2281/1437/1486 4670/1437/1486 4671/1436/1486
f 444/239/1487 443/241/1487 2832/241/1487 2833/239/1487
f 216/502/1488 215/500/1488 2604/500/1488 2605/502/1488
f 1377/985/1489 1376/987/1489 3765/987/1489 3766/985/1489
f 1909/1323/1490 1908/583/1490 4297/583/1490 4298/1323/1490
f 591/167/594 590/688/594 2979/688/594 2980/167/594
f 484/242/1491 483/240/1491 2872/240/1491 2873/242/1491
f 536/510/525 535/509/525 2924/509/525 2925/510/525
f 2341/1331/1492 2340/1330/1492 4729/1330/1492 4730/1331/1492
f 2274/1444/1493 2273/1445/1493 4662/1445/1493 4663/1444/1493
f 372/248/1494 371/231/1494 2760/231/1494 2761/248/1494
f 436/260/1495 435/262/1495 2824/262/1495 2825/260/1495
f 1369/338/1496 1368/1003/1496 3757/1003/1496 3758/338/1496
f 2333/1343/1497 2332/1344/1497 4721/1344/1497 4722/1343/1497
f 567/693/603 566/691/603 2955/691/603 2956/693/603
f 2266/1452/1498 2265/1453/1498 4654/1453/1498 4655/1452/1498
f 244/253/1499 243/263/1499 2632/263/1499 2633/253/1499
f 1249/1004/1500 1248/1001/1500 3637/1001/1500 3638/1004/1500
f 575/702/610 574/701/610 2963/701/610 2964/702/610
f 2258/1460/1501 2257/1461/1501 4646/1461/1501 4647/1460/1501
f 1321/1005/1502 1320/1002/1502 3709/1002/1502 3710/1005/1502
f 2349/1350/1503 2348/1347/1503 4737/1347/1503 4738/1350/1503
f 492/266/1504 491/261/1504 2880/261/1504 2881/266/1504
f 1361/1018/1505 1360/1022/1505 3749/1022/1505 3750/1018/1505
f 2325/1356/1506 2324/1358/1506 4713/1358/1506 4714/1356/1506
f 583/712/616 582/711/616 2971/711/616 2972/712/616
f 2250/1467/1507 2249/1468/1507 4638/1468/1507 4639/1467/1507
f 1329/1029/1508 1328/1027/1508 3717/1027/1508 3718/1029/1508
f 847/160/1509 846/162/1509 3235/162/1509 3236/160/1509
f 2357/1368/1510 2356/1366/1510 4745/1366/1510 4746/1368/1510
f 903/434/1511 902/435/1511 3291/435/1511 3292/434/1511
f 2162/1477/1512 2161/1476/1512 4550/1476/1512 4551/1477/1512
f 364/270/1513 363/286/1513 2752/286/1513 2753/270/1513
f 544/518/547 543/517/547 2932/517/547 2933/518/547
f 1353/1035/1514 1352/1038/1514 3741/1038/1514 3742/1035/1514
f 2317/1371/1515 2316/1372/1515 4705/1372/1515 4706/1371/1515
f 895/345/1516 894/343/1516 3283/343/1516 3284/345/1516
f 2154/1486/1517 2153/1488/1517 4542/1488/1517 4543/1486/1517
f 428/282/1518 427/288/1518 2816/288/1518 2817/282/1518
f 500/289/1519 499/287/1519 2888/287/1519 2889/289/1519
f 887/323/1520 886/320/1520 3275/320/1520 3276/323/1520
f 2170/1493/1521 2169/1491/1521 4558/1491/1521 4559/1493/1521
f 420/304/1522 419/306/1522 2808/306/1522 2809/304/1522
f 1257/1044/1523 1256/1036/1523 3645/1036/1523 3646/1044/1523
f 2146/1502/1524 2145/1503/1524 4534/1503/1524 4535/1502/1524
f 508/308/1525 507/305/1525 2896/305/1525 2897/308/1525
f 1337/1050/1526 1336/1048/1526 3725/1048/1526 3726/1050/1526
f 839/180/1527 838/182/1527 3227/182/1527 3228/180/1527
f 1345/1053/1528 1344/1054/1528 3733/1054/1528 3734/1053/1528
f 1313/1043/1529 1312/1060/1529 3701/1060/1529 3702/1043/1529
f 2178/1511/1530 2177/1509/1530 4566/1509/1530 4567/1511/1530
f 911/420/1531 910/422/1531 3299/422/1531 3300/420/1531
f 2138/1515/71 2137/1516/71 4526/1516/71 4527/1515/71
f 552/525/1532 551/496/1532 2940/496/1532 2941/525/1532
f 2365/1379/1533 2364/1378/1533 4753/1378/1533 4754/1379/1533
f 855/149/1534 854/148/1534 3243/148/1534 3244/149/1534
f 300/317/1535 299/310/1535 2688/310/1535 2689/317/1535
f 528/534/570 527/536/570 2916/536/570 2917/534/570
f 1265/215/1536 1264/1068/1536 3653/1068/1536 3654/215/1536
f 879/256/1537 878/244/1537 3267/244/1537 3268/256/1537
f 236/324/1538 235/327/1538 2624/327/1538 2625/324/1538
f 2130/1527/1539 2129/1529/1539 4518/1529/1539 4519/1527/1539
f 1273/1081/1540 1272/1080/1540 3661/1080/1540 3662/1081/1540
f 560/542/578 559/540/578 2948/540/578 2949/542/578
f 1305/1079/1541 1304/426/1541 3693/426/1541 3694/1079/1541
f 831/237/1542 830/245/1542 3219/245/1542 3220/237/1542
f 2186/1534/1543 2185/1531/1543 4574/1531/1543 4575/1534/1543
f 308/341/1544 307/337/1544 2696/337/1544 2697/341/1544
f 520/546/582 519/547/582 2908/547/582 2909/546/582
f 2122/1539/1545 2121/1540/1545 4510/1540/1545 4511/1539/1545
f 228/344/1546 227/347/1546 2616/347/1546 2617/344/1546
f 1281/1092/1547 1280/1091/1547 3669/1091/1547 3670/1092/1547
f 512/554/1548 511/77/1548 2900/77/1548 2901/554/1548
f 1297/1098/1549 1296/1100/1549 3685/1100/1549 3686/1098/1549
f 919/404/1550 918/406/1550 3307/406/1550 3308/404/1550
f 2114/1546/1551 2113/1547/1551 4502/1547/1551 4503/1546/1551
f 511/77/590 560/542/590 2949/542/590 2900/77/590
f 871/184/1552 870/181/1552 3259/181/1552 3260/184/1552
f 316/359/1553 315/357/1553 2704/357/1553 2705/359/1553
f 680/558/596 679/559/596 3068/559/596 3069/558/596
f 2373/1387/1554 2372/1386/1554 4761/1386/1554 4762/1387/1554
f 2106/1554/1555 2105/1555/1555 4494/1555/1555 4495/1554/1555
f 380/362/1556 379/349/1556 2768/349/1556 2769/362/1556
f 1289/1106/1557 1288/1104/1557 3677/1104/1557 3678/1106/1557
f 863/165/1558 862/163/1558 3251/163/1558 3252/165/1558
f 356/361/1559 355/363/1559 2744/363/1559 2745/361/1559
f 688/570/1560 687/107/1560 3076/107/1560 3077/570/1560
f 1553/512/382 1552/511/382 3941/511/382 3942/512/382
f 823/318/1561 822/321/1561 3211/321/1561 3212/318/1561
f 2098/1562/1562 2097/1564/1562 4486/1564/1562 4487/1562/1562
f 672/569/604 671/425/604 3060/425/604 3061/569/604
f 1561/520/387 1560/519/387 3949/519/387 3950/520/387
f 1569/530/390 1568/527/390 3957/527/390 3958/530/390
f 2090/1573/1563 2089/1574/1563 4478/1574/1563 4479/1573/1563
f 348/376/1564 347/378/1564 2736/378/1564 2737/376/1564
f 1545/531/394 1544/532/394 3933/532/394 3934/531/394
f 927/388/1565 926/390/1565 3315/390/1565 3316/388/1565
f 1015/278/1566 1014/280/1566 3403/280/1566 3404/278/1566
f 696/582/1567 695/580/1567 3084/580/1567 3085/582/1567
f 1007/300/1568 1006/302/1568 3395/302/1568 3396/300/1568
f 2082/1583/1569 2081/1585/1569 4470/1585/1569 4471/1583/1569
f 388/379/1570 387/377/1570 2776/377/1570 2777/379/1570
f 664/585/621 663/587/621 3052/587/621 3053/585/621
f 1537/544/400 1536/545/400 3925/545/400 3926/544/400
f 1023/255/1571 1022/258/1571 3411/258/1571 3412/255/1571
f 340/392/1572 339/394/1572 2728/394/1572 2729/392/1572
f 2381/1395/1573 2380/1394/1573 4769/1394/1573 4770/1395/1573
f 815/340/1574 814/342/1574 3203/342/1574 3204/340/1574
f 2194/1588/1575 2193/1584/1575 4582/1584/1575 4583/1588/1575
f 1529/552/403 1528/553/403 3917/553/403 3918/552/403
f 2074/1594/1576 2073/1595/1576 4462/1595/1576 4463/1594/1576
f 704/598/631 703/596/631 3092/596/631 3093/598/631
f 396/395/1577 395/393/1577 2784/393/1577 2785/395/1577
f 656/601/634 655/605/634 3044/605/634 3045/601/634
f 1697/556/1578 1696/555/1578 4085/555/1578 4086/556/1578
f 2066/1603/1579 2065/1604/1579 4454/1604/1579 4455/1603/1579
f 332/408/1580 331/410/1580 2720/410/1580 2721/408/1580
f 600/606/637 599/19/637 2988/19/637 2989/606/637
f 1689/564/1581 1688/567/1581 4077/567/1581 4078/564/1581
f 1031/233/1582 1030/235/1582 3419/235/1582 3420/233/1582
f 2058/1611/1583 2057/1612/1583 4446/1612/1583 4447/1611/1583
f 648/621/639 647/622/639 3036/622/639 3037/621/639
f 404/411/1584 403/409/1584 2792/409/1584 2793/411/1584
f 2050/1620/1585 2049/1621/1585 4438/1621/1585 4439/1620/1585
f 324/424/1586 323/426/1586 2712/426/1586 2713/424/1586
f 712/625/646 711/223/646 3100/223/646 3101/625/646
f 935/372/1587 934/374/1587 3323/374/1587 3324/372/1587
f 608/631/648 607/626/648 2996/626/648 2997/631/648
f 1705/572/431 1704/571/431 4093/571/431 4094/572/431
f 2389/78/1588 2388/1402/1588 4777/1402/1588 4778/78/1588
f 999/431/1589 998/429/1589 3387/429/1589 3388/431/1589
f 2042/1630/1590 2041/1631/1590 4430/1631/1590 4431/1630/1590
f 640/637/650 639/638/650 3028/638/650 3029/637/650
f 1681/581/435 1680/583/435 4069/583/435 4070/581/435
f 2309/1409/1591 2308/1410/1591 4697/1410/1591 4698/1409/1591
f 1039/211/1592 1038/213/1592 3427/213/1592 3428/211/1592
f 412/427/1593 411/425/1593 2800/425/1593 2801/427/1593
f 807/358/1594 806/360/1594 3195/360/1594 3196/358/1594
f 180/442/1595 179/444/1595 2568/444/1595 2569/442/1595
f 2301/1417/1596 2300/1418/1596 4689/1418/1596 4690/1417/1596
f 2202/1640/1597 2201/1636/1597 4590/1636/1597 4591/1640/1597
f 616/651/659 615/649/659 3004/649/659 3005/651/659
f 1713/586/444 1712/584/444 4101/584/444 4102/586/444
f 2034/1641/1598 2033/1642/1598 4422/1642/1598 4423/1641/1598
f 632/652/661 631/382/661 3020/382/661 3021/652/661
f 1673/597/448 1672/599/448 4061/599/448 4062/597/448
f 2293/1425/1599 2292/1426/1599 4681/1426/1599 4682/1425/1599
f 188/445/1600 187/443/1600 2576/443/1600 2577/445/1600
f 1047/193/1601 1046/196/1601 3435/196/1601 3436/193/1601
f 172/458/1602 171/460/1602 2560/460/1602 2561/458/1602
f 2285/1433/1603 2284/1434/1603 4673/1434/1603 4674/1433/1603
f 991/415/1604 990/413/1604 3379/413/1604 3380/415/1604
f 2026/1653/1605 2025/1654/1605 4414/1654/1605 4415/1653/1605
f 624/666/672 623/667/672 3012/667/672 3013/666/672
f 1721/604/459 1720/600/459 4109/600/459 4110/604/459
f 799/498/1606 798/496/1606 3187/496/1606 3188/498/1606
f 1617/612/463 1616/609/463 4005/609/463 4006/612/463
f 2277/1441/1607 2276/1442/1607 4665/1442/1607 4666/1441/1607
f 196/461/1608 195/459/1608 2584/459/1608 2585/461/1608
f 720/671/675 719/670/675 3108/670/675 3109/671/675
f 1665/616/468 1664/619/468 4053/619/468 4054/616/468
f 2210/1663/1609 2209/1661/1609 4598/1661/1609 4599/1663/1609
f 164/474/1610 163/476/1610 2552/476/1610 2553/474/1610
f 728/682/678 727/680/678 3116/680/678 3117/682/678
f 2269/1449/1611 2268/1450/1611 4657/1450/1611 4658/1449/1611
f 1055/207/1612 1054/205/1612 3443/205/1612 3444/207/1612
f 2018/1665/1613 2017/1667/1613 4406/1667/1613 4407/1665/1613
f 592/681/682 591/167/682 2980/167/682 2981/681/682
f 1729/634/472 1728/630/472 4117/630/472 4118/634/472
f 791/481/1614 790/479/1614 3179/479/1614 3180/481/1614
f 1625/635/242 1624/632/242 4013/632/242 4014/635/242
f 2261/1457/1615 2260/1458/1615 4649/1458/1615 4650/1457/1615
f 2010/1678/1616 2009/1679/1616 4398/1679/1616 4399/1678/1616
f 204/477/1617 203/475/1617 2592/475/1617 2593/477/1617
f 1657/633/1618 1656/636/1618 4045/636/1618 4046/633/1618
f 783/465/1619 782/463/1619 3171/463/1619 3172/465/1619
f 156/489/1620 155/491/1620 2544/491/1620 2545/489/1620
f 568/694/690 567/693/690 2956/693/690 2957/694/690
f 2253/1465/1621 2252/381/1621 4641/381/1621 4642/1465/1621
f 1649/648/485 1648/650/485 4037/650/485 4038/648/485
f 775/449/1622 774/447/1622 3163/447/1622 3164/449/1622
f 2218/1686/1623 2217/1683/1623 4606/1683/1623 4607/1686/1623
f 576/703/695 575/702/695 2964/702/695 2965/703/695
f 2245/1472/1624 2244/1473/1624 4633/1473/1624 4634/1472/1624
f 2002/1690/1625 2001/1692/1625 4390/1692/1625 4391/1690/1625
f 212/494/1626 211/492/1626 2600/492/1626 2601/494/1626
f 1633/657/491 1632/655/491 4021/655/491 4022/657/491
f 2244/1473/1627 2389/78/1627 4778/78/1627 4633/1473/1627
f 148/505/1628 147/77/1628 2536/77/1628 2537/505/1628
f 584/713/703 583/712/703 2972/712/703 2973/713/703
f 1641/662/494 1640/664/494 4029/664/494 4030/662/494
f 2157/1480/1629 2156/1482/1629 4545/1482/1629 4546/1480/1629
f 1994/1702/1630 1993/1704/1630 4382/1704/1630 4383/1702/1630
f 848/158/1631 847/160/1631 3236/160/1631 3237/158/1631
f 943/339/1632 942/346/1632 3331/346/1632 3332/339/1632
f 904/433/1633 903/434/1633 3292/434/1633 3293/433/1633
f 1737/674/498 1736/673/498 4125/673/498 4126/674/498
f 983/399/1634 982/397/1634 3371/397/1634 3372/399/1634
f 147/77/1635 220/508/1635 2609/508/1635 2536/77/1635
f 896/348/1636 895/345/1636 3284/345/1636 3285/348/1636
f 1609/672/501 1608/677/501 3997/677/501 3998/672/501
f 2165/1483/1637 2164/1481/1637 4553/1481/1637 4554/1483/1637
f 1063/225/1638 1062/223/1638 3451/223/1638 3452/225/1638
f 2226/1708/1639 2225/1705/1639 4614/1705/1639 4615/1708/1639
f 220/508/1640 219/507/1640 2608/507/1640 2609/508/1640
f 2149/1496/1641 2148/1498/1641 4537/1498/1641 4538/1496/1641
f 975/383/1642 974/381/1642 3363/381/1642 3364/383/1642
f 1986/1715/1643 1985/1716/1643 4374/1716/1643 4375/1715/1643
f 540/514/1644 539/513/1644 2928/513/1644 2929/514/1644
f 840/175/1645 839/180/1645 3228/180/1645 3229/175/1645
f 548/522/722 547/521/722 2936/521/722 2937/522/722
f 2234/1728/1646 2233/1727/1646 4622/1727/1646 4623/1728/1646
f 532/529/726 531/442/726 2920/442/726 2921/529/726
f 888/326/1647 887/323/1647 3276/323/1647 3277/326/1647
f 2173/1499/1648 2172/1497/1648 4561/1497/1648 4562/1499/1648
f 767/439/1649 766/440/1649 3155/440/1649 3156/439/1649
f 2242/1736/1650 2241/1735/1650 4630/1735/1650 4631/1736/1650
f 1745/684/513 1744/683/513 4133/683/513 4134/684/513
f 2141/1510/1651 2140/1512/1651 4529/1512/1651 4530/1510/1651
f 51/3/1652 50/2/1652 2439/2/1652 2440/3/1652
f 43/14/1653 42/16/1653 2431/16/1653 2432/14/1653
f 556/533/736 555/41/736 2944/41/736 2945/533/736
f 912/418/1654 911/420/1654 3300/420/1654 3301/418/1654
f 1576/685/519 1746/78/519 4135/78/519 3965/685/519
f 2181/1520/1655 2180/1517/1655 4569/1517/1655 4570/1520/1655
f 524/541/738 523/543/738 2912/543/738 2913/541/738
f 856/151/1656 855/149/1656 3244/149/1656 3245/151/1656
f 1577/686/520 1576/685/520 3965/685/520 3966/686/520
f 2133/1523/1657 2132/1524/1657 4521/1524/1657 4522/1523/1657
f 951/177/1658 950/176/1658 3339/176/1658 3340/177/1658
f 880/264/1659 879/256/1659 3268/256/1659 3269/264/1659
f 967/366/337 966/364/337 3355/364/337 3356/366/337
f 59/19/1660 58/17/1660 2447/17/1660 2448/19/1660
f 516/550/746 515/551/746 2904/551/746 2905/550/746
f 1071/249/1661 1070/246/1661 3459/246/1661 3460/249/1661
f 35/31/1662 34/33/1662 2423/33/1662 2424/31/1662
f 832/228/1663 831/237/1663 3220/237/1663 3221/228/1663
f 1585/697/1664 1584/695/1664 3973/695/1664 3974/697/1664
f 2125/1535/1665 2124/1537/1665 4513/1537/1665 4514/1535/1665
f 676/562/1666 675/563/1666 3064/563/1666 3065/562/1666
f 959/285/1667 958/265/1667 3347/265/1667 3348/285/1667
f 2117/1544/1668 2116/1545/1668 4505/1545/1668 4506/1544/1668
f 759/454/1669 758/456/1669 3147/456/1669 3148/454/1669
f 67/34/1670 66/32/1670 2455/32/1670 2456/34/1670
f 684/565/757 683/557/757 3072/557/757 3073/565/757
f 872/186/1671 871/184/1671 3260/184/1671 3261/186/1671
f 1593/706/533 1592/704/533 3981/704/533 3982/706/533
f 27/47/1672 26/49/1672 2415/49/1672 2416/47/1672
f 692/575/759 691/239/759 3080/239/759 3081/575/759
f 1601/705/537 1600/710/537 3989/710/537 3990/705/537
f 2109/1551/442 2108/1552/442 4497/1552/442 4498/1551/442
f 668/576/1673 667/579/1673 3056/579/1673 3057/576/1673
f 1817/1114/1674 1816/704/1674 4205/704/1674 4206/1114/1674
f 1079/271/1675 1078/268/1675 3467/268/1675 3468/271/1675
f 75/51/1676 74/48/1676 2463/48/1676 2464/51/1676
f 920/402/1677 919/404/1677 3308/404/1677 3309/402/1677
f 2101/1559/1678 2100/1560/1678 4489/1560/1678 4490/1559/1678
f 751/470/1679 750/472/1679 3139/472/1679 3140/470/1679
f 19/57/1680 18/58/1680 2407/58/1680 2408/57/1680
f 864/167/1681 863/165/1681 3252/165/1681 3253/167/1681
f 1809/1121/1682 1808/1122/1682 4197/1122/1682 4198/1121/1682
f 700/590/774 699/588/774 3088/588/774 3089/590/774
f 824/311/1683 823/318/1683 3212/318/1683 3213/311/1683
f 2189/1567/1684 2188/1563/1684 4577/1563/1684 4578/1567/1684
f 11/65/1685 10/66/1685 2399/66/1685 2400/65/1685
f 660/593/776 659/595/776 3048/595/776 3049/593/776
f 1801/1129/1686 1800/1130/1686 4189/1130/1686 4190/1129/1686
f 2093/1569/1687 2092/1570/1687 4481/1570/1687 4482/1569/1687
f 1087/295/1688 1086/291/1688 3475/291/1688 3476/295/1688
f 743/485/1689 742/487/1689 3131/487/1689 3132/485/1689
f 3/74/1690 2/76/1690 2391/76/1690 2392/74/1690
f 928/386/1691 927/388/1691 3316/388/1691 3317/386/1691
f 1825/1138/1692 1824/1137/1692 4213/1137/1692 4214/1138/1692
f 708/611/785 707/608/785 3096/608/785 3097/611/785
f 1016/276/1693 1015/278/1693 3404/278/1693 3405/276/1693
f 1793/41/1694 1792/1146/1694 4181/1146/1694 4182/41/1694
f 2085/1580/1695 2084/1581/1695 4473/1581/1695 4474/1580/1695
f 652/613/791 651/338/791 3040/338/791 3041/613/791
f 1008/298/1696 1007/300/1696 3396/300/1696 3397/298/1696
f 1095/78/1697 1094/312/1697 3483/312/1697 3484/78/1697
f 816/336/1698 815/340/1698 3204/340/1698 3205/336/1698
f 2077/1590/1699 2076/1591/1699 4465/1591/1699 4466/1590/1699
f 735/501/1700 734/503/1700 3123/503/1700 3124/501/1700
f 604/618/1701 603/615/1701 2992/615/1701 2993/618/1701
f 1833/1150/1702 1832/1149/1702 4221/1149/1702 4222/1150/1702
f 1439/715/1703 1438/714/1703 3827/714/1703 3828/715/1703
f 644/628/800 643/136/800 3032/136/800 3033/628/800
f 1841/1163/1704 1840/1161/1704 4229/1161/1704 4230/1163/1704
f 2069/1600/1705 2068/1601/1705 4457/1601/1705 4458/1600/1705
f 1785/1162/1706 1784/1164/1706 4173/1164/1706 4174/1162/1706
f 612/640/806 611/351/806 3000/351/806 3001/640/806
f 1024/252/1707 1023/255/1707 3412/255/1707 3413/252/1707
f 2061/1608/1708 2060/1609/1708 4449/1609/1708 4450/1608/1708
f 716/645/809 715/639/809 3104/639/809 3105/645/809
f 636/644/1709 635/647/1709 3024/647/1709 3025/644/1709
f 1032/230/1710 1031/233/1710 3420/233/1710 3421/230/1710
f 1849/1178/1711 1848/1176/1711 4237/1176/1711 4238/1178/1711
f 2197/1616/1712 2196/1599/1712 4585/1599/1712 4586/1616/1712
f 139/85/1713 138/86/1713 2527/86/1713 2528/85/1713
f 1000/315/1714 999/431/1714 3388/431/1714 3389/315/1714
f 1777/1179/1715 1776/1181/1715 4165/1181/1715 4166/1179/1715
f 2053/1617/1716 2052/1618/1716 4441/1618/1716 4442/1617/1716
f 596/629/821 595/653/821 2984/653/821 2985/629/821
f 2045/1626/1717 2044/1627/1717 4433/1627/1717 4434/1626/1717
f 1503/726/1718 1502/724/1718 3891/724/1718 3892/726/1718
f 1857/1193/1719 1856/1192/1719 4245/1192/1719 4246/1193/1719
f 808/356/1720 807/358/1720 3196/358/1720 3197/356/1720
f 1769/1194/1721 1768/1196/1721 4157/1196/1721 4158/1194/1721
f 1447/239/1722 1446/725/1722 3835/725/1722 3836/239/1722
f 2037/1637/1723 2036/1638/1723 4425/1638/1723 4426/1637/1723
f 628/659/836 627/661/836 3016/661/836 3017/659/836
f 2205/1649/1724 2204/1646/1724 4593/1646/1724 4594/1649/1724
f 936/371/1725 935/372/1725 3324/372/1725 3325/371/1725
f 1953/1199/1726 1952/1203/1726 4341/1203/1726 4342/1199/1726
f 2029/1648/1727 2028/1650/1727 4417/1650/1727 4418/1648/1727
f 131/93/1728 130/94/1728 2519/94/1728 2520/93/1728
f 620/663/845 619/660/845 3008/660/845 3009/663/845
f 1040/208/1729 1039/211/1729 3428/211/1729 3429/208/1729
f 1511/747/1730 1510/742/1730 3899/742/1730 3900/747/1730
f 992/417/1731 991/415/1731 3380/415/1731 3381/417/1731
f 2021/1660/1732 2020/1662/1732 4409/1662/1732 4410/1660/1732
f 1455/748/1733 1454/744/1733 3843/744/1733 3844/748/1733
f 1048/191/1734 1047/193/1734 3436/193/1734 3437/191/1734
f 1761/1217/1735 1760/1221/1735 4149/1221/1735 4150/1217/1735
f 1431/751/1736 1430/754/1736 3819/754/1736 3820/751/1736
f 800/500/1737 799/498/1737 3188/498/1737 3189/500/1737
f 1865/1222/1738 1864/1218/1738 4253/1218/1738 4254/1222/1738
f 2213/1672/1739 2212/1669/1739 4601/1669/1739 4602/1672/1739
f 1495/752/1740 1494/755/1740 3883/755/1740 3884/752/1740
f 1961/1225/1741 1960/1220/1741 4349/1220/1741 4350/1225/1741
f 2013/1673/1742 2012/1674/1742 4401/1674/1742 4402/1673/1742
f 1056/209/1743 1055/207/1743 3444/207/1743 3445/209/1743
f 1945/1232/1744 1944/1236/1744 4333/1236/1744 4334/1232/1744
f 724/676/862 723/675/862 3112/675/862 3113/676/862
f 792/483/1745 791/481/1745 3180/481/1745 3181/483/1745
f 1753/1242/1746 1752/1246/1746 4141/1246/1746 4142/1242/1746
f 2005/1685/1747 2004/1687/1747 4393/1687/1747 4394/1685/1747
f 1463/777/1748 1462/773/1748 3851/773/1748 3852/777/1748
f 123/101/1749 122/102/1749 2511/102/1749 2512/101/1749
f 784/467/1750 783/465/1750 3172/465/1750 3173/467/1750
f 1423/779/1751 1422/782/1751 3811/782/1751 3812/779/1751
f 564/689/868 563/687/868 2952/687/868 2953/689/868
f 1519/784/1752 1518/781/1752 3907/781/1752 3908/784/1752
f 776/451/1753 775/449/1753 3164/449/1753 3165/451/1753
f 1873/1258/1754 1872/1254/1754 4261/1254/1754 4262/1258/1754
f 2221/1694/1755 2220/1691/1755 4609/1691/1755 4610/1694/1755
f 1487/783/1756 1486/223/1756 3875/223/1756 3876/783/1756
f 572/698/873 571/237/873 2960/237/873 2961/698/873
f 1977/78/1757 1976/1259/1757 4365/1259/1757 4366/78/1757
f 1997/1698/1758 1996/1699/1758 4385/1699/1758 4386/1698/1758
f 588/696/876 587/700/876 2976/700/876 2977/696/876
f 1969/1266/1759 1968/1257/1759 4357/1257/1759 4358/1266/1759
f 984/401/1760 983/399/1760 3372/399/1760 3373/401/1760
f 1937/1271/1761 1936/1273/1761 4325/1273/1761 4326/1271/1761
f 580/708/884 579/707/884 2968/707/884 2969/708/884
f 1532/549/415 1531/550/415 3920/550/415 3921/549/415
f 1989/1710/1762 1988/1712/1762 4377/1712/1762 4378/1710/1762
f 844/166/1763 843/168/1763 3232/168/1763 3233/166/1763
f 852/150/1764 851/152/1764 3240/152/1764 3241/150/1764
f 944/331/1765 943/339/1765 3332/339/1765 3333/331/1765
f 1692/561/425 1691/562/425 4080/562/425 4081/561/425
f 1881/1282/1766 1880/1280/1766 4269/1280/1766 4270/1282/1766
f 2229/1718/1767 2228/1714/1767 4617/1714/1767 4618/1718/1767
f 115/109/1768 114/110/1768 2503/110/1768 2504/109/1768
f 900/357/1769 899/355/1769 3288/355/1769 3289/357/1769
f 1064/229/1200 1063/225/1200 3452/225/1200 3453/229/1200
f 1929/1286/1770 1928/1288/1770 4317/1288/1770 4318/1286/1770
f 1981/1722/1771 1980/1723/1771 4369/1723/1771 4370/1722/1771
f 976/385/1772 975/383/1772 3364/383/1772 3365/385/1772
f 1700/566/430 1699/565/430 4088/565/430 4089/566/430
f 768/436/1773 767/439/1773 3156/439/1773 3157/436/1773
f 1684/574/434 1683/576/434 4072/576/434 4073/574/434
f 892/337/1774 891/335/1774 3280/335/1774 3281/337/1774
f 1889/1296/1775 1888/1294/1775 4277/1294/1775 4278/1296/1775
f 2237/1731/1776 2236/1730/1776 4625/1730/1776 4626/1731/1776
f 1921/1301/1777 1920/1302/1777 4309/1302/1777 4310/1301/1777
f 54/9/1778 53/7/1778 2442/7/1778 2443/9/1778
f 908/426/1779 907/428/1779 3296/428/1779 3297/426/1779
f 1708/577/443 1707/575/443 4096/575/443 4097/577/443
f 46/8/1780 45/10/1780 2434/10/1780 2435/8/1780
f 884/310/1781 883/293/1781 3272/293/1781 3273/310/1781
f 1716/592/451 1715/590/451 4104/590/451 4105/592/451
f 1897/1313/1782 1896/1311/1782 4285/1311/1782 4286/1313/1782
f 836/187/1783 835/190/1783 3224/190/1783 3225/187/1783
f 952/178/1784 951/177/1784 3340/177/1784 3341/178/1784
f 1676/591/456 1675/593/456 4064/593/456 4065/591/456
f 1913/1316/1785 1912/1318/1785 4301/1318/1785 4302/1316/1785
f 62/25/1786 61/23/1786 2450/23/1786 2451/25/1786
f 107/117/1787 106/118/1787 2495/118/1787 2496/117/1787
f 968/368/1788 967/366/1788 3356/366/1788 3357/368/1788
f 38/24/1789 37/26/1789 2426/26/1789 2427/24/1789
f 1072/251/1790 1071/249/1790 3460/249/1790 3461/251/1790
f 876/227/1791 875/215/1791 3264/215/1791 3265/227/1791
f 760/452/1792 759/454/1792 3148/454/1792 3149/452/1792
f 1668/610/1793 1667/613/1793 4056/613/1793 4057/610/1793
f 1905/1329/1794 1904/1327/1794 4293/1327/1794 4294/1329/1794
f 2337/1336/1795 2336/1338/1795 4725/1338/1795 4726/1336/1795
f 70/40/1796 69/38/1796 2458/38/1796 2459/40/1796
f 916/410/1797 915/412/1797 3304/412/1797 3305/410/1797
f 1724/614/475 1723/611/475 4112/611/475 4113/614/475
f 30/41/1798 29/43/1798 2418/43/1798 2419/41/1798
f 860/159/1799 859/157/1799 3248/157/1799 3249/159/1799
f 960/316/1800 959/285/1800 3348/285/1800 3349/316/1800
f 1620/620/478 1619/618/478 4008/618/478 4009/620/478
f 2345/1339/1801 2344/1337/1801 4733/1337/1801 4734/1339/1801
f 828/263/1802 827/273/1802 3216/273/1802 3217/263/1802
f 1080/275/1803 1079/271/1803 3468/271/1803 3469/275/1803
f 1660/627/1804 1659/628/1804 4048/628/1804 4049/627/1804
f 2329/1349/1805 2328/1351/1805 4717/1351/1805 4718/1349/1805
f 752/468/1806 751/470/1806 3140/470/1806 3141/468/1806
f 22/54/1807 21/55/1807 2410/55/1807 2411/54/1807
f 99/125/1808 98/126/1808 2487/126/1808 2488/125/1808
f 868/174/1809 867/173/1809 3256/173/1809 3257/174/1809
f 1612/602/1810 1611/629/1810 4000/629/1810 4001/602/1810
f 2353/1360/1811 2352/1357/1811 4741/1357/1811 4742/1360/1811
f 2321/1363/1812 2320/1365/1812 4709/1365/1812 4710/1363/1812
f 14/62/1813 13/63/1813 2402/63/1813 2403/62/1813
f 1088/297/1814 1087/295/1814 3476/295/1814 3477/297/1814
f 744/484/1815 743/485/1815 3132/485/1815 3133/484/1815
f 6/70/1816 5/71/1816 2394/71/1816 2395/70/1816
f 924/394/1817 923/396/1817 3312/396/1817 3313/394/1817
f 2361/1375/1818 2360/1374/1818 4749/1374/1818 4750/1375/1818
f 820/327/1819 819/329/1819 3208/329/1819 3209/327/1819
f 2369/1383/1820 2368/1382/1820 4757/1382/1820 4758/1383/1820
f 142/82/1821 141/83/1821 2530/83/1821 2531/82/1821
f 2377/1391/1822 2376/1390/1822 4765/1390/1822 4766/1391/1822
f 134/90/1823 133/91/1823 2522/91/1823 2523/90/1823
f 736/499/1824 735/501/1824 3124/501/1824 3125/499/1824
f 2385/1399/1825 2384/1398/1825 4773/1398/1825 4774/1399/1825
f 126/98/1826 125/99/1826 2514/99/1826 2515/98/1826
f 1440/716/1827 1439/715/1827 3828/715/1827 3829/716/1827
f 2313/1405/1828 2312/1406/1828 4701/1406/1828 4702/1405/1828
f 118/106/1829 117/107/1829 2506/107/1829 2507/106/1829
f 91/133/1830 90/134/1830 2479/134/1830 2480/133/1830
f 1012/288/1831 1011/290/1831 3400/290/1831 3401/288/1831
f 1504/727/1832 1503/726/1832 3892/726/1832 3893/727/1832
f 1628/643/510 1627/640/510 4016/640/510 4017/643/510
f 110/114/1833 109/115/1833 2498/115/1833 2499/114/1833
f 1448/728/1834 1447/239/1834 3836/239/1834 3837/728/1834
f 1652/642/512 1651/644/512 4040/644/512 4041/642/512
f 2305/1413/1835 2304/1414/1835 4693/1414/1835 4694/1413/1835
f 102/122/1836 101/123/1836 2490/123/1836 2491/122/1836
f 1512/287/1837 1511/747/1837 3900/747/1837 3901/287/1837
f 94/130/1838 93/131/1838 2482/131/1838 2483/130/1838
f 1432/749/1839 1431/751/1839 3820/751/1839 3821/749/1839
f 2297/1421/1840 2296/1422/1840 4685/1422/1840 4686/1421/1840
f 86/138/1841 85/139/1841 2474/139/1841 2475/138/1841
f 78/146/1842 77/75/1842 2466/75/1842 2467/146/1842
f 932/378/1843 931/380/1843 3320/380/1843 3321/378/1843
f 1496/750/1844 1495/752/1844 3884/752/1844 3885/750/1844
f 2289/1429/1845 2288/1430/1845 4677/1430/1845 4678/1429/1845
f 270/149/1069 269/148/1069 2658/148/1069 2659/149/1069
f 1020/262/1846 1019/267/1846 3408/267/1846 3409/262/1846
f 262/160/1847 261/162/1847 2650/162/1847 2651/160/1847
f 1004/306/1848 1003/309/1848 3392/309/1848 3393/306/1848
f 1732/654/526 1731/645/526 4120/645/526 4121/654/526
f 2281/1437/1849 2280/1438/1849 4669/1438/1849 4670/1437/1849
f 1028/241/1850 1027/243/1850 3416/243/1850 3417/241/1850
f 1456/753/1851 1455/748/1851 3844/748/1851 3845/753/1851
f 1644/658/530 1643/659/530 4032/659/530 4033/658/530
f 83/141/1852 82/142/1852 2471/142/1852 2472/141/1852
f 812/347/1853 811/350/1853 3200/350/1853 3201/347/1853
f 1424/775/1854 1423/779/1854 3812/779/1854 3813/775/1854
f 2273/1445/1855 2272/1446/1855 4661/1446/1855 4662/1445/1855
f 278/165/1856 277/163/1856 2666/163/1856 2667/165/1856
f 1636/665/532 1635/663/532 4024/663/532 4025/665/532
f 366/177/1857 365/176/1857 2754/176/1857 2755/177/1857
f 1488/778/1858 1487/783/1858 3876/783/1858 3877/778/1858
f 1740/678/536 1739/676/536 4128/676/536 4129/678/536
f 2265/1453/1859 2264/1454/1859 4653/1454/1859 4654/1453/1859
f 254/180/1860 253/182/1860 2642/182/1860 2643/180/1860
f 1036/219/1861 1035/222/1861 3424/222/1861 3425/219/1861
f 1580/690/542 1579/689/542 3968/689/542 3969/690/542
f 2257/1461/1862 2256/1462/1862 4645/1462/1862 4646/1461/1862
f 996/425/1863 995/423/1863 3384/423/1863 3385/425/1863
f 1520/785/1864 1519/784/1864 3908/784/1864 3909/785/1864
f 1604/692/544 1603/696/544 3992/696/544 3993/692/544
f 267/150/1865 266/152/1865 2655/152/1865 2656/150/1865
f 1044/200/1866 1043/202/1866 3432/202/1866 3433/200/1866
f 1416/796/1867 1415/799/1867 3804/799/1867 3805/796/1867
f 2249/1468/1868 2248/1469/1868 4637/1469/1868 4638/1468/1868
f 804/507/1869 803/506/1869 3192/506/1869 3193/507/1869
f 1480/802/1870 1479/806/1870 3868/806/1870 3869/802/1870
f 1588/699/548 1587/698/548 3976/698/548 3977/699/548
f 286/184/1871 285/181/1871 2674/181/1871 2675/184/1871
f 1408/425/1872 1407/813/1872 3796/813/1872 3797/425/1872
f 2161/1476/1873 2160/1475/1873 4549/1475/1873 4550/1476/1873
f 275/159/1874 274/157/1874 2663/157/1874 2664/159/1874
f 1472/820/1875 1471/821/1875 3860/821/1875 3861/820/1875
f 1596/709/552 1595/708/552 3984/708/552 3985/709/552
f 2153/1488/672 2152/1490/672 4541/1490/672 4542/1488/672
f 462/193/1876 461/196/1876 2850/196/1876 2851/193/1876
f 259/166/1877 258/168/1877 2647/168/1877 2648/166/1877
f 1128/835/1878 1127/834/1878 3516/834/1878 3517/835/1878
f 1820/1111/1879 1819/1110/1879 4208/1110/1879 4209/1111/1879
f 470/207/1880 469/205/1880 2858/205/1880 2859/207/1880
f 1136/842/1881 1135/442/1881 3524/442/1881 3525/842/1881
f 1052/201/1882 1051/199/1882 3440/199/1882 3441/201/1882
f 1144/850/1883 1143/849/1883 3532/849/1883 3533/850/1883
f 1812/1118/1884 1811/1119/1884 4200/1119/1884 4201/1118/1884
f 2169/1491/1885 2168/1489/1885 4557/1489/1885 4558/1491/1885
f 454/211/1886 453/213/1886 2842/213/1886 2843/211/1886
f 283/174/1887 282/173/1887 2671/173/1887 2672/174/1887
f 940/363/1888 939/365/1888 3328/365/1888 3329/363/1888
f 1152/857/1889 1151/856/1889 3540/856/1889 3541/857/1889
f 2145/1503/1890 2144/1505/1890 4533/1505/1890 4534/1503/1890
f 478/225/1891 477/223/1891 2866/223/1891 2867/225/1891
f 251/187/1892 250/190/1892 2639/190/1892 2640/187/1892
f 796/492/1893 795/490/1893 3184/490/1893 3185/492/1893
f 1120/828/1894 1119/860/1894 3508/860/1894 3509/828/1894
f 1804/1126/1895 1803/1127/1895 4192/1127/1895 4193/1126/1895
f 446/233/1896 445/235/1896 2834/235/1896 2835/233/1896
f 1796/1136/1897 1795/1139/1897 4184/1139/1897 4185/1136/1897
f 2177/1509/1898 2176/1506/1898 4565/1506/1898 4566/1509/1898
f 467/201/1899 466/199/1899 2855/199/1899 2856/201/1899
f 988/409/1900 987/407/1900 3376/407/1900 3377/409/1900
f 1112/870/1901 1111/871/1901 3500/871/1901 3501/870/1901
f 2137/1516/1902 2136/1518/1902 4525/1518/1902 4526/1516/1902
f 246/237/1239 245/245/1239 2634/245/1239 2635/237/1239
f 459/200/1903 458/202/1903 2847/202/1903 2848/200/1903
f 788/475/1904 787/473/1904 3176/473/1904 3177/475/1904
f 1104/877/1905 1103/878/1905 3492/878/1905 3493/877/1905
f 2129/1529/1906 2128/1530/1906 4517/1530/1906 4518/1529/1906
f 780/459/1907 779/457/1907 3168/457/1907 3169/459/1907
f 1828/1143/1908 1827/1141/1908 4216/1141/1908 4217/1143/1908
f 1200/327/1909 1199/890/1909 3588/890/1909 3589/327/1909
f 1836/1156/1910 1835/1154/1910 4224/1154/1910 4225/1156/1910
f 475/220/1191 474/218/1191 2863/218/1191 2864/220/1191
f 772/443/1911 771/441/1911 3160/441/1911 3161/443/1911
f 1208/898/1912 1207/897/1912 3596/897/1912 3597/898/1912
f 1788/1155/1913 1787/1158/1913 4176/1158/1913 4177/1155/1913
f 2185/1531/1914 2184/1528/1914 4573/1528/1914 4574/1531/1914
f 451/219/1915 450/222/1915 2839/222/1915 2840/219/1915
f 1216/905/1916 1215/904/1916 3604/904/1916 3605/905/1916
f 2121/1540/1917 2120/1541/1917 4509/1541/1917 4510/1540/1917
f 486/249/1918 485/246/1918 2874/246/1918 2875/249/1918
f 1060/220/1919 1059/218/1919 3448/218/1919 3449/220/1919
f 1400/909/1920 1399/916/1920 3788/916/1920 3789/909/1920
f 980/393/1921 979/391/1921 3368/391/1921 3369/393/1921
f 1224/917/1922 1223/915/1922 3612/915/1922 3613/917/1922
f 1844/1168/1923 1843/1167/1923 4232/1167/1923 4233/1168/1923
f 2113/1547/1924 2112/1548/1924 4501/1548/1924 4502/1547/1924
f 1192/927/1925 1191/928/1925 3580/928/1925 3581/927/1925
f 1780/1173/1926 1779/1175/1926 4168/1175/1926 4169/1173/1926
f 291/227/1927 290/215/1927 2679/215/1927 2680/227/1927
f 2105/1555/1928 2104/1556/1928 4493/1556/1928 4494/1555/1928
f 371/231/1929 370/210/1929 2759/210/1929 2760/231/1929
f 948/286/1930 947/307/1930 3336/307/1930 3337/286/1930
f 1184/934/1931 1183/935/1931 3572/935/1931 3573/934/1931
f 294/256/1932 293/244/1932 2682/244/1932 2683/256/1932
f 483/240/1933 482/238/1933 2871/238/1933 2872/240/1933
f 972/377/1934 971/375/1934 3360/375/1934 3361/377/1934
f 1852/1184/1935 1851/1182/1935 4240/1182/1935 4241/1184/1935
f 2097/1564/1936 2096/1565/1936 4485/1565/1936 4486/1564/1936
f 438/255/1937 437/258/1937 2826/258/1937 2827/255/1937
f 443/241/1938 442/243/1938 2831/243/1938 2832/241/1938
f 1068/240/1939 1067/238/1939 3456/238/1939 3457/240/1939
f 1176/942/1940 1175/943/1940 3564/943/1940 3565/942/1940
f 1772/1189/1941 1771/1191/1941 4160/1191/1941 4161/1189/1941
f 491/261/1942 490/259/1942 2879/259/1942 2880/261/1942
f 764/444/1943 763/446/1943 3152/446/1943 3153/444/1943
f 2089/1574/1944 2088/1576/1944 4477/1576/1944 4478/1574/1944
f 494/271/1945 493/268/1945 2882/268/1945 2883/271/1945
f 435/262/1946 434/267/1946 2823/267/1946 2824/262/1946
f 1168/949/1947 1167/950/1947 3556/950/1947 3557/949/1947
f 430/278/1948 429/280/1948 2818/280/1948 2819/278/1948
f 243/263/1949 242/273/1949 2631/273/1949 2632/263/1949
f 2193/1584/1950 2192/1579/1950 4581/1579/1950 4582/1584/1950
f 374/285/1951 373/265/1951 2762/265/1951 2763/285/1951
f 964/349/1952 963/338/1952 3352/338/1952 3353/349/1952
f 1160/956/1953 1159/957/1953 3548/957/1953 3549/956/1953
f 2081/1585/1954 2080/1586/1954 4469/1586/1954 4470/1585/1954
f 502/295/1955 501/291/1955 2890/291/1955 2891/295/1955
f 1860/1201/1956 1859/1197/1956 4248/1197/1956 4249/1201/1956
f 422/300/1957 421/302/1957 2810/302/1957 2811/300/1957
f 1392/962/1958 1391/963/1958 3780/963/1958 3781/962/1958
f 1956/1204/1959 1955/1198/1959 4344/1198/1959 4345/1204/1959
f 2073/1595/1960 2072/1596/1960 4461/1596/1960 4462/1595/1960
f 510/78/1961 509/312/1961 2898/312/1961 2899/78/1961
f 956/231/1962 955/210/1962 3344/210/1962 3345/231/1962
f 1384/974/1963 1383/976/1963 3772/976/1963 3773/974/1963
f 1764/1209/1964 1763/1211/1964 4152/1211/1964 4153/1209/1964
f 238/318/1965 237/321/1965 2626/321/1965 2627/318/1965
f 1076/261/1966 1075/259/1966 3464/259/1966 3465/261/1966
f 2065/1604/1967 2064/1605/1967 4453/1605/1967 4454/1604/1967
f 499/287/1968 498/281/1968 2887/281/1968 2888/287/1968
f 756/460/1969 755/462/1969 3144/462/1969 3145/460/1969
f 427/288/1970 426/290/1970 2815/290/1970 2816/288/1970
f 1948/1219/1971 1947/1223/1971 4336/1223/1971 4337/1219/1971
f 2057/1612/1972 2056/1613/1972 4445/1613/1972 4446/1612/1972
f 302/323/1973 301/320/1973 2690/320/1973 2691/323/1973
f 1240/980/1974 1239/147/1974 3628/147/1974 3629/980/1974
f 230/340/1975 229/342/1975 2618/342/1975 2619/340/1975
f 1084/287/1976 1083/281/1976 3472/281/1976 3473/287/1976
f 1376/987/1977 1375/988/1977 3764/988/1977 3765/987/1977
f 2049/1621/1978 2048/1622/1978 4437/1622/1978 4438/1621/1978
f 748/476/1979 747/478/1979 3136/478/1979 3137/476/1979
f 1868/1235/1980 1867/1231/1980 4256/1231/1980 4257/1235/1980
f 1756/1233/1981 1755/1237/1981 4144/1237/1981 4145/1233/1981
f 310/345/1982 309/343/1982 2698/343/1982 2699/345/1982
f 1248/1001/1983 1247/998/1983 3636/998/1983 3637/1001/1983
f 2041/1631/1984 2040/1633/1984 4429/1633/1984 4430/1631/1984
f 358/339/1985 357/346/1985 2746/346/1985 2747/339/1985
f 1092/305/1986 1091/303/1986 3480/303/1986 3481/305/1986
f 1320/1002/1987 1319/999/1987 3708/999/1987 3709/1002/1987
f 507/305/1988 506/303/1988 2895/303/1988 2896/305/1988
f 740/491/1989 739/493/1989 3128/493/1989 3129/491/1989
f 1368/1003/1990 1367/1006/1990 3756/1006/1990 3757/1003/1990
f 1964/1238/1991 1963/1234/1991 4352/1234/1991 4353/1238/1991
f 2201/1636/1992 2200/1632/1992 4589/1632/1992 4590/1636/1992
f 1444/720/1993 1443/719/1993 3832/719/1993 3833/720/1993
f 1360/1022/1994 1359/1024/1994 3748/1024/1994 3749/1022/1994
f 1748/1256/1995 1747/77/1995 4136/77/1995 4137/1256/1995
f 2033/1642/1996 2032/1644/1996 4421/1644/1996 4422/1642/1996
f 222/358/1997 221/360/1997 2610/360/1997 2611/358/1997
f 363/286/1998 362/307/1998 2751/307/1998 2752/286/1998
f 1508/735/1999 1507/733/1999 3896/733/1999 3897/735/1999
f 1328/1027/2000 1327/1023/2000 3716/1023/2000 3717/1027/2000
f 1747/77/2001 1977/78/2001 4366/78/2001 4136/77/2001
f 221/360/2002 316/359/2002 2705/359/2002 2610/360/2002
f 1452/737/2003 1451/734/2003 3840/734/2003 3841/737/2003
f 1972/1263/2004 1971/1264/2004 4360/1264/2004 4361/1263/2004
f 2025/1654/2005 2024/1656/2005 4413/1656/2005 4414/1654/2005
f 382/366/2006 381/364/2006 2770/364/2006 2771/366/2006
f 419/306/2007 418/309/2007 2807/309/2007 2808/306/2007
f 1500/722/2008 1499/254/2008 3888/254/2008 3889/722/2008
f 1940/1255/2009 1939/1267/2009 4328/1267/2009 4329/1255/2009
f 350/372/2010 349/374/2010 2738/374/2010 2739/372/2010
f 2209/1661/2011 2208/1658/2011 4597/1658/2011 4598/1661/2011
f 299/310/2012 298/293/2012 2687/293/2012 2688/310/2012
f 1436/739/2013 1435/740/2013 3824/740/2013 3825/739/2013
f 2017/1667/2014 2016/1668/2014 4405/1668/2014 4406/1667/2014
f 1256/1036/2015 1255/1031/2015 3644/1031/2015 3645/1036/2015
f 1876/1272/2016 1875/1270/2016 4264/1270/2016 4265/1272/2016
f 390/383/2017 389/381/2017 2778/381/2017 2779/383/2017
f 235/327/2018 234/329/2018 2623/329/2018 2624/327/2018
f 1352/1038/2019 1351/1040/2019 3740/1040/2019 3741/1038/2019
f 1932/1281/2020 1931/107/2020 4320/107/2020 4321/1281/2020
f 342/388/2021 341/390/2021 2730/390/2021 2731/388/2021
f 1336/1048/2022 1335/1046/2022 3724/1046/2022 3725/1048/2022
f 2009/1679/2023 2008/1681/2023 4397/1681/2023 4398/1679/2023
f 1428/762/2024 1427/765/2024 3816/765/2024 3817/762/2024
f 1344/1054/2025 1343/361/2025 3732/361/2025 3733/1054/2025
f 307/337/2026 306/335/2026 2695/335/2026 2696/337/2026
f 1312/1060/2027 1311/1063/2027 3700/1063/2027 3701/1060/2027
f 1884/1287/2028 1883/1285/2028 4272/1285/2028 4273/1287/2028
f 2217/1683/2029 2216/1680/2029 4605/1680/2029 4606/1683/2029
f 398/399/2030 397/397/2030 2786/397/2030 2787/399/2030
f 379/349/2031 378/338/2031 2767/338/2031 2768/349/2031
f 1492/763/2032 1491/767/2032 3880/767/2032 3881/763/2032
f 1924/1295/2033 1923/1297/2033 4312/1297/2033 4313/1295/2033
f 2001/1692/2034 2000/1693/2034 4389/1693/2034 4390/1692/2034
f 334/404/2035 333/406/2035 2722/406/2035 2723/404/2035
f 227/347/2036 226/350/2036 2615/350/2036 2616/347/2036
f 1264/1068/2037 1263/1067/2037 3652/1067/2037 3653/1068/2037
f 1460/208/2038 1459/764/2038 3848/764/2038 3849/208/2038
f 2225/1705/2039 2224/1703/2039 4613/1703/2039 4614/1705/2039
f 406/415/2040 405/413/2040 2794/413/2040 2795/415/2040
f 315/357/2041 314/355/2041 2703/355/2041 2704/357/2041
f 1516/771/2042 1515/766/2042 3904/766/2042 3905/771/2042
f 1272/1080/2043 1271/1078/2043 3660/1078/2043 3661/1080/2043
f 1892/1303/2044 1891/1300/2044 4280/1300/2044 4281/1303/2044
f 1993/1704/2045 1992/1706/2045 4381/1706/2045 4382/1704/2045
f 326/420/2046 325/422/2046 2714/422/2046 2715/420/2046
f 355/363/2047 354/365/2047 2743/365/2047 2744/363/2047
f 1420/786/2048 1419/788/2048 3808/788/2048 3809/786/2048
f 1304/426/2049 1303/1083/2049 3692/1083/2049 3693/426/2049
f 1916/1310/2050 1915/1312/2050 4304/1312/2050 4305/1310/2050
f 1484/790/2051 1483/794/2051 3872/794/2051 3873/790/2051
f 1985/1716/2052 1984/1717/2052 4373/1717/2052 4374/1716/2052
f 414/431/2053 413/429/2053 2802/429/2053 2803/431/2053
f 387/377/2054 386/375/2054 2775/375/2054 2776/377/2054
f 1280/1091/2055 1279/1089/2055 3668/1089/2055 3669/1091/2055
f 1900/1319/2056 1899/1317/2056 4288/1317/2056 4289/1319/2056
f 318/434/2057 317/435/2057 2706/435/2057 2707/434/2057
f 347/378/2058 346/380/2058 2735/380/2058 2736/378/2058
f 1524/798/2059 1523/795/2059 3912/795/2059 3913/798/2059
f 1908/583/2060 1907/1326/2060 4296/1326/2060 4297/583/2060
f 2233/1727/2061 2232/1726/2061 4621/1726/2061 4622/1727/2061
f 317/435/2062 414/431/2062 2803/431/2062 2706/435/2062
f 1412/805/2063 1411/807/2063 3800/807/2063 3801/805/2063
f 1296/1100/2064 1295/1103/2064 3684/1103/2064 3685/1100/2064
f 2340/1330/2065 2339/1333/2065 4728/1333/2065 4729/1330/2065
f 2241/1735/2066 2240/1734/2066 4629/1734/2066 4630/1735/2066
f 182/439/2067 181/440/2067 2570/440/2067 2571/439/2067
f 1476/812/2068 1475/815/2068 3864/815/2068 3865/812/2068
f 395/393/2069 394/391/2069 2783/391/2069 2784/393/2069
f 1404/817/2070 1403/819/2070 3792/819/2070 3793/817/2070
f 1288/1104/2071 1287/1102/2071 3676/1102/2071 3677/1104/2071
f 339/394/2072 338/396/2072 2727/396/2072 2728/394/2072
f 1468/824/2073 1467/825/2073 3856/825/2073 3857/824/2073
f 1552/511/733 1551/510/733 3940/510/733 3941/511/733
f 2332/1344/2074 2331/1346/2074 4720/1346/2074 4721/1344/2074
f 190/449/2075 189/447/2075 2578/447/2075 2579/449/2075
f 1124/831/2076 1123/830/2076 3512/830/2076 3513/831/2076
f 1560/519/737 1559/518/737 3948/518/737 3949/519/737
f 174/454/2077 173/456/2077 2562/456/2077 2563/454/2077
f 1132/839/2078 1131/838/2078 3520/838/2078 3521/839/2078
f 1568/527/740 1567/525/740 3956/525/740 3957/527/740
f 403/409/2079 402/407/2079 2791/407/2079 2792/409/2079
f 1140/846/2080 1139/845/2080 3528/845/2080 3529/846/2080
f 1544/532/744 1543/534/744 3932/534/744 3933/532/744
f 2348/1347/2081 2347/1345/2081 4736/1345/2081 4737/1347/2081
f 331/410/2082 330/412/2082 2719/412/2082 2720/410/2082
f 1148/451/2083 1147/853/2083 3536/853/2083 3537/451/2083
f 2324/1358/2084 2323/1359/2084 4712/1359/2084 4713/1358/2084
f 198/465/2085 197/463/2085 2586/463/2085 2587/465/2085
f 1156/863/2086 1155/861/2086 3544/861/2086 3545/863/2086
f 166/470/2087 165/472/2087 2554/472/2087 2555/470/2087
f 1116/866/2088 1115/867/2088 3504/867/2088 3505/866/2088
f 1536/545/2089 1535/546/2089 3924/546/2089 3925/545/2089
f 411/425/2090 410/423/2090 2799/423/2090 2800/425/2090
f 2356/1366/2091 2355/1364/2091 4744/1364/2091 4745/1366/2091
f 323/426/2092 322/428/2092 2711/428/2092 2712/426/2092
f 1108/873/2093 1107/874/2093 3496/874/2093 3497/873/2093
f 1528/553/758 1527/554/758 3916/554/758 3917/553/758
f 2364/1378/2094 2363/1377/2094 4752/1377/2094 4753/1378/2094
f 206/481/2095 205/479/2095 2594/479/2095 2595/481/2095
f 2372/1386/2096 2371/1385/2096 4760/1385/2096 4761/1386/2096
f 158/485/2097 157/487/2097 2546/487/2097 2547/485/2097
f 1100/881/2098 1099/882/2098 3488/882/2098 3489/881/2098
f 1696/555/764 1695/558/764 4084/558/764 4085/555/764
f 2380/1394/2099 2379/1393/2099 4768/1393/2099 4769/1394/2099
f 187/443/2100 186/441/2100 2575/441/2100 2576/443/2100
f 2388/1402/2101 2387/1401/2101 4776/1401/2101 4777/1402/2101
f 179/444/2102 178/446/2102 2567/446/2102 2568/444/2102
f 1196/887/2103 1195/886/2103 3584/886/2103 3585/887/2103
f 1688/567/772 1687/569/772 4076/569/772 4077/567/772
f 2316/1372/2104 2315/1403/2104 4704/1403/2104 4705/1372/2104
f 214/498/2105 213/496/2105 2602/496/2105 2603/498/2105
f 1204/894/2106 1203/893/2106 3592/893/2106 3593/894/2106
f 150/501/2107 149/503/2107 2538/503/2107 2539/501/2107
f 1212/902/2108 1211/901/2108 3600/901/2108 3601/902/2108
f 2308/1410/2109 2307/1411/2109 4696/1411/2109 4697/1410/2109
f 195/459/2110 194/457/2110 2583/457/2110 2584/459/2110
f 1220/912/2111 1219/908/2111 3608/908/2111 3609/912/2111
f 1704/571/779 1703/570/779 4092/570/779 4093/571/779
f 171/460/2112 170/462/2112 2559/462/2112 2560/460/2112
f 1228/921/2113 1227/919/2113 3616/919/2113 3617/921/2113
f 1712/584/782 1711/582/782 4100/582/782 4101/584/782
f 2300/1418/2114 2299/1419/2114 4688/1419/2114 4689/1418/2114
f 542/516/1163 541/515/1163 2930/515/1163 2931/516/1163
f 1188/931/2115 1187/354/2115 3576/354/2115 3577/931/2115
f 1680/583/787 1679/585/787 4068/585/787 4069/583/787
f 550/524/1165 549/523/1165 2938/523/1165 2939/524/1165
f 2292/1426/1248 2291/1427/1248 4680/1427/1248 4681/1426/1248
f 534/526/1170 533/528/1170 2922/528/1170 2923/526/1170
f 203/475/2116 202/473/2116 2591/473/2116 2592/475/2116
f 1180/938/2117 1179/939/2117 3568/939/2117 3569/938/2117
f 163/476/2118 162/478/2118 2551/478/2118 2552/476/2118
f 1720/600/797 1719/598/797 4108/598/797 4109/600/797
f 2284/1434/2119 2283/1435/2119 4672/1435/2119 4673/1434/2119
f 558/537/2120 557/535/2120 2946/535/2120 2947/537/2120
f 1172/945/2121 1171/946/2121 3560/946/2121 3561/945/2121
f 1672/599/801 1671/601/801 4060/601/801 4061/599/801
f 526/538/1182 525/539/1182 2914/539/1182 2915/538/1182
f 2276/1442/2122 2275/1443/2122 4664/1443/2122 4665/1442/2122
f 211/492/2123 210/490/2123 2599/490/2123 2600/492/2123
f 1164/953/2124 1163/954/2124 3552/954/2124 3553/953/2124
f 155/491/2125 154/493/2125 2543/493/2125 2544/491/2125
f 1616/609/810 1615/606/810 4004/606/810 4005/609/810
f 2268/1450/2126 2267/1451/2126 4656/1451/2126 4657/1450/2126
f 518/548/1192 517/549/1192 2906/549/1192 2907/548/1192
f 1396/959/2127 1395/403/2127 3784/403/2127 3785/959/2127
f 1664/619/814 1663/621/814 4052/621/814 4053/619/814
f 1388/966/2128 1387/968/2128 3776/968/2128 3777/966/2128
f 2260/1458/2129 2259/1459/2129 4648/1459/2129 4649/1458/2129
f 678/560/1197 677/561/1197 3066/561/1197 3067/560/1197
f 219/507/2130 218/506/2130 2607/506/2130 2608/507/2130
f 539/513/1134 538/512/1134 2927/512/1134 2928/513/1134
f 1728/630/824 1727/625/824 4116/625/824 4117/630/824
f 2252/381/2131 2251/1466/2131 4640/1466/2131 4641/381/2131
f 686/568/1204 685/566/1204 3074/566/1204 3075/568/1204
f 547/521/1137 546/520/1137 2935/520/1137 2936/521/1137
f 1236/973/2132 1235/971/2132 3624/971/2132 3625/973/2132
f 1624/632/827 1623/631/827 4012/631/827 4013/632/827
f 670/573/1208 669/574/1208 3058/574/1208 3059/573/1208
f 555/41/1141 554/530/1141 2943/530/1141 2944/41/1141
f 1380/979/2133 1379/981/2133 3768/981/2133 3769/979/2133
f 1656/636/2134 1655/637/2134 4044/637/2134 4045/636/2134
f 2164/1481/33 2163/1479/33 4552/1479/33 4553/1481/33
f 531/442/1145 530/531/1145 2919/531/1145 2920/442/1145
f 2156/1482/2135 2155/1484/2135 4544/1484/2135 4545/1482/2135
f 1648/650/838 1647/652/838 4036/652/838 4037/650/838
f 694/578/1218 693/577/1218 3082/577/1218 3083/578/1218
f 523/543/1151 522/544/1151 2911/544/1151 2912/543/1151
f 662/589/1223 661/591/1223 3050/591/1223 3051/589/1223
f 1244/989/2136 1243/986/2136 3632/986/2136 3633/989/2136
f 1632/655/843 1631/651/843 4020/651/843 4021/655/843
f 2172/1497/2137 2171/1495/2137 4560/1495/2137 4561/1497/2137
f 515/551/1161 514/552/1161 2903/552/1161 2904/551/1161
f 1372/993/2138 1371/997/2138 3760/997/2138 3761/993/2138
f 1640/664/2139 1639/666/2139 4028/666/2139 4029/664/2139
f 2148/1498/2140 2147/1500/2140 4536/1500/2140 4537/1498/2140
f 702/594/1229 701/592/1229 3090/592/1229 3091/594/1229
f 683/557/1167 682/556/1167 3071/556/1167 3072/557/1167
f 1736/673/850 1735/671/850 4124/671/850 4125/673/850
f 598/603/1233 597/602/1233 2986/602/1233 2987/603/1233
f 675/563/1172 674/564/1172 3063/564/1172 3064/563/1172
f 1324/1014/2141 1323/1011/2141 3712/1011/2141 3713/1014/2141
f 1608/677/854 1607/681/854 3996/681/854 3997/677/854
f 2140/1512/2142 2139/1513/2142 4528/1513/2142 4529/1512/2142
f 1364/1013/2143 1363/1015/2143 3752/1015/2143 3753/1013/2143
f 1252/167/2144 1251/1012/2144 3640/1012/2144 3641/167/2144
f 2180/1517/2145 2179/1514/2145 4568/1514/2145 4569/1517/2145
f 654/607/1244 653/610/1244 3042/610/1244 3043/607/1244
f 691/239/1186 690/572/1186 3079/572/1186 3080/239/1186
f 1316/995/2146 1315/1020/2146 3704/1020/2146 3705/995/2146
f 1744/683/2147 1743/682/2147 4132/682/2147 4133/683/2147
f 2132/1524/2148 2131/1526/2148 4520/1526/2148 4521/1524/2148
f 667/579/1189 666/581/1189 3055/581/1189 3056/579/1189
f 2124/1537/2149 2123/1538/2149 4512/1538/2149 4513/1537/2149
f 2116/1545/2150 2115/147/2150 4504/147/2150 4505/1545/2150
f 699/588/1623 698/586/1623 3087/586/1623 3088/588/1623
f 1584/695/872 1583/694/872 3972/694/872 3973/695/872
f 710/617/1257 709/614/1257 3098/614/1257 3099/617/1257
f 659/595/1201 658/597/1201 3047/597/1201 3048/595/1201
f 1356/178/2151 1355/1032/2151 3744/1032/2151 3745/178/2151
f 2108/1552/2152 2107/1553/2152 4496/1553/2152 4497/1552/2152
f 1332/1037/2153 1331/1034/2153 3720/1034/2153 3721/1037/2153
f 1592/704/878 1591/703/878 3980/703/878 3981/704/878
f 1348/1047/2154 1347/1049/2154 3736/1049/2154 3737/1047/2154
f 1600/710/881 1599/713/881 3988/713/881 3989/710/881
f 2100/1560/2155 2099/1561/2155 4488/1561/2155 4489/1560/2155
f 707/608/1214 706/604/1214 3095/604/1214 3096/608/1214
f 1340/1057/2156 1339/1055/2156 3728/1055/2156 3729/1057/2156
f 1816/704/2157 1815/1115/2157 4204/1115/2157 4205/704/2157
f 606/623/1269 605/620/1269 2994/620/1269 2995/623/1269
f 603/615/1216 602/612/1216 2991/612/1216 2992/615/1216
f 2188/1563/2158 2187/1536/2158 4576/1536/2158 4577/1563/2158
f 651/338/1220 650/616/1220 3039/616/1220 3040/338/1220
f 1260/1062/2159 1259/1061/2159 3648/1061/2159 3649/1062/2159
f 1808/1122/2160 1807/1123/2160 4196/1123/2160 4197/1122/2160
f 2092/1570/2161 2091/1572/2161 4480/1572/2161 4481/1570/2161
f 646/624/1274 645/627/1274 3034/627/1274 3035/624/1274
f 1268/1073/2162 1267/1072/2162 3656/1072/2162 3657/1073/2162
f 1800/1130/2163 1799/1131/2163 4188/1131/2163 4189/1130/2163
f 2084/1581/2164 2083/1582/2164 4472/1582/2164 4473/1581/2164
f 638/641/2165 637/642/2165 3026/642/2165 3027/641/2165
f 643/136/1227 642/633/1227 3031/633/1227 3032/136/1227
f 1308/1071/2166 1307/1074/2166 3696/1074/2166 3697/1071/2166
f 1824/1137/2167 1823/1135/2167 4212/1135/2167 4213/1137/2167
f 2076/1591/2168 2075/1592/2168 4464/1592/2168 4465/1591/2168
f 614/646/1283 613/643/1283 3002/643/1283 3003/646/1283
f 1276/1085/2169 1275/1084/2169 3664/1084/2169 3665/1085/2169
f 1792/1146/2170 1791/1148/2170 4180/1148/2170 4181/1146/2170
f 630/656/1286 629/658/1286 3018/658/1286 3019/656/1286
f 611/351/1237 610/635/1237 2999/635/1237 3000/351/1237
f 1300/1090/2171 1299/1093/2171 3688/1093/2171 3689/1090/2171
f 715/639/1240 714/634/1240 3103/634/1240 3104/639/1240
f 2196/1599/2172 2195/1593/2172 4584/1593/2172 4585/1599/2172
f 622/668/1291 621/665/1291 3010/665/1291 3011/668/1291
f 635/647/2173 634/648/2173 3023/648/2173 3024/647/2173
f 1284/1097/2174 1283/1096/2174 3672/1096/2174 3673/1097/2174
f 1832/1149/2175 1831/1147/2175 4220/1147/2175 4221/1149/2175
f 2068/1601/2176 2067/1602/2176 4456/1602/2176 4457/1601/2176
f 718/669/2177 717/654/2177 3106/654/2177 3107/669/2177
f 726/679/1298 725/678/1298 3114/678/1298 3115/679/1298
f 619/660/1247 618/657/1247 3007/657/1247 3008/660/1247
f 1292/1109/2178 1291/351/2178 3680/351/2178 3681/1109/2178
f 1840/1161/2179 1839/19/2179 4228/19/2179 4229/1161/2179
f 2060/1609/2180 2059/1610/2180 4448/1610/2180 4449/1609/2180
f 627/661/1249 626/662/1249 3015/662/1249 3016/661/1249
f 1556/515/393 1555/514/393 3944/514/393 3945/515/393
f 1784/1164/2181 1783/1166/2181 4172/1166/2181 4173/1164/2181
f 566/691/1303 565/690/1303 2954/690/1303 2955/691/1303
